solid OpenSCAD_Model
  facet normal 0.19019118017454315 -0.9817470728165245 0
    outer loop
      vertex -57.79179719090462 7.720119088888168 1.99
      vertex -57.92985824495554 7.693372897803783 4.3999999999999995
      vertex -57.92985824495554 7.693372897803783 1.99
    endloop
  endfacet
  facet normal 0.19019118017454315 -0.9817470728165245 0
    outer loop
      vertex -57.79179719090462 7.720119088888168 1.99
      vertex -57.79179719090462 7.720119088888168 4.3999999999999995
      vertex -57.92985824495554 7.693372897803783 4.3999999999999995
    endloop
  endfacet
  facet normal 0.2383185209328211 -0.971187048194318 0
    outer loop
      vertex -57.62067873030901 7.762109659612179 1.99
      vertex -57.79179719090462 7.720119088888168 4.3999999999999995
      vertex -57.79179719090462 7.720119088888168 1.99
    endloop
  endfacet
  facet normal 0.2383185209328211 -0.971187048194318 0
    outer loop
      vertex -57.62067873030901 7.762109659612179 1.99
      vertex -57.62067873030901 7.762109659612179 4.3999999999999995
      vertex -57.79179719090462 7.720119088888168 4.3999999999999995
    endloop
  endfacet
  facet normal 0.26774720671403635 -0.9634891972911949 0
    outer loop
      vertex -57.41054563969374 7.820504240691662 1.99
      vertex -57.62067873030901 7.762109659612179 4.3999999999999995
      vertex -57.62067873030901 7.762109659612179 1.99
    endloop
  endfacet
  facet normal 0.26774720671403635 -0.9634891972911949 0
    outer loop
      vertex -57.41054563969374 7.820504240691662 1.99
      vertex -57.41054563969374 7.820504240691662 4.3999999999999995
      vertex -57.62067873030901 7.762109659612179 4.3999999999999995
    endloop
  endfacet
  facet normal 0.28707438829154813 -0.9579082918458496 0
    outer loop
      vertex -57.157119028270245 7.896453358232975 1.99
      vertex -57.41054563969374 7.820504240691662 4.3999999999999995
      vertex -57.41054563969374 7.820504240691662 1.99
    endloop
  endfacet
  facet normal 0.28707438829154813 -0.9579082918458496 0
    outer loop
      vertex -57.157119028270245 7.896453358232975 1.99
      vertex -57.157119028270245 7.896453358232975 4.3999999999999995
      vertex -57.41054563969374 7.820504240691662 4.3999999999999995
    endloop
  endfacet
  facet normal 0.30040638280992643 -0.9538113048014562 0
    outer loop
      vertex -56.856758043169975 7.991053156554699 1.99
      vertex -57.157119028270245 7.896453358232975 4.3999999999999995
      vertex -57.157119028270245 7.896453358232975 1.99
    endloop
  endfacet
  facet normal 0.30040638280992643 -0.9538113048014562 0
    outer loop
      vertex -56.856758043169975 7.991053156554699 1.99
      vertex -56.856758043169975 7.991053156554699 4.3999999999999995
      vertex -57.157119028270245 7.896453358232975 4.3999999999999995
    endloop
  endfacet
  facet normal 0.3099305313283353 -0.9507592049254826 0
    outer loop
      vertex -56.506104946136475 8.105359807610512 1.99
      vertex -56.856758043169975 7.991053156554699 4.3999999999999995
      vertex -56.856758043169975 7.991053156554699 1.99
    endloop
  endfacet
  facet normal 0.3099305313283353 -0.9507592049254826 0
    outer loop
      vertex -56.506104946136475 8.105359807610512 1.99
      vertex -56.506104946136475 8.105359807610512 4.3999999999999995
      vertex -56.856758043169975 7.991053156554699 4.3999999999999995
    endloop
  endfacet
  facet normal 0.31691038964546353 -0.9484554838972469 0
    outer loop
      vertex -56.10194267332554 8.240403808653355 1.99
      vertex -56.506104946136475 8.105359807610512 4.3999999999999995
      vertex -56.506104946136475 8.105359807610512 1.99
    endloop
  endfacet
  facet normal 0.31691038964546353 -0.9484554838972469 0
    outer loop
      vertex -56.10194267332554 8.240403808653355 1.99
      vertex -56.10194267332554 8.240403808653355 4.3999999999999995
      vertex -56.506104946136475 8.105359807610512 4.3999999999999995
    endloop
  endfacet
  facet normal 0.3221223527586747 -0.9466980457639151 0
    outer loop
      vertex -55.64113023132086 8.397199302911758 1.99
      vertex -56.10194267332554 8.240403808653355 4.3999999999999995
      vertex -56.10194267332554 8.240403808653355 1.99
    endloop
  endfacet
  facet normal 0.3221223527586747 -0.9466980457639151 0
    outer loop
      vertex -55.64113023132086 8.397199302911758 1.99
      vertex -55.64113023132086 8.397199302911758 4.3999999999999995
      vertex -56.10194267332554 8.240403808653355 4.3999999999999995
    endloop
  endfacet
  facet normal 0.32606738138314195 -0.9453465305367872 0
    outer loop
      vertex -55.120570570230484 8.57674989104271 1.99
      vertex -55.64113023132086 8.397199302911758 4.3999999999999995
      vertex -55.64113023132086 8.397199302911758 1.99
    endloop
  endfacet
  facet normal 0.32606738138314195 -0.9453465305367872 0
    outer loop
      vertex -55.120570570230484 8.57674989104271 1.99
      vertex -55.120570570230484 8.57674989104271 4.3999999999999995
      vertex -55.64113023132086 8.397199302911758 4.3999999999999995
    endloop
  endfacet
  facet normal 0.3290815539086888 -0.9443015042225882 0
    outer loop
      vertex -54.537193432450294 8.780052177608013 1.99
      vertex -55.120570570230484 8.57674989104271 4.3999999999999995
      vertex -55.120570570230484 8.57674989104271 1.99
    endloop
  endfacet
  facet normal 0.3290815539086888 -0.9443015042225882 0
    outer loop
      vertex -54.537193432450294 8.780052177608013 1.99
      vertex -54.537193432450294 8.780052177608013 4.3999999999999995
      vertex -55.120570570230484 8.57674989104271 4.3999999999999995
    endloop
  endfacet
  facet normal 0.3313977036128919 -0.9434911563126078 0
    outer loop
      vertex -53.88794557005167 9.008098036050797 1.99
      vertex -54.537193432450294 8.780052177608013 4.3999999999999995
      vertex -54.537193432450294 8.780052177608013 1.99
    endloop
  endfacet
  facet normal 0.3313977036128919 -0.9434911563126078 0
    outer loop
      vertex -53.88794557005167 9.008098036050797 1.99
      vertex -53.88794557005167 9.008098036050797 4.3999999999999995
      vertex -54.537193432450294 8.780052177608013 4.3999999999999995
    endloop
  endfacet
  facet normal 0.3331815451383643 -0.9428626930678783 0
    outer loop
      vertex -53.16978496313095 9.261876091361046 1.99
      vertex -53.88794557005167 9.008098036050797 4.3999999999999995
      vertex -53.88794557005167 9.008098036050797 1.99
    endloop
  endfacet
  facet normal 0.3331815451383643 -0.9428626930678783 0
    outer loop
      vertex -53.16978496313095 9.261876091361046 1.99
      vertex -53.16978496313095 9.261876091361046 4.3999999999999995
      vertex -53.88794557005167 9.008098036050797 4.3999999999999995
    endloop
  endfacet
  facet normal 0.3345536176355548 -0.9423767170972355 0
    outer loop
      vertex -52.379677191376686 9.54237263649702 1.99
      vertex -53.16978496313095 9.261876091361046 4.3999999999999995
      vertex -53.16978496313095 9.261876091361046 1.99
    endloop
  endfacet
  facet normal 0.3345536176355548 -0.9423767170972355 0
    outer loop
      vertex -52.379677191376686 9.54237263649702 1.99
      vertex -52.379677191376686 9.54237263649702 4.3999999999999995
      vertex -53.16978496313095 9.261876091361046 4.3999999999999995
    endloop
  endfacet
  facet normal 0.3356033956243095 -0.9420033762388715 0
    outer loop
      vertex -51.51459315419197 9.850572317838669 1.99
      vertex -52.379677191376686 9.54237263649702 4.3999999999999995
      vertex -52.379677191376686 9.54237263649702 1.99
    endloop
  endfacet
  facet normal 0.3356033956243095 -0.9420033762388715 0
    outer loop
      vertex -51.51459315419197 9.850572317838669 1.99
      vertex -51.51459315419197 9.850572317838669 4.3999999999999995
      vertex -52.379677191376686 9.54237263649702 4.3999999999999995
    endloop
  endfacet
  facet normal 0.33639836548082175 -0.941719777694953 0
    outer loop
      vertex -50.571507543325424 10.187458582222462 1.99
      vertex -51.51459315419197 9.850572317838669 4.3999999999999995
      vertex -51.51459315419197 9.850572317838669 1.99
    endloop
  endfacet
  facet normal 0.33639836548082175 -0.941719777694953 0
    outer loop
      vertex -50.571507543325424 10.187458582222462 1.99
      vertex -50.571507543325424 10.187458582222462 4.3999999999999995
      vertex -51.51459315419197 9.850572317838669 4.3999999999999995
    endloop
  endfacet
  facet normal 0.3369901086373588 -0.9415081872615773 0
    outer loop
      vertex -49.547397777438164 10.554013930261135 1.99
      vertex -50.571507543325424 10.187458582222462 4.3999999999999995
      vertex -50.571507543325424 10.187458582222462 1.99
    endloop
  endfacet
  facet normal 0.3369901086373588 -0.9415081872615773 0
    outer loop
      vertex -49.547397777438164 10.554013930261135 1.99
      vertex -49.547397777438164 10.554013930261135 4.3999999999999995
      vertex -50.571507543325424 10.187458582222462 4.3999999999999995
    endloop
  endfacet
  facet normal 0.3374186708732639 -0.9413546837117877 0
    outer loop
      vertex -48.439607642591 10.951089635491371 1.99
      vertex -49.547397777438164 10.554013930261135 4.3999999999999995
      vertex -49.547397777438164 10.554013930261135 1.99
    endloop
  endfacet
  facet normal 0.3374186708732639 -0.9413546837117877 0
    outer loop
      vertex -48.439607642591 10.951089635491371 1.99
      vertex -48.439607642591 10.951089635491371 4.3999999999999995
      vertex -49.547397777438164 10.554013930261135 4.3999999999999995
    endloop
  endfacet
  facet normal 0.3340744641887773 -0.94254668445493 0
    outer loop
      vertex -48.106910936534405 11.069010026752949 1.99
      vertex -48.439607642591 10.951089635491371 4.3999999999999995
      vertex -48.439607642591 10.951089635491371 1.99
    endloop
  endfacet
  facet normal 0.3340744641887773 -0.94254668445493 0
    outer loop
      vertex -48.106910936534405 11.069010026752949 1.99
      vertex -48.106910936534405 11.069010026752949 4.3999999999999995
      vertex -48.439607642591 10.951089635491371 4.3999999999999995
    endloop
  endfacet
  facet normal 0.33392244045139713 -0.942600553661509 0
    outer loop
      vertex -47.77171850949526 11.187754146754742 1.99
      vertex -48.106910936534405 11.069010026752949 4.3999999999999995
      vertex -48.106910936534405 11.069010026752949 1.99
    endloop
  endfacet
  facet normal 0.33392244045139713 -0.942600553661509 0
    outer loop
      vertex -47.77171850949526 11.187754146754742 1.99
      vertex -47.77171850949526 11.187754146754742 4.3999999999999995
      vertex -48.106910936534405 11.069010026752949 4.3999999999999995
    endloop
  endfacet
  facet normal 0.33380956404726697 -0.942640533263117 0
    outer loop
      vertex -47.43582034856081 11.306703008711338 1.99
      vertex -47.77171850949526 11.187754146754742 4.3999999999999995
      vertex -47.77171850949526 11.187754146754742 1.99
    endloop
  endfacet
  facet normal 0.33380956404726697 -0.942640533263117 0
    outer loop
      vertex -47.43582034856081 11.306703008711338 1.99
      vertex -47.43582034856081 11.306703008711338 4.3999999999999995
      vertex -47.77171850949526 11.187754146754742 4.3999999999999995
    endloop
  endfacet
  facet normal 0.3337341869405919 -0.9426672225483934 0
    outer loop
      vertex -47.100616082549095 11.425375983119011 1.99
      vertex -47.43582034856081 11.306703008711338 4.3999999999999995
      vertex -47.43582034856081 11.306703008711338 1.99
    endloop
  endfacet
  facet normal 0.3337341869405919 -0.9426672225483934 0
    outer loop
      vertex -47.100616082549095 11.425375983119011 1.99
      vertex -47.100616082549095 11.425375983119011 4.3999999999999995
      vertex -47.43582034856081 11.306703008711338 4.3999999999999995
    endloop
  endfacet
  facet normal 0.3336955710002143 -0.9426808929297554 0
    outer loop
      vertex -46.76757375150919 11.543268211185932 1.99
      vertex -47.100616082549095 11.425375983119011 4.3999999999999995
      vertex -47.100616082549095 11.425375983119011 1.99
    endloop
  endfacet
  facet normal 0.3336955710002143 -0.9426808929297554 0
    outer loop
      vertex -46.76757375150919 11.543268211185932 1.99
      vertex -46.76757375150919 11.543268211185932 4.3999999999999995
      vertex -47.100616082549095 11.425375983119011 4.3999999999999995
    endloop
  endfacet
  facet normal 0.3336939097934331 -0.9426814809715806 0
    outer loop
      vertex -46.43814419955015 11.65988091379404 1.99
      vertex -46.76757375150919 11.543268211185932 4.3999999999999995
      vertex -46.76757375150919 11.543268211185932 1.99
    endloop
  endfacet
  facet normal 0.3336939097934331 -0.9426814809715806 0
    outer loop
      vertex -46.43814419955015 11.65988091379404 1.99
      vertex -46.43814419955015 11.65988091379404 4.3999999999999995
      vertex -46.76757375150919 11.543268211185932 4.3999999999999995
    endloop
  endfacet
  facet normal 0.3337304152993303 -0.9426685578209006 0
    outer loop
      vertex -46.11376913636923 11.774718545377254 1.99
      vertex -46.43814419955015 11.65988091379404 4.3999999999999995
      vertex -46.43814419955015 11.65988091379404 1.99
    endloop
  endfacet
  facet normal 0.3337304152993303 -0.9426685578209006 0
    outer loop
      vertex -46.11376913636923 11.774718545377254 1.99
      vertex -46.11376913636923 11.774718545377254 4.3999999999999995
      vertex -46.43814419955015 11.65988091379404 4.3999999999999995
    endloop
  endfacet
  facet normal 0.3338074202129713 -0.9426412924388369 0
    outer loop
      vertex -45.79589458554983 11.88728404045105 1.99
      vertex -46.11376913636923 11.774718545377254 4.3999999999999995
      vertex -46.11376913636923 11.774718545377254 1.99
    endloop
  endfacet
  facet normal 0.3338074202129713 -0.9426412924388369 0
    outer loop
      vertex -45.79589458554983 11.88728404045105 1.99
      vertex -45.79589458554983 11.88728404045105 4.3999999999999995
      vertex -46.11376913636923 11.774718545377254 4.3999999999999995
    endloop
  endfacet
  facet normal 0.3339285793871012 -0.9425983788806941 0
    outer loop
      vertex -45.485966086387634 11.997080519795418 1.99
      vertex -45.79589458554983 11.88728404045105 4.3999999999999995
      vertex -45.79589458554983 11.88728404045105 1.99
    endloop
  endfacet
  facet normal 0.3339285793871012 -0.9425983788806941 0
    outer loop
      vertex -45.485966086387634 11.997080519795418 1.99
      vertex -45.485966086387634 11.997080519795418 4.3999999999999995
      vertex -45.79589458554983 11.88728404045105 4.3999999999999995
    endloop
  endfacet
  facet normal 0.33409908407926137 -0.9425379578655699 0
    outer loop
      vertex -45.18542884290218 12.103611208498478 1.99
      vertex -45.485966086387634 11.997080519795418 4.3999999999999995
      vertex -45.485966086387634 11.997080519795418 1.99
    endloop
  endfacet
  facet normal 0.33409908407926137 -0.9425379578655699 0
    outer loop
      vertex -45.18542884290218 12.103611208498478 1.99
      vertex -45.18542884290218 12.103611208498478 4.3999999999999995
      vertex -45.485966086387634 11.997080519795418 4.3999999999999995
    endloop
  endfacet
  facet normal 0.3343262948776787 -0.9424573881897067 0
    outer loop
      vertex -44.8957275301218 12.206379532814026 1.99
      vertex -45.18542884290218 12.103611208498478 4.3999999999999995
      vertex -45.18542884290218 12.103611208498478 1.99
    endloop
  endfacet
  facet normal 0.3343262948776787 -0.9424573881897067 0
    outer loop
      vertex -44.8957275301218 12.206379532814026 1.99
      vertex -44.8957275301218 12.206379532814026 4.3999999999999995
      vertex -45.18542884290218 12.103611208498478 4.3999999999999995
    endloop
  endfacet
  facet normal 0.33462031830525574 -0.9423530350018986 0
    outer loop
      vertex -44.618306152522564 12.304889142513275 1.99
      vertex -44.8957275301218 12.206379532814026 4.3999999999999995
      vertex -44.8957275301218 12.206379532814026 1.99
    endloop
  endfacet
  facet normal 0.33462031830525574 -0.9423530350018986 0
    outer loop
      vertex -44.618306152522564 12.304889142513275 1.99
      vertex -44.618306152522564 12.304889142513275 4.3999999999999995
      vertex -44.8957275301218 12.206379532814026 4.3999999999999995
    endloop
  endfacet
  facet normal 0.3349952950803538 -0.9422198004043572 0
    outer loop
      vertex -44.35460774600506 12.398644044995308 1.99
      vertex -44.618306152522564 12.304889142513275 4.3999999999999995
      vertex -44.618306152522564 12.304889142513275 1.99
    endloop
  endfacet
  facet normal 0.3349952950803538 -0.9422198004043572 0
    outer loop
      vertex -44.35460774600506 12.398644044995308 1.99
      vertex -44.35460774600506 12.398644044995308 4.3999999999999995
      vertex -44.618306152522564 12.304889142513275 4.3999999999999995
    endloop
  endfacet
  facet normal 0.3354712241460088 -0.9420504539407526 0
    outer loop
      vertex -44.106073908507824 12.487148806452751 1.99
      vertex -44.35460774600506 12.398644044995308 4.3999999999999995
      vertex -44.35460774600506 12.398644044995308 1.99
    endloop
  endfacet
  facet normal 0.3354712241460088 -0.9420504539407526 0
    outer loop
      vertex -44.106073908507824 12.487148806452751 1.99
      vertex -44.106073908507824 12.487148806452751 4.3999999999999995
      vertex -44.35460774600506 12.398644044995308 4.3999999999999995
    endloop
  endfacet
  facet normal 0.33607651654930626 -0.9418346856131833 0
    outer loop
      vertex -43.87414398044348 12.569908767938614 1.99
      vertex -44.106073908507824 12.487148806452751 4.3999999999999995
      vertex -44.106073908507824 12.487148806452751 1.99
    endloop
  endfacet
  facet normal 0.33607651654930626 -0.9418346856131833 0
    outer loop
      vertex -43.87414398044348 12.569908767938614 1.99
      vertex -43.87414398044348 12.569908767938614 4.3999999999999995
      vertex -44.106073908507824 12.487148806452751 4.3999999999999995
    endloop
  endfacet
  facet normal 0.3368535942839437 -0.9415570381118651 0
    outer loop
      vertex -43.66025370359421 12.646430641412735 1.99
      vertex -43.87414398044348 12.569908767938614 4.3999999999999995
      vertex -43.87414398044348 12.569908767938614 1.99
    endloop
  endfacet
  facet normal 0.3368535942839437 -0.9415570381118651 0
    outer loop
      vertex -43.66025370359421 12.646430641412735 1.99
      vertex -43.66025370359421 12.646430641412735 4.3999999999999995
      vertex -43.87414398044348 12.569908767938614 4.3999999999999995
    endloop
  endfacet
  facet normal 0.3378672375915308 -0.9411937790711687 0
    outer loop
      vertex -43.46583253890276 12.716223433613777 1.99
      vertex -43.66025370359421 12.646430641412735 4.3999999999999995
      vertex -43.66025370359421 12.646430641412735 1.99
    endloop
  endfacet
  facet normal 0.3378672375915308 -0.9411937790711687 0
    outer loop
      vertex -43.46583253890276 12.716223433613777 1.99
      vertex -43.46583253890276 12.716223433613777 4.3999999999999995
      vertex -43.66025370359421 12.646430641412735 4.3999999999999995
    endloop
  endfacet
  facet normal 0.3392221586003018 -0.9407062916312146 0
    outer loop
      vertex -43.29229847341776 12.778800457715988 1.99
      vertex -43.46583253890276 12.716223433613777 4.3999999999999995
      vertex -43.46583253890276 12.716223433613777 1.99
    endloop
  endfacet
  facet normal 0.3392221586003018 -0.9407062916312146 0
    outer loop
      vertex -43.29229847341776 12.778800457715988 1.99
      vertex -43.29229847341776 12.778800457715988 4.3999999999999995
      vertex -43.46583253890276 12.716223433613777 4.3999999999999995
    endloop
  endfacet
  facet normal 0.34109817104803464 -0.9400276792242267 0
    outer loop
      vertex -43.14104624837637 12.833683796226978 1.99
      vertex -43.29229847341776 12.778800457715988 4.3999999999999995
      vertex -43.29229847341776 12.778800457715988 1.99
    endloop
  endfacet
  facet normal 0.34109817104803464 -0.9400276792242267 0
    outer loop
      vertex -43.14104624837637 12.833683796226978 1.99
      vertex -43.14104624837637 12.833683796226978 4.3999999999999995
      vertex -43.29229847341776 12.778800457715988 4.3999999999999995
    endloop
  endfacet
  facet normal 0.34383209714144863 -0.9390311437728321 0
    outer loop
      vertex -43.01626303792 12.87937394529581 1.99
      vertex -43.14104624837637 12.833683796226978 4.3999999999999995
      vertex -43.14104624837637 12.833683796226978 1.99
    endloop
  endfacet
  facet normal 0.34383209714144863 -0.9390311437728321 0
    outer loop
      vertex -43.01626303792 12.87937394529581 1.99
      vertex -43.01626303792 12.87937394529581 4.3999999999999995
      vertex -43.14104624837637 12.833683796226978 4.3999999999999995
    endloop
  endfacet
  facet normal 0.31957538330476526 -0.9475608552412939 0
    outer loop
      vertex -42.893273904919624 12.920853391289711 1.99
      vertex -43.01626303792 12.87937394529581 4.3999999999999995
      vertex -43.01626303792 12.87937394529581 1.99
    endloop
  endfacet
  facet normal 0.31957538330476526 -0.9475608552412939 0
    outer loop
      vertex -42.893273904919624 12.920853391289711 1.99
      vertex -42.893273904919624 12.920853391289711 4.3999999999999995
      vertex -43.01626303792 12.87937394529581 4.3999999999999995
    endloop
  endfacet
  facet normal 0.32494171312635406 -0.9457340445762277 0
    outer loop
      vertex -42.75338616967201 12.968916967511177 1.99
      vertex -42.893273904919624 12.920853391289711 4.3999999999999995
      vertex -42.893273904919624 12.920853391289711 1.99
    endloop
  endfacet
  facet normal 0.32494171312635406 -0.9457340445762277 0
    outer loop
      vertex -42.75338616967201 12.968916967511177 1.99
      vertex -42.75338616967201 12.968916967511177 4.3999999999999995
      vertex -42.893273904919624 12.920853391289711 4.3999999999999995
    endloop
  endfacet
  facet normal 0.3289955965976935 -0.9443314552736914 0
    outer loop
      vertex -42.60067309439182 13.022120669484138 1.99
      vertex -42.75338616967201 12.968916967511177 4.3999999999999995
      vertex -42.75338616967201 12.968916967511177 1.99
    endloop
  endfacet
  facet normal 0.3289955965976935 -0.9443314552736914 0
    outer loop
      vertex -42.60067309439182 13.022120669484138 1.99
      vertex -42.60067309439182 13.022120669484138 4.3999999999999995
      vertex -42.75338616967201 12.968916967511177 4.3999999999999995
    endloop
  endfacet
  facet normal 0.332133457859548 -0.9432324030535952 0
    outer loop
      vertex -42.436079792678356 13.080077692866325 1.99
      vertex -42.60067309439182 13.022120669484138 4.3999999999999995
      vertex -42.60067309439182 13.022120669484138 1.99
    endloop
  endfacet
  facet normal 0.332133457859548 -0.9432324030535952 0
    outer loop
      vertex -42.436079792678356 13.080077692866325 1.99
      vertex -42.436079792678356 13.080077692866325 4.3999999999999995
      vertex -42.60067309439182 13.022120669484138 4.3999999999999995
    endloop
  endfacet
  facet normal 0.3346034638003087 -0.9423590197015336 0
    outer loop
      vertex -42.260574631392956 13.142394319176674 1.99
      vertex -42.436079792678356 13.080077692866325 4.3999999999999995
      vertex -42.436079792678356 13.080077692866325 1.99
    endloop
  endfacet
  facet normal 0.3346034638003087 -0.9423590197015336 0
    outer loop
      vertex -42.260574631392956 13.142394319176674 1.99
      vertex -42.260574631392956 13.142394319176674 4.3999999999999995
      vertex -42.436079792678356 13.080077692866325 4.3999999999999995
    endloop
  endfacet
  facet normal 0.33656870178729725 -0.9416589132893148 0
    outer loop
      vertex -42.07513973861933 13.208672650158405 1.99
      vertex -42.260574631392956 13.142394319176674 4.3999999999999995
      vertex -42.260574631392956 13.142394319176674 1.99
    endloop
  endfacet
  facet normal 0.33656870178729725 -0.9416589132893148 0
    outer loop
      vertex -42.07513973861933 13.208672650158405 1.99
      vertex -42.07513973861933 13.208672650158405 4.3999999999999995
      vertex -42.260574631392956 13.142394319176674 4.3999999999999995
    endloop
  endfacet
  facet normal 0.3381399115354306 -0.9410958507117175 0
    outer loop
      vertex -41.8807657584548 13.278512082993984 1.99
      vertex -42.07513973861933 13.208672650158405 4.3999999999999995
      vertex -42.07513973861933 13.208672650158405 1.99
    endloop
  endfacet
  facet normal 0.3381399115354306 -0.9410958507117175 0
    outer loop
      vertex -41.8807657584548 13.278512082993984 1.99
      vertex -41.8807657584548 13.278512082993984 4.3999999999999995
      vertex -42.07513973861933 13.208672650158405 4.3999999999999995
    endloop
  endfacet
  facet normal 0.33939485344377385 -0.9406439993195509 0
    outer loop
      vertex -41.678448878228664 13.351510271430016 1.99
      vertex -41.8807657584548 13.278512082993984 4.3999999999999995
      vertex -41.8807657584548 13.278512082993984 1.99
    endloop
  endfacet
  facet normal 0.33939485344377385 -0.9406439993195509 0
    outer loop
      vertex -41.678448878228664 13.351510271430016 1.99
      vertex -41.678448878228664 13.351510271430016 4.3999999999999995
      vertex -41.8807657584548 13.278512082993984 4.3999999999999995
    endloop
  endfacet
  facet normal 0.34038892548024857 -0.9402847331582077 0
    outer loop
      vertex -41.469189047813416 13.427263632416725 1.99
      vertex -41.678448878228664 13.351510271430016 4.3999999999999995
      vertex -41.678448878228664 13.351510271430016 1.99
    endloop
  endfacet
  facet normal 0.34038892548024857 -0.9402847331582077 0
    outer loop
      vertex -41.469189047813416 13.427263632416725 1.99
      vertex -41.469189047813416 13.427263632416725 4.3999999999999995
      vertex -41.678448878228664 13.351510271430016 4.3999999999999995
    endloop
  endfacet
  facet normal 0.3411622269043619 -0.9400044334648943 0
    outer loop
      vertex -41.253988824784756 13.50536771863699 1.99
      vertex -41.469189047813416 13.427263632416725 4.3999999999999995
      vertex -41.469189047813416 13.427263632416725 1.99
    endloop
  endfacet
  facet normal 0.3411622269043619 -0.9400044334648943 0
    outer loop
      vertex -41.253988824784756 13.50536771863699 1.99
      vertex -41.253988824784756 13.50536771863699 4.3999999999999995
      vertex -41.469189047813416 13.427263632416725 4.3999999999999995
    endloop
  endfacet
  facet normal 0.34174393907282785 -0.9397931049475664 0
    outer loop
      vertex -41.03385270386934 13.585417449474335 1.99
      vertex -41.253988824784756 13.50536771863699 4.3999999999999995
      vertex -41.253988824784756 13.50536771863699 1.99
    endloop
  endfacet
  facet normal 0.34174393907282785 -0.9397931049475664 0
    outer loop
      vertex -41.03385270386934 13.585417449474335 1.99
      vertex -41.03385270386934 13.585417449474335 4.3999999999999995
      vertex -41.253988824784756 13.50536771863699 4.3999999999999995
    endloop
  endfacet
  facet normal 0.34215491912805823 -0.9396435554594474 0
    outer loop
      vertex -40.80978660285473 13.667007237672806 1.99
      vertex -41.03385270386934 13.585417449474335 4.3999999999999995
      vertex -41.03385270386934 13.585417449474335 1.99
    endloop
  endfacet
  facet normal 0.34215491912805823 -0.9396435554594474 0
    outer loop
      vertex -40.80978660285473 13.667007237672806 1.99
      vertex -40.80978660285473 13.667007237672806 4.3999999999999995
      vertex -41.03385270386934 13.585417449474335 4.3999999999999995
    endloop
  endfacet
  facet normal 0.3424099340797544 -0.9395506569863585 0
    outer loop
      vertex -40.58279762417078 13.749731123447418 1.99
      vertex -40.80978660285473 13.667007237672806 4.3999999999999995
      vertex -40.80978660285473 13.667007237672806 1.99
    endloop
  endfacet
  facet normal 0.3424099340797544 -0.9395506569863585 0
    outer loop
      vertex -40.58279762417078 13.749731123447418 1.99
      vertex -40.58279762417078 13.749731123447418 4.3999999999999995
      vertex -40.80978660285473 13.667007237672806 4.3999999999999995
    endloop
  endfacet
  facet normal 0.3425183507393296 -0.9395111385219495 0
    outer loop
      vertex -40.3538970425725 13.833181597292423 1.99
      vertex -40.58279762417078 13.749731123447418 4.3999999999999995
      vertex -40.58279762417078 13.749731123447418 1.99
    endloop
  endfacet
  facet normal 0.3425183507393296 -0.9395111385219495 0
    outer loop
      vertex -40.3538970425725 13.833181597292423 1.99
      vertex -40.3538970425725 13.833181597292423 4.3999999999999995
      vertex -40.58279762417078 13.749731123447418 4.3999999999999995
    endloop
  endfacet
  facet normal 0.34248559878259255 -0.9395230782830878 0
    outer loop
      vertex -40.12406659126282 13.916961997747421 1.99
      vertex -40.3538970425725 13.833181597292423 4.3999999999999995
      vertex -40.3538970425725 13.833181597292423 1.99
    endloop
  endfacet
  facet normal 0.34248559878259255 -0.9395230782830878 0
    outer loop
      vertex -40.12406659126282 13.916961997747421 1.99
      vertex -40.12406659126282 13.916961997747421 4.3999999999999995
      vertex -40.3538970425725 13.833181597292423 4.3999999999999995
    endloop
  endfacet
  facet normal 0.34231275155686575 -0.9395860685012137 0
    outer loop
      vertex -39.894396767020226 14.000635981559753 1.99
      vertex -40.12406659126282 13.916961997747421 4.3999999999999995
      vertex -40.12406659126282 13.916961997747421 1.99
    endloop
  endfacet
  facet normal 0.34231275155686575 -0.9395860685012137 0
    outer loop
      vertex -39.894396767020226 14.000635981559753 1.99
      vertex -39.894396767020226 14.000635981559753 4.3999999999999995
      vertex -40.12406659126282 13.916961997747421 4.3999999999999995
    endloop
  endfacet
  facet normal 0.34199743082931444 -0.9397008871476861 0
    outer loop
      vertex -39.66577596217394 14.083840891718864 1.99
      vertex -39.894396767020226 14.000635981559753 4.3999999999999995
      vertex -39.894396767020226 14.000635981559753 1.99
    endloop
  endfacet
  facet normal 0.34199743082931444 -0.9397008871476861 0
    outer loop
      vertex -39.66577596217394 14.083840891718864 1.99
      vertex -39.66577596217394 14.083840891718864 4.3999999999999995
      vertex -39.894396767020226 14.000635981559753 4.3999999999999995
    endloop
  endfacet
  facet normal 0.34153312203792774 -0.939869739139965 0
    outer loop
      vertex -39.43931434303522 14.166133299469948 1.99
      vertex -39.66577596217394 14.083840891718864 4.3999999999999995
      vertex -39.66577596217394 14.083840891718864 1.99
    endloop
  endfacet
  facet normal 0.34153312203792774 -0.939869739139965 0
    outer loop
      vertex -39.43931434303522 14.166133299469948 1.99
      vertex -39.43931434303522 14.166133299469948 4.3999999999999995
      vertex -39.66577596217394 14.083840891718864 4.3999999999999995
    endloop
  endfacet
  facet normal 0.34090916102944196 -0.9400962418423989 0
    outer loop
      vertex -39.21599292755127 14.247116833925247 1.99
      vertex -39.43931434303522 14.166133299469948 4.3999999999999995
      vertex -39.43931434303522 14.166133299469948 1.99
    endloop
  endfacet
  facet normal 0.34090916102944196 -0.9400962418423989 0
    outer loop
      vertex -39.21599292755127 14.247116833925247 1.99
      vertex -39.21599292755127 14.247116833925247 4.3999999999999995
      vertex -39.43931434303522 14.166133299469948 4.3999999999999995
    endloop
  endfacet
  facet normal 0.34010974316409537 -0.9403857520213995 0
    outer loop
      vertex -38.996709413826466 14.326425202190876 1.99
      vertex -39.21599292755127 14.247116833925247 4.3999999999999995
      vertex -39.21599292755127 14.247116833925247 1.99
    endloop
  endfacet
  facet normal 0.34010974316409537 -0.9403857520213995 0
    outer loop
      vertex -38.996709413826466 14.326425202190876 1.99
      vertex -38.996709413826466 14.326425202190876 4.3999999999999995
      vertex -39.21599292755127 14.247116833925247 4.3999999999999995
    endloop
  endfacet
  facet normal 0.3399999689703036 -0.9404254468591291 3.2010199419318307e-17
    outer loop
      vertex -36.28989066928625 15.305044285953045 1.99
      vertex -38.996709413826466 14.326425202190876 4.3999999999999995
      vertex -38.996709413826466 14.326425202190876 1.99
    endloop
  endfacet
  facet normal 0.3399999689703036 -0.9404254468591291 0
    outer loop
      vertex -36.28989066928625 15.305044285953045 1.99
      vertex -36.28989066928625 15.305044285953045 4.3999999999999995
      vertex -38.996709413826466 14.326425202190876 4.3999999999999995
    endloop
  endfacet
  facet normal 0.95920456801695 -0.28271292275984894 0
    outer loop
      vertex -35.6987224444747 17.31079363822937 1.99
      vertex -36.28989066928625 15.305044285953045 4.3999999999999995
      vertex -36.28989066928625 15.305044285953045 1.99
    endloop
  endfacet
  facet normal 0.95920456801695 -0.28271292275984894 0
    outer loop
      vertex -35.6987224444747 17.31079363822937 1.99
      vertex -35.6987224444747 17.31079363822937 4.3999999999999995
      vertex -36.28989066928625 15.305044285953045 4.3999999999999995
    endloop
  endfacet
  facet normal 0.9596069308283587 -0.2813441634478622 0
    outer loop
      vertex -35.34342519938946 18.52263928204775 1.99
      vertex -35.6987224444747 17.31079363822937 4.3999999999999995
      vertex -35.6987224444747 17.31079363822937 1.99
    endloop
  endfacet
  facet normal 0.9596069308283587 -0.2813441634478622 0
    outer loop
      vertex -35.34342519938946 18.52263928204775 1.99
      vertex -35.34342519938946 18.52263928204775 4.3999999999999995
      vertex -35.6987224444747 17.31079363822937 4.3999999999999995
    endloop
  endfacet
  facet normal 0.959615939166512 -0.2813134360416739 0
    outer loop
      vertex -35.023870065808296 19.61270523816347 1.99
      vertex -35.34342519938946 18.52263928204775 4.3999999999999995
      vertex -35.34342519938946 18.52263928204775 1.99
    endloop
  endfacet
  facet normal 0.959615939166512 -0.2813134360416739 0
    outer loop
      vertex -35.023870065808296 19.61270523816347 1.99
      vertex -35.023870065808296 19.61270523816347 4.3999999999999995
      vertex -35.34342519938946 18.52263928204775 4.3999999999999995
    endloop
  endfacet
  facet normal 0.9596855351505965 -0.28107592145666505 0
    outer loop
      vertex -34.73835212737322 20.587557278573513 1.99
      vertex -35.023870065808296 19.61270523816347 4.3999999999999995
      vertex -35.023870065808296 19.61270523816347 1.99
    endloop
  endfacet
  facet normal 0.9596855351505965 -0.28107592145666505 0
    outer loop
      vertex -34.73835212737322 20.587557278573513 1.99
      vertex -34.73835212737322 20.587557278573513 4.3999999999999995
      vertex -35.023870065808296 19.61270523816347 4.3999999999999995
    endloop
  endfacet
  facet normal 0.9598381930094163 -0.28055417166817986 0
    outer loop
      vertex -34.48520860821009 21.45361753553152 1.99
      vertex -34.73835212737322 20.587557278573513 4.3999999999999995
      vertex -34.73835212737322 20.587557278573513 1.99
    endloop
  endfacet
  facet normal 0.9598381930094163 -0.28055417166817986 0
    outer loop
      vertex -34.48520860821009 21.45361753553152 1.99
      vertex -34.48520860821009 21.45361753553152 4.3999999999999995
      vertex -34.73835212737322 20.587557278573513 4.3999999999999995
    endloop
  endfacet
  facet normal 0.9601051567972962 -0.2796392102178074 0
    outer loop
      vertex -34.26277460902929 22.21731597930193 1.99
      vertex -34.48520860821009 21.45361753553152 4.3999999999999995
      vertex -34.48520860821009 21.45361753553152 1.99
    endloop
  endfacet
  facet normal 0.9601051567972962 -0.2796392102178074 0
    outer loop
      vertex -34.26277460902929 22.21731597930193 1.99
      vertex -34.26277460902929 22.21731597930193 4.3999999999999995
      vertex -34.48520860821009 21.45361753553152 4.3999999999999995
    endloop
  endfacet
  facet normal 0.9605303422409469 -0.2781752354802444 0
    outer loop
      vertex -34.069382041692734 22.885094434022903 1.99
      vertex -34.26277460902929 22.21731597930193 4.3999999999999995
      vertex -34.26277460902929 22.21731597930193 1.99
    endloop
  endfacet
  facet normal 0.9605303422409469 -0.2781752354802444 0
    outer loop
      vertex -34.069382041692734 22.885094434022903 1.99
      vertex -34.069382041692734 22.885094434022903 4.3999999999999995
      vertex -34.26277460902929 22.21731597930193 4.3999999999999995
    endloop
  endfacet
  facet normal 0.9611763563714231 -0.27593479655990305 0
    outer loop
      vertex -33.90335814654827 23.46341309696436 1.99
      vertex -34.069382041692734 22.885094434022903 4.3999999999999995
      vertex -34.069382041692734 22.885094434022903 1.99
    endloop
  endfacet
  facet normal 0.9611763563714231 -0.27593479655990305 0
    outer loop
      vertex -33.90335814654827 23.46341309696436 1.99
      vertex -33.90335814654827 23.46341309696436 4.3999999999999995
      vertex -34.069382041692734 22.885094434022903 4.3999999999999995
    endloop
  endfacet
  facet normal 0.9621336675927082 -0.27257807264085643 0
    outer loop
      vertex -33.763023018836975 23.958761639893055 1.99
      vertex -33.90335814654827 23.46341309696436 4.3999999999999995
      vertex -33.90335814654827 23.46341309696436 1.99
    endloop
  endfacet
  facet normal 0.9621336675927082 -0.27257807264085643 0
    outer loop
      vertex -33.763023018836975 23.958761639893055 1.99
      vertex -33.763023018836975 23.958761639893055 4.3999999999999995
      vertex -33.90335814654827 23.46341309696436 4.3999999999999995
    endloop
  endfacet
  facet normal 0.9635349263793106 -0.26758259593481837 0
    outer loop
      vertex -33.64668583869934 24.377678781747818 1.99
      vertex -33.763023018836975 23.958761639893055 4.3999999999999995
      vertex -33.763023018836975 23.958761639893055 1.99
    endloop
  endfacet
  facet normal 0.9635349263793106 -0.26758259593481837 0
    outer loop
      vertex -33.64668583869934 24.377678781747818 1.99
      vertex -33.64668583869934 24.377678781747818 4.3999999999999995
      vertex -33.763023018836975 23.958761639893055 4.3999999999999995
    endloop
  endfacet
  facet normal 0.9655769734311015 -0.26011748956891384 0
    outer loop
      vertex -33.55263889580965 24.726788572967052 1.99
      vertex -33.64668583869934 24.377678781747818 4.3999999999999995
      vertex -33.64668583869934 24.377678781747818 1.99
    endloop
  endfacet
  facet normal 0.9655769734311015 -0.26011748956891384 0
    outer loop
      vertex -33.55263889580965 24.726788572967052 1.99
      vertex -33.55263889580965 24.726788572967052 4.3999999999999995
      vertex -33.64668583869934 24.377678781747818 4.3999999999999995
    endloop
  endfacet
  facet normal 0.9685535720332309 -0.24880510063435005 0
    outer loop
      vertex -33.47914890944958 25.012871891260147 1.99
      vertex -33.55263889580965 24.726788572967052 4.3999999999999995
      vertex -33.55263889580965 24.726788572967052 1.99
    endloop
  endfacet
  facet normal 0.9685535720332309 -0.24880510063435005 0
    outer loop
      vertex -33.47914890944958 25.012871891260147 1.99
      vertex -33.47914890944958 25.012871891260147 4.3999999999999995
      vertex -33.55263889580965 24.726788572967052 4.3999999999999995
    endloop
  endfacet
  facet normal 0.9728962081698199 -0.23124222825597068 0
    outer loop
      vertex -33.42444685101509 25.243017680943012 1.99
      vertex -33.47914890944958 25.012871891260147 4.3999999999999995
      vertex -33.47914890944958 25.012871891260147 1.99
    endloop
  endfacet
  facet normal 0.9728962081698199 -0.23124222825597068 0
    outer loop
      vertex -33.42444685101509 25.243017680943012 1.99
      vertex -33.42444685101509 25.243017680943012 4.3999999999999995
      vertex -33.47914890944958 25.012871891260147 4.3999999999999995
    endloop
  endfacet
  facet normal 0.9791870135060862 -0.20296007632298457 0
    outer loop
      vertex -33.38673248887062 25.424971759319305 1.99
      vertex -33.42444685101509 25.243017680943012 4.3999999999999995
      vertex -33.42444685101509 25.243017680943012 1.99
    endloop
  endfacet
  facet normal 0.9791870135060862 -0.20296007632298457 0
    outer loop
      vertex -33.38673248887062 25.424971759319305 1.99
      vertex -33.38673248887062 25.424971759319305 4.3999999999999995
      vertex -33.42444685101509 25.243017680943012 4.3999999999999995
    endloop
  endfacet
  facet normal 0.9879201002038571 -0.15496411072632646 0
    outer loop
      vertex -33.36429391056299 25.568021155893803 1.99
      vertex -33.38673248887062 25.424971759319305 4.3999999999999995
      vertex -33.38673248887062 25.424971759319305 1.99
    endloop
  endfacet
  facet normal 0.9879201002038571 -0.15496411072632646 0
    outer loop
      vertex -33.36429391056299 25.568021155893803 1.99
      vertex -33.36429391056299 25.568021155893803 4.3999999999999995
      vertex -33.38673248887062 25.424971759319305 4.3999999999999995
    endloop
  endfacet
  facet normal 0.9977269717592925 -0.06738612486285235 0
    outer loop
      vertex -33.356367744505405 25.685376912355423 1.99
      vertex -33.36429391056299 25.568021155893803 4.3999999999999995
      vertex -33.36429391056299 25.568021155893803 1.99
    endloop
  endfacet
  facet normal 0.9977269717592925 -0.06738612486285235 0
    outer loop
      vertex -33.356367744505405 25.685376912355423 1.99
      vertex -33.356367744505405 25.685376912355423 4.3999999999999995
      vertex -33.36429391056299 25.568021155893803 4.3999999999999995
    endloop
  endfacet
  facet normal 0.9942666929076451 0.10692868359095445 0
    outer loop
      vertex -33.36856920272112 25.798831067979336 1.99
      vertex -33.356367744505405 25.685376912355423 4.3999999999999995
      vertex -33.356367744505405 25.685376912355423 1.99
    endloop
  endfacet
  facet normal 0.9942666929076451 0.10692868359095445 0
    outer loop
      vertex -33.36856920272112 25.798831067979336 1.99
      vertex -33.36856920272112 25.798831067979336 4.3999999999999995
      vertex -33.356367744505405 25.685376912355423 4.3999999999999995
    endloop
  endfacet
  facet normal 0.8893654136517609 0.4571970702006219 0
    outer loop
      vertex -33.43110245466232 25.920474261045456 1.99
      vertex -33.36856920272112 25.798831067979336 4.3999999999999995
      vertex -33.36856920272112 25.798831067979336 1.99
    endloop
  endfacet
  facet normal 0.8893654136517609 0.4571970702006219 0
    outer loop
      vertex -33.43110245466232 25.920474261045456 1.99
      vertex -33.43110245466232 25.920474261045456 4.3999999999999995
      vertex -33.36856920272112 25.798831067979336 4.3999999999999995
    endloop
  endfacet
  facet normal 0.475122861056302 0.8799194661454387 0
    outer loop
      vertex -33.55253151059151 25.98604130744934 1.99
      vertex -33.43110245466232 25.920474261045456 4.3999999999999995
      vertex -33.43110245466232 25.920474261045456 1.99
    endloop
  endfacet
  facet normal 0.475122861056302 0.8799194661454387 0
    outer loop
      vertex -33.55253151059151 25.98604130744934 1.99
      vertex -33.55253151059151 25.98604130744934 4.3999999999999995
      vertex -33.43110245466232 25.920474261045456 4.3999999999999995
    endloop
  endfacet
  facet normal 0.04252268974026197 0.9990955013697407 0
    outer loop
      vertex -33.649134978652 25.99015286564827 1.99
      vertex -33.55253151059151 25.98604130744934 4.3999999999999995
      vertex -33.55253151059151 25.98604130744934 1.99
    endloop
  endfacet
  facet normal 0.04252268974026197 0.9990955013697407 0
    outer loop
      vertex -33.649134978652 25.99015286564827 1.99
      vertex -33.649134978652 25.99015286564827 4.3999999999999995
      vertex -33.55253151059151 25.98604130744934 4.3999999999999995
    endloop
  endfacet
  facet normal -0.12364953882837218 0.9923259502540134 0
    outer loop
      vertex -33.70836225897074 25.982772804796696 1.99
      vertex -33.649134978652 25.99015286564827 4.3999999999999995
      vertex -33.649134978652 25.99015286564827 1.99
    endloop
  endfacet
  facet normal -0.12364953882837218 0.9923259502540134 0
    outer loop
      vertex -33.70836225897074 25.982772804796696 1.99
      vertex -33.70836225897074 25.982772804796696 4.3999999999999995
      vertex -33.649134978652 25.99015286564827 4.3999999999999995
    endloop
  endfacet
  facet normal -0.15223602114181875 0.9883441677203887 0
    outer loop
      vertex -33.74632979184389 25.97692461311817 1.99
      vertex -33.70836225897074 25.982772804796696 4.3999999999999995
      vertex -33.70836225897074 25.982772804796696 1.99
    endloop
  endfacet
  facet normal -0.15223602114181875 0.9883441677203887 0
    outer loop
      vertex -33.74632979184389 25.97692461311817 1.99
      vertex -33.74632979184389 25.97692461311817 4.3999999999999995
      vertex -33.70836225897074 25.982772804796696 4.3999999999999995
    endloop
  endfacet
  facet normal -0.24187153776372822 0.9703082805066695 0
    outer loop
      vertex -33.80587065219879 25.96208269149065 1.99
      vertex -33.74632979184389 25.97692461311817 4.3999999999999995
      vertex -33.74632979184389 25.97692461311817 1.99
    endloop
  endfacet
  facet normal -0.24187153776372822 0.9703082805066695 0
    outer loop
      vertex -33.80587065219879 25.96208269149065 1.99
      vertex -33.80587065219879 25.96208269149065 4.3999999999999995
      vertex -33.74632979184389 25.97692461311817 4.3999999999999995
    endloop
  endfacet
  facet normal -0.27354329787928483 0.9618596904878199 0
    outer loop
      vertex -33.87864478677511 25.941386453807354 1.99
      vertex -33.80587065219879 25.96208269149065 4.3999999999999995
      vertex -33.80587065219879 25.96208269149065 1.99
    endloop
  endfacet
  facet normal -0.27354329787928483 0.9618596904878199 0
    outer loop
      vertex -33.87864478677511 25.941386453807354 1.99
      vertex -33.87864478677511 25.941386453807354 4.3999999999999995
      vertex -33.80587065219879 25.96208269149065 4.3999999999999995
    endloop
  endfacet
  facet normal -0.28970974513635783 0.9571145509148978 0
    outer loop
      vertex -33.96887357532978 25.914075031876564 1.99
      vertex -33.87864478677511 25.941386453807354 4.3999999999999995
      vertex -33.87864478677511 25.941386453807354 1.99
    endloop
  endfacet
  facet normal -0.28970974513635783 0.9571145509148978 0
    outer loop
      vertex -33.96887357532978 25.914075031876564 1.99
      vertex -33.96887357532978 25.914075031876564 4.3999999999999995
      vertex -33.87864478677511 25.941386453807354 4.3999999999999995
    endloop
  endfacet
  facet normal -0.29953021258782936 0.9540868156237616 0
    outer loop
      vertex -34.07689192891121 25.88016327470541 1.99
      vertex -33.96887357532978 25.914075031876564 4.3999999999999995
      vertex -33.96887357532978 25.914075031876564 1.99
    endloop
  endfacet
  facet normal -0.29953021258782936 0.9540868156237616 0
    outer loop
      vertex -34.07689192891121 25.88016327470541 1.99
      vertex -34.07689192891121 25.88016327470541 4.3999999999999995
      vertex -33.96887357532978 25.914075031876564 4.3999999999999995
    endloop
  endfacet
  facet normal -0.3061419005082344 0.9519858910473444 0
    outer loop
      vertex -34.202259838581085 25.839847162365913 1.99
      vertex -34.07689192891121 25.88016327470541 4.3999999999999995
      vertex -34.07689192891121 25.88016327470541 1.99
    endloop
  endfacet
  facet normal -0.3061419005082344 0.9519858910473444 0
    outer loop
      vertex -34.202259838581085 25.839847162365913 1.99
      vertex -34.202259838581085 25.839847162365913 4.3999999999999995
      vertex -34.07689192891121 25.88016327470541 4.3999999999999995
    endloop
  endfacet
  facet normal -0.31090829768388706 0.9504399141614936 0
    outer loop
      vertex -34.34429318457842 25.79338515549898 1.99
      vertex -34.202259838581085 25.839847162365913 4.3999999999999995
      vertex -34.202259838581085 25.839847162365913 1.99
    endloop
  endfacet
  facet normal -0.31090829768388706 0.9504399141614936 0
    outer loop
      vertex -34.34429318457842 25.79338515549898 1.99
      vertex -34.34429318457842 25.79338515549898 4.3999999999999995
      vertex -34.202259838581085 25.839847162365913 4.3999999999999995
    endloop
  endfacet
  facet normal -0.3145175592014342 0.9492516552284607 0
    outer loop
      vertex -34.502210192382336 25.741062179207802 1.99
      vertex -34.34429318457842 25.79338515549898 4.3999999999999995
      vertex -34.34429318457842 25.79338515549898 1.99
    endloop
  endfacet
  facet normal -0.3145175592014342 0.9492516552284607 0
    outer loop
      vertex -34.502210192382336 25.741062179207802 1.99
      vertex -34.502210192382336 25.741062179207802 4.3999999999999995
      vertex -34.34429318457842 25.79338515549898 4.3999999999999995
    endloop
  endfacet
  facet normal -0.3173542945727238 0.9483070450630686 0
    outer loop
      vertex -34.67518353462219 25.683176040649414 1.99
      vertex -34.502210192382336 25.741062179207802 4.3999999999999995
      vertex -34.502210192382336 25.741062179207802 1.99
    endloop
  endfacet
  facet normal -0.3173542945727238 0.9483070450630686 0
    outer loop
      vertex -34.67518353462219 25.683176040649414 1.99
      vertex -34.67518353462219 25.683176040649414 4.3999999999999995
      vertex -34.502210192382336 25.741062179207802 4.3999999999999995
    endloop
  endfacet
  facet normal -0.31965042967950946 0.9475355417110775 0
    outer loop
      vertex -34.86236222088337 25.62003144621849 1.99
      vertex -34.67518353462219 25.683176040649414 4.3999999999999995
      vertex -34.67518353462219 25.683176040649414 1.99
    endloop
  endfacet
  facet normal -0.31965042967950946 0.9475355417110775 0
    outer loop
      vertex -34.86236222088337 25.62003144621849 1.99
      vertex -34.86236222088337 25.62003144621849 4.3999999999999995
      vertex -34.67518353462219 25.683176040649414 4.3999999999999995
    endloop
  endfacet
  facet normal -0.3215540420784066 0.9468912281899322 0
    outer loop
      vertex -35.06288205832243 25.551937073469162 1.99
      vertex -34.86236222088337 25.62003144621849 4.3999999999999995
      vertex -34.86236222088337 25.62003144621849 1.99
    endloop
  endfacet
  facet normal -0.3215540420784066 0.9468912281899322 0
    outer loop
      vertex -35.06288205832243 25.551937073469162 1.99
      vertex -35.06288205832243 25.551937073469162 4.3999999999999995
      vertex -34.86236222088337 25.62003144621849 4.3999999999999995
    endloop
  endfacet
  facet normal -0.3231645976496984 0.9463427723747397 0
    outer loop
      vertex -35.2758708819747 25.47920396924019 1.99
      vertex -35.06288205832243 25.551937073469162 4.3999999999999995
      vertex -35.06288205832243 25.551937073469162 1.99
    endloop
  endfacet
  facet normal -0.3231645976496984 0.9463427723747397 0
    outer loop
      vertex -35.2758708819747 25.47920396924019 1.99
      vertex -35.2758708819747 25.47920396924019 4.3999999999999995
      vertex -35.06288205832243 25.551937073469162 4.3999999999999995
    endloop
  endfacet
  facet normal -0.3245508993514783 0.9458682327523992 0
    outer loop
      vertex -35.50045159459114 25.402144744992256 1.99
      vertex -35.2758708819747 25.47920396924019 4.3999999999999995
      vertex -35.2758708819747 25.47920396924019 1.99
    endloop
  endfacet
  facet normal -0.3245508993514783 0.9458682327523992 0
    outer loop
      vertex -35.50045159459114 25.402144744992256 1.99
      vertex -35.50045159459114 25.402144744992256 4.3999999999999995
      vertex -35.2758708819747 25.47920396924019 4.3999999999999995
    endloop
  endfacet
  facet normal -0.32576253095951585 0.9454516240521513 0
    outer loop
      vertex -35.73574383556843 25.32107301801443 1.99
      vertex -35.50045159459114 25.402144744992256 4.3999999999999995
      vertex -35.50045159459114 25.402144744992256 1.99
    endloop
  endfacet
  facet normal -0.32576253095951585 0.9454516240521513 0
    outer loop
      vertex -35.73574383556843 25.32107301801443 1.99
      vertex -35.73574383556843 25.32107301801443 4.3999999999999995
      vertex -35.50045159459114 25.402144744992256 4.3999999999999995
    endloop
  endfacet
  facet normal -0.3268359592019664 0.9450810842316815 0
    outer loop
      vertex -35.98086506873369 25.236303113400936 1.99
      vertex -35.73574383556843 25.32107301801443 4.3999999999999995
      vertex -35.73574383556843 25.32107301801443 1.99
    endloop
  endfacet
  facet normal -0.3268359592019664 0.9450810842316815 0
    outer loop
      vertex -35.98086506873369 25.236303113400936 1.99
      vertex -35.98086506873369 25.236303113400936 4.3999999999999995
      vertex -35.73574383556843 25.32107301801443 4.3999999999999995
    endloop
  endfacet
  facet normal -0.3277989455361131 0.944747506641543 0
    outer loop
      vertex -36.234931230545044 25.14814980328083 1.99
      vertex -35.98086506873369 25.236303113400936 4.3999999999999995
      vertex -35.98086506873369 25.236303113400936 1.99
    endloop
  endfacet
  facet normal -0.3277989455361131 0.944747506641543 0
    outer loop
      vertex -36.234931230545044 25.14814980328083 1.99
      vertex -36.234931230545044 25.14814980328083 4.3999999999999995
      vertex -35.98086506873369 25.236303113400936 4.3999999999999995
    endloop
  endfacet
  facet normal -0.32867265399859663 0.9444439033174595 0
    outer loop
      vertex -36.49705719202757 25.056928254663944 1.99
      vertex -36.234931230545044 25.14814980328083 4.3999999999999995
      vertex -36.234931230545044 25.14814980328083 1.99
    endloop
  endfacet
  facet normal -0.32867265399859663 0.9444439033174595 0
    outer loop
      vertex -36.49705719202757 25.056928254663944 1.99
      vertex -36.49705719202757 25.056928254663944 4.3999999999999995
      vertex -36.234931230545044 25.14814980328083 4.3999999999999995
    endloop
  endfacet
  facet normal -0.32947405403026675 0.9441646295646015 0
    outer loop
      vertex -36.76635702699423 24.962953850626945 1.99
      vertex -36.49705719202757 25.056928254663944 4.3999999999999995
      vertex -36.49705719202757 25.056928254663944 1.99
    endloop
  endfacet
  facet normal -0.32947405403026675 0.9441646295646015 0
    outer loop
      vertex -36.76635702699423 24.962953850626945 1.99
      vertex -36.76635702699423 24.962953850626945 4.3999999999999995
      vertex -36.49705719202757 25.056928254663944 4.3999999999999995
    endloop
  endfacet
  facet normal -0.33021667473695926 0.943905158226008 0
    outer loop
      vertex -37.04194423556328 24.866542160511017 1.99
      vertex -36.76635702699423 24.962953850626945 4.3999999999999995
      vertex -36.76635702699423 24.962953850626945 1.99
    endloop
  endfacet
  facet normal -0.33021667473695926 0.943905158226008 0
    outer loop
      vertex -37.04194423556328 24.866542160511017 1.99
      vertex -37.04194423556328 24.866542160511017 4.3999999999999995
      vertex -36.76635702699423 24.962953850626945 4.3999999999999995
    endloop
  endfacet
  facet normal -0.3309114845204099 0.943661798216129 0
    outer loop
      vertex -37.32402566075325 24.767625384032726 1.99
      vertex -37.04194423556328 24.866542160511017 4.3999999999999995
      vertex -37.04194423556328 24.866542160511017 1.99
    endloop
  endfacet
  facet normal -0.3309114845204099 0.943661798216129 0
    outer loop
      vertex -37.32402566075325 24.767625384032726 1.99
      vertex -37.32402566075325 24.767625384032726 4.3999999999999995
      vertex -37.04194423556328 24.866542160511017 4.3999999999999995
    endloop
  endfacet
  facet normal -0.342480159036097 0.9395250612232808 0
    outer loop
      vertex -37.60999237746 24.663383431732655 1.99
      vertex -37.32402566075325 24.767625384032726 4.3999999999999995
      vertex -37.32402566075325 24.767625384032726 1.99
    endloop
  endfacet
  facet normal -0.342480159036097 0.9395250612232808 0
    outer loop
      vertex -37.60999237746 24.663383431732655 1.99
      vertex -37.60999237746 24.663383431732655 4.3999999999999995
      vertex -37.32402566075325 24.767625384032726 4.3999999999999995
    endloop
  endfacet
  facet normal -0.34086634422265316 0.940111767491655 0
    outer loop
      vertex -37.903129264712334 24.557097665965557 1.99
      vertex -37.60999237746 24.663383431732655 4.3999999999999995
      vertex -37.60999237746 24.663383431732655 1.99
    endloop
  endfacet
  facet normal -0.34086634422265316 0.940111767491655 0
    outer loop
      vertex -37.903129264712334 24.557097665965557 1.99
      vertex -37.903129264712334 24.557097665965557 4.3999999999999995
      vertex -37.60999237746 24.663383431732655 4.3999999999999995
    endloop
  endfacet
  facet normal -0.339438519939422 0.9406282428150532 0
    outer loop
      vertex -38.203291445970535 24.448780052363873 1.99
      vertex -37.903129264712334 24.557097665965557 4.3999999999999995
      vertex -37.903129264712334 24.557097665965557 1.99
    endloop
  endfacet
  facet normal -0.339438519939422 0.9406282428150532 0
    outer loop
      vertex -38.203291445970535 24.448780052363873 1.99
      vertex -38.203291445970535 24.448780052363873 4.3999999999999995
      vertex -37.903129264712334 24.557097665965557 4.3999999999999995
    endloop
  endfacet
  facet normal -0.33816386832610507 0.9410872425863209 0
    outer loop
      vertex -38.50899452716112 24.338930793106556 1.99
      vertex -38.203291445970535 24.448780052363873 4.3999999999999995
      vertex -38.203291445970535 24.448780052363873 1.99
    endloop
  endfacet
  facet normal -0.33816386832610507 0.9410872425863209 0
    outer loop
      vertex -38.50899452716112 24.338930793106556 1.99
      vertex -38.50899452716112 24.338930793106556 4.3999999999999995
      vertex -38.203291445970535 24.448780052363873 4.3999999999999995
    endloop
  endfacet
  facet normal -0.33701660300412106 0.9414987038225612 0
    outer loop
      vertex -38.81876039505005 24.228047750890255 1.99
      vertex -38.50899452716112 24.338930793106556 4.3999999999999995
      vertex -38.50899452716112 24.338930793106556 1.99
    endloop
  endfacet
  facet normal -0.33701660300412106 0.9414987038225612 0
    outer loop
      vertex -38.81876039505005 24.228047750890255 1.99
      vertex -38.81876039505005 24.228047750890255 4.3999999999999995
      vertex -38.50899452716112 24.338930793106556 4.3999999999999995
    endloop
  endfacet
  facet normal -0.335975853453991 0.9418705993372245 0
    outer loop
      vertex -39.13110416382551 24.11663120985031 1.99
      vertex -38.81876039505005 24.228047750890255 4.3999999999999995
      vertex -38.81876039505005 24.228047750890255 1.99
    endloop
  endfacet
  facet normal -0.335975853453991 0.9418705993372245 0
    outer loop
      vertex -39.13110416382551 24.11663120985031 1.99
      vertex -39.13110416382551 24.11663120985031 4.3999999999999995
      vertex -38.81876039505005 24.228047750890255 4.3999999999999995
    endloop
  endfacet
  facet normal -0.3350247196326101 0.9422093383293816 0
    outer loop
      vertex -39.444560162723064 24.005174547433853 1.99
      vertex -39.13110416382551 24.11663120985031 4.3999999999999995
      vertex -39.13110416382551 24.11663120985031 1.99
    endloop
  endfacet
  facet normal -0.3350247196326101 0.9422093383293816 0
    outer loop
      vertex -39.444560162723064 24.005174547433853 1.99
      vertex -39.444560162723064 24.005174547433853 4.3999999999999995
      vertex -39.13110416382551 24.11663120985031 4.3999999999999995
    endloop
  endfacet
  facet normal -0.3341489589909467 0.9425202773443481 0
    outer loop
      vertex -39.75762824714184 23.894183434545994 1.99
      vertex -39.444560162723064 24.005174547433853 4.3999999999999995
      vertex -39.444560162723064 24.005174547433853 1.99
    endloop
  endfacet
  facet normal -0.3341489589909467 0.9425202773443481 0
    outer loop
      vertex -39.75762824714184 23.894183434545994 1.99
      vertex -39.75762824714184 23.894183434545994 4.3999999999999995
      vertex -39.444560162723064 24.005174547433853 4.3999999999999995
    endloop
  endfacet
  facet normal -0.3333367224776492 0.9428078433317462 0
    outer loop
      vertex -40.06883701682091 23.784153260290623 1.99
      vertex -39.75762824714184 23.894183434545994 4.3999999999999995
      vertex -39.75762824714184 23.894183434545994 1.99
    endloop
  endfacet
  facet normal -0.3333367224776492 0.9428078433317462 0
    outer loop
      vertex -40.06883701682091 23.784153260290623 1.99
      vertex -40.06883701682091 23.784153260290623 4.3999999999999995
      vertex -39.75762824714184 23.894183434545994 4.3999999999999995
    endloop
  endfacet
  facet normal -0.3325776012621089 0.9430758925657794 0
    outer loop
      vertex -40.37671633064747 23.675579003989697 1.99
      vertex -40.06883701682091 23.784153260290623 4.3999999999999995
      vertex -40.06883701682091 23.784153260290623 1.99
    endloop
  endfacet
  facet normal -0.3325776012621089 0.9430758925657794 0
    outer loop
      vertex -40.37671633064747 23.675579003989697 1.99
      vertex -40.37671633064747 23.675579003989697 4.3999999999999995
      vertex -40.06883701682091 23.784153260290623 4.3999999999999995
    endloop
  endfacet
  facet normal -0.3318624286641398 0.9433277947994211 0
    outer loop
      vertex -40.679792024195194 23.568957068026066 1.99
      vertex -40.37671633064747 23.675579003989697 4.3999999999999995
      vertex -40.37671633064747 23.675579003989697 1.99
    endloop
  endfacet
  facet normal -0.3318624286641398 0.9433277947994211 0
    outer loop
      vertex -40.679792024195194 23.568957068026066 1.99
      vertex -40.679792024195194 23.568957068026066 4.3999999999999995
      vertex -40.37671633064747 23.675579003989697 4.3999999999999995
    endloop
  endfacet
  facet normal -0.33118284689879596 0.9435665964414004 0
    outer loop
      vertex -40.97655361890793 23.46479658782482 1.99
      vertex -40.679792024195194 23.568957068026066 4.3999999999999995
      vertex -40.679792024195194 23.568957068026066 1.99
    endloop
  endfacet
  facet normal -0.33118284689879596 0.9435665964414004 0
    outer loop
      vertex -40.97655361890793 23.46479658782482 1.99
      vertex -40.97655361890793 23.46479658782482 4.3999999999999995
      vertex -40.679792024195194 23.568957068026066 4.3999999999999995
    endloop
  endfacet
  facet normal -0.33053077668550657 0.9437952138380845 0
    outer loop
      vertex -41.265566006302834 23.363580256700516 1.99
      vertex -40.97655361890793 23.46479658782482 4.3999999999999995
      vertex -40.97655361890793 23.46479658782482 1.99
    endloop
  endfacet
  facet normal -0.33053077668550657 0.9437952138380845 0
    outer loop
      vertex -41.265566006302834 23.363580256700516 1.99
      vertex -41.265566006302834 23.363580256700516 4.3999999999999995
      vertex -40.97655361890793 23.46479658782482 4.3999999999999995
    endloop
  endfacet
  facet normal -0.32989840973368645 0.9440164401403106 0
    outer loop
      vertex -41.54531370103359 23.265818908810616 1.99
      vertex -41.265566006302834 23.363580256700516 4.3999999999999995
      vertex -41.265566006302834 23.363580256700516 1.99
    endloop
  endfacet
  facet normal -0.32989840973368645 0.9440164401403106 0
    outer loop
      vertex -41.54531370103359 23.265818908810616 1.99
      vertex -41.54531370103359 23.265818908810616 4.3999999999999995
      vertex -41.265566006302834 23.363580256700516 4.3999999999999995
    endloop
  endfacet
  facet normal -0.32927734284220705 0.9442332505746531 0
    outer loop
      vertex -41.81434131413698 23.172002367675304 1.99
      vertex -41.54531370103359 23.265818908810616 4.3999999999999995
      vertex -41.54531370103359 23.265818908810616 1.99
    endloop
  endfacet
  facet normal -0.32927734284220705 0.9442332505746531 0
    outer loop
      vertex -41.81434131413698 23.172002367675304 1.99
      vertex -41.81434131413698 23.172002367675304 4.3999999999999995
      vertex -41.54531370103359 23.265818908810616 4.3999999999999995
    endloop
  endfacet
  facet normal -0.3286584454530646 0.9444488478643907 0
    outer loop
      vertex -42.07117586582899 23.082626596093178 1.99
      vertex -41.81434131413698 23.172002367675304 4.3999999999999995
      vertex -41.81434131413698 23.172002367675304 1.99
    endloop
  endfacet
  facet normal -0.3286584454530646 0.9444488478643907 0
    outer loop
      vertex -42.07117586582899 23.082626596093178 1.99
      vertex -42.07117586582899 23.082626596093178 4.3999999999999995
      vertex -41.81434131413698 23.172002367675304 4.3999999999999995
    endloop
  endfacet
  facet normal -0.3280308114774079 0.9446670242585338 0
    outer loop
      vertex -42.31430673599243 22.99820064008236 1.99
      vertex -42.07117586582899 23.082626596093178 4.3999999999999995
      vertex -42.07117586582899 23.082626596093178 1.99
    endloop
  endfacet
  facet normal -0.3280308114774079 0.9446670242585338 0
    outer loop
      vertex -42.31430673599243 22.99820064008236 1.99
      vertex -42.31430673599243 22.99820064008236 4.3999999999999995
      vertex -42.07117586582899 23.082626596093178 4.3999999999999995
    endloop
  endfacet
  facet normal -0.3273806455745287 0.944892540399809 0
    outer loop
      vertex -42.54228087514639 22.91921354085207 1.99
      vertex -42.31430673599243 22.99820064008236 4.3999999999999995
      vertex -42.31430673599243 22.99820064008236 1.99
    endloop
  endfacet
  facet normal -0.3273806455745287 0.944892540399809 0
    outer loop
      vertex -42.54228087514639 22.91921354085207 1.99
      vertex -42.54228087514639 22.91921354085207 4.3999999999999995
      vertex -42.31430673599243 22.99820064008236 4.3999999999999995
    endloop
  endfacet
  facet normal -0.32668959570890915 0.9451316882083414 0
    outer loop
      vertex -42.7536169141531 22.846164159476757 1.99
      vertex -42.54228087514639 22.91921354085207 4.3999999999999995
      vertex -42.54228087514639 22.91921354085207 1.99
    endloop
  endfacet
  facet normal -0.32668959570890915 0.9451316882083414 0
    outer loop
      vertex -42.7536169141531 22.846164159476757 1.99
      vertex -42.7536169141531 22.846164159476757 4.3999999999999995
      vertex -42.54228087514639 22.91921354085207 4.3999999999999995
    endloop
  endfacet
  facet normal -0.3259312437675275 0.945393475932721 0
    outer loop
      vertex -42.947363406419754 22.77936865389347 1.99
      vertex -42.7536169141531 22.846164159476757 4.3999999999999995
      vertex -42.7536169141531 22.846164159476757 1.99
    endloop
  endfacet
  facet normal -0.3259312437675275 0.945393475932721 0
    outer loop
      vertex -42.947363406419754 22.77936865389347 1.99
      vertex -42.947363406419754 22.77936865389347 4.3999999999999995
      vertex -42.7536169141531 22.846164159476757 4.3999999999999995
    endloop
  endfacet
  facet normal -0.33049562945810557 0.9438075221723393 0
    outer loop
      vertex -43.144135877490044 22.71046430617571 1.99
      vertex -42.947363406419754 22.77936865389347 4.3999999999999995
      vertex -42.947363406419754 22.77936865389347 1.99
    endloop
  endfacet
  facet normal -0.33049562945810557 0.9438075221723393 0
    outer loop
      vertex -43.144135877490044 22.71046430617571 1.99
      vertex -43.144135877490044 22.71046430617571 4.3999999999999995
      vertex -42.947363406419754 22.77936865389347 4.3999999999999995
    endloop
  endfacet
  facet normal -0.33067274310431427 0.9437454831509756 0
    outer loop
      vertex -43.370140857994556 22.631275914609432 1.99
      vertex -43.144135877490044 22.71046430617571 4.3999999999999995
      vertex -43.144135877490044 22.71046430617571 1.99
    endloop
  endfacet
  facet normal -0.33067274310431427 0.9437454831509756 0
    outer loop
      vertex -43.370140857994556 22.631275914609432 1.99
      vertex -43.370140857994556 22.631275914609432 4.3999999999999995
      vertex -43.144135877490044 22.71046430617571 4.3999999999999995
    endloop
  endfacet
  facet normal -0.3307373816663459 0.9437228323869726 0
    outer loop
      vertex -43.62384892255068 22.542361311614513 1.99
      vertex -43.370140857994556 22.631275914609432 4.3999999999999995
      vertex -43.370140857994556 22.631275914609432 1.99
    endloop
  endfacet
  facet normal -0.3307373816663459 0.9437228323869726 0
    outer loop
      vertex -43.62384892255068 22.542361311614513 1.99
      vertex -43.62384892255068 22.542361311614513 4.3999999999999995
      vertex -43.370140857994556 22.631275914609432 4.3999999999999995
    endloop
  endfacet
  facet normal 0.7071067811865476 0.7071067811865476 0
    outer loop
      vertex -43.62384893000126 22.542361319065094 1.99
      vertex -43.62384892255068 22.542361311614513 4.3999999999999995
      vertex -43.62384892255068 22.542361311614513 1.99
    endloop
  endfacet
  facet normal 0.7071067811865476 0.7071067811865476 0
    outer loop
      vertex -43.62384893000126 22.542361319065094 1.99
      vertex -43.62384893000126 22.542361319065094 4.3999999999999995
      vertex -43.62384892255068 22.542361311614513 4.3999999999999995
    endloop
  endfacet
  facet normal -0.3307243451105098 0.9437274010810666 0
    outer loop
      vertex -43.90331780910492 22.444422908127308 1.99
      vertex -43.62384893000126 22.542361319065094 4.3999999999999995
      vertex -43.62384893000126 22.542361319065094 1.99
    endloop
  endfacet
  facet normal -0.3307243451105098 0.9437274010810666 0
    outer loop
      vertex -43.90331780910492 22.444422908127308 1.99
      vertex -43.90331780910492 22.444422908127308 4.3999999999999995
      vertex -43.62384893000126 22.542361319065094 4.3999999999999995
    endloop
  endfacet
  facet normal -0.7071067811865476 -0.7071067811865476 0
    outer loop
      vertex -43.90331780165434 22.444422900676727 1.99
      vertex -43.90331780910492 22.444422908127308 4.3999999999999995
      vertex -43.90331780910492 22.444422908127308 1.99
    endloop
  endfacet
  facet normal -0.7071067811865476 -0.7071067811865476 0
    outer loop
      vertex -43.90331780165434 22.444422900676727 1.99
      vertex -43.90331780165434 22.444422900676727 4.3999999999999995
      vertex -43.90331780910492 22.444422908127308 4.3999999999999995
    endloop
  endfacet
  facet normal -0.33065323365891464 0.9437523187102129 0
    outer loop
      vertex -44.20657843351364 22.33817245066166 1.99
      vertex -43.90331780165434 22.444422900676727 4.3999999999999995
      vertex -43.90331780165434 22.444422900676727 1.99
    endloop
  endfacet
  facet normal -0.33065323365891464 0.9437523187102129 0
    outer loop
      vertex -44.20657843351364 22.33817245066166 1.99
      vertex -44.20657843351364 22.33817245066166 4.3999999999999995
      vertex -43.90331780165434 22.444422900676727 4.3999999999999995
    endloop
  endfacet
  facet normal -0.7071067811865476 -0.7071067811865476 0
    outer loop
      vertex -44.20657842606306 22.33817244321108 1.99
      vertex -44.20657843351364 22.33817245066166 4.3999999999999995
      vertex -44.20657843351364 22.33817245066166 1.99
    endloop
  endfacet
  facet normal -0.7071067811865476 -0.7071067811865476 0
    outer loop
      vertex -44.20657842606306 22.33817244321108 1.99
      vertex -44.20657842606306 22.33817244321108 4.3999999999999995
      vertex -44.20657843351364 22.33817245066166 4.3999999999999995
    endloop
  endfacet
  facet normal -0.3305354735479917 0.9437935689155785 0
    outer loop
      vertex -44.53164545446634 22.224327437579632 1.99
      vertex -44.20657842606306 22.33817244321108 4.3999999999999995
      vertex -44.20657842606306 22.33817244321108 1.99
    endloop
  endfacet
  facet normal -0.3305354735479917 0.9437935689155785 0
    outer loop
      vertex -44.53164545446634 22.224327437579632 1.99
      vertex -44.53164545446634 22.224327437579632 4.3999999999999995
      vertex -44.20657842606306 22.33817244321108 4.3999999999999995
    endloop
  endfacet
  facet normal -0.3303779588326435 0.9438487189786169 0
    outer loop
      vertex -44.87665605545044 22.10356242954731 1.99
      vertex -44.53164545446634 22.224327437579632 4.3999999999999995
      vertex -44.53164545446634 22.224327437579632 1.99
    endloop
  endfacet
  facet normal -0.3303779588326435 0.9438487189786169 0
    outer loop
      vertex -44.87665605545044 22.10356242954731 1.99
      vertex -44.87665605545044 22.10356242954731 4.3999999999999995
      vertex -44.53164545446634 22.224327437579632 4.3999999999999995
    endloop
  endfacet
  facet normal -0.33018460310072045 0.943916377586076 0
    outer loop
      vertex -45.239532984793186 21.976627059280872 1.99
      vertex -44.87665605545044 22.10356242954731 4.3999999999999995
      vertex -44.87665605545044 22.10356242954731 1.99
    endloop
  endfacet
  facet normal -0.33018460310072045 0.943916377586076 0
    outer loop
      vertex -45.239532984793186 21.976627059280872 1.99
      vertex -45.239532984793186 21.976627059280872 4.3999999999999995
      vertex -44.87665605545044 22.10356242954731 4.3999999999999995
    endloop
  endfacet
  facet normal -0.32995747712615764 0.9439957962239774 0
    outer loop
      vertex -45.61838351935148 21.844206377863884 1.99
      vertex -45.239532984793186 21.976627059280872 4.3999999999999995
      vertex -45.239532984793186 21.976627059280872 1.99
    endloop
  endfacet
  facet normal -0.32995747712615764 0.9439957962239774 0
    outer loop
      vertex -45.61838351935148 21.844206377863884 1.99
      vertex -45.61838351935148 21.844206377863884 4.3999999999999995
      vertex -45.239532984793186 21.976627059280872 4.3999999999999995
    endloop
  endfacet
  facet normal -0.32969726032922797 0.9440867102821653 0
    outer loop
      vertex -46.01127066463232 21.707000955939293 1.99
      vertex -45.61838351935148 21.844206377863884 4.3999999999999995
      vertex -45.61838351935148 21.844206377863884 1.99
    endloop
  endfacet
  facet normal -0.32969726032922797 0.9440867102821653 0
    outer loop
      vertex -46.01127066463232 21.707000955939293 1.99
      vertex -46.01127066463232 21.707000955939293 4.3999999999999995
      vertex -45.61838351935148 21.844206377863884 4.3999999999999995
    endloop
  endfacet
  facet normal -0.32940360098462035 0.9441892117888051 0
    outer loop
      vertex -46.416180811822414 21.56573810428381 1.99
      vertex -46.01127066463232 21.707000955939293 4.3999999999999995
      vertex -46.01127066463232 21.707000955939293 1.99
    endloop
  endfacet
  facet normal -0.32940360098462035 0.9441892117888051 0
    outer loop
      vertex -46.416180811822414 21.56573810428381 1.99
      vertex -46.416180811822414 21.56573810428381 4.3999999999999995
      vertex -46.01127066463232 21.707000955939293 4.3999999999999995
    endloop
  endfacet
  facet normal -0.32907518782892325 0.9443037227266229 0
    outer loop
      vertex -46.83118062466383 21.42111711204052 1.99
      vertex -46.416180811822414 21.56573810428381 4.3999999999999995
      vertex -46.416180811822414 21.56573810428381 1.99
    endloop
  endfacet
  facet normal -0.32907518782892325 0.9443037227266229 0
    outer loop
      vertex -46.83118062466383 21.42111711204052 1.99
      vertex -46.83118062466383 21.42111711204052 4.3999999999999995
      vertex -46.416180811822414 21.56573810428381 4.3999999999999995
    endloop
  endfacet
  facet normal -0.32870992974359287 0.9444309302897498 0
    outer loop
      vertex -47.254317693412304 21.27384392172098 1.99
      vertex -46.83118062466383 21.42111711204052 4.3999999999999995
      vertex -46.83118062466383 21.42111711204052 1.99
    endloop
  endfacet
  facet normal -0.32870992974359287 0.9444309302897498 0
    outer loop
      vertex -47.254317693412304 21.27384392172098 1.99
      vertex -47.254317693412304 21.27384392172098 4.3999999999999995
      vertex -46.83118062466383 21.42111711204052 4.3999999999999995
    endloop
  endfacet
  facet normal -0.3283048476138929 0.9445718220618369 0
    outer loop
      vertex -47.683625772595406 21.12462930381298 1.99
      vertex -47.254317693412304 21.27384392172098 4.3999999999999995
      vertex -47.254317693412304 21.27384392172098 1.99
    endloop
  endfacet
  facet normal -0.3283048476138929 0.9445718220618369 0
    outer loop
      vertex -47.683625772595406 21.12462930381298 1.99
      vertex -47.683625772595406 21.12462930381298 4.3999999999999995
      vertex -47.254317693412304 21.27384392172098 4.3999999999999995
    endloop
  endfacet
  facet normal -0.32785612204028813 0.9447276661772449 0
    outer loop
      vertex -48.11711446940899 20.97419238090515 1.99
      vertex -47.683625772595406 21.12462930381298 4.3999999999999995
      vertex -47.683625772595406 21.12462930381298 1.99
    endloop
  endfacet
  facet normal -0.32785612204028813 0.9447276661772449 0
    outer loop
      vertex -48.11711446940899 20.97419238090515 1.99
      vertex -48.11711446940899 20.97419238090515 4.3999999999999995
      vertex -47.683625772595406 21.12462930381298 4.3999999999999995
    endloop
  endfacet
  facet normal -0.32735886573221706 0.9449000862665408 0
    outer loop
      vertex -48.55288852006197 20.823219276964664 1.99
      vertex -48.11711446940899 20.97419238090515 4.3999999999999995
      vertex -48.11711446940899 20.97419238090515 1.99
    endloop
  endfacet
  facet normal -0.32735886573221706 0.9449000862665408 0
    outer loop
      vertex -48.55288852006197 20.823219276964664 1.99
      vertex -48.55288852006197 20.823219276964664 4.3999999999999995
      vertex -48.11711446940899 20.97419238090515 4.3999999999999995
    endloop
  endfacet
  facet normal -0.32680704121072407 0.9450910844014412 0
    outer loop
      vertex -48.98894402384758 20.67243380099535 1.99
      vertex -48.55288852006197 20.823219276964664 4.3999999999999995
      vertex -48.55288852006197 20.823219276964664 1.99
    endloop
  endfacet
  facet normal -0.32680704121072407 0.9450910844014412 0
    outer loop
      vertex -48.98894402384758 20.67243380099535 1.99
      vertex -48.98894402384758 20.67243380099535 4.3999999999999995
      vertex -48.55288852006197 20.823219276964664 4.3999999999999995
    endloop
  endfacet
  facet normal -0.3261932289350832 0.945303114031105 0
    outer loop
      vertex -49.42331935465336 20.52254506200552 1.99
      vertex -48.98894402384758 20.67243380099535 4.3999999999999995
      vertex -48.98894402384758 20.67243380099535 1.99
    endloop
  endfacet
  facet normal -0.3261932289350832 0.945303114031105 0
    outer loop
      vertex -49.42331935465336 20.52254506200552 1.99
      vertex -49.42331935465336 20.52254506200552 4.3999999999999995
      vertex -48.98894402384758 20.67243380099535 4.3999999999999995
    endloop
  endfacet
  facet normal -0.325508161742399 0.9455392306187429 0
    outer loop
      vertex -49.85405636578798 20.37426098436117 1.99
      vertex -49.42331935465336 20.52254506200552 4.3999999999999995
      vertex -49.42331935465336 20.52254506200552 1.99
    endloop
  endfacet
  facet normal -0.325508161742399 0.9455392306187429 0
    outer loop
      vertex -49.85405636578798 20.37426098436117 1.99
      vertex -49.85405636578798 20.37426098436117 4.3999999999999995
      vertex -49.42331935465336 20.52254506200552 4.3999999999999995
    endloop
  endfacet
  facet normal -0.3247404576358587 0.9458031693616029 0
    outer loop
      vertex -50.279784083366394 20.228087849915028 1.99
      vertex -49.85405636578798 20.37426098436117 4.3999999999999995
      vertex -49.85405636578798 20.37426098436117 1.99
    endloop
  endfacet
  facet normal -0.3247404576358587 0.9458031693616029 0
    outer loop
      vertex -50.279784083366394 20.228087849915028 1.99
      vertex -50.279784083366394 20.228087849915028 4.3999999999999995
      vertex -49.85405636578798 20.37426098436117 4.3999999999999995
    endloop
  endfacet
  facet normal -0.3295256811013936 0.9441466122878706 4.9971947097604285e-17
    outer loop
      vertex -55.502033442258835 18.405420422554016 1.99
      vertex -50.279784083366394 20.228087849915028 4.3999999999999995
      vertex -50.279784083366394 20.228087849915028 1.99
    endloop
  endfacet
  facet normal -0.3295256811013936 0.9441466122878706 0
    outer loop
      vertex -55.502033442258835 18.405420422554016 1.99
      vertex -55.502033442258835 18.405420422554016 4.3999999999999995
      vertex -50.279784083366394 20.228087849915028 4.3999999999999995
    endloop
  endfacet
  facet normal -0.9639114236076977 0.26622315346074166 2.055959988019037e-17
    outer loop
      vertex -56.69507163763046 14.085799343883991 1.99
      vertex -55.502033442258835 18.405420422554016 4.3999999999999995
      vertex -55.502033442258835 18.405420422554016 1.99
    endloop
  endfacet
  facet normal -0.9639114236076977 0.26622315346074166 0
    outer loop
      vertex -56.69507163763046 14.085799343883991 1.99
      vertex -56.69507163763046 14.085799343883991 4.3999999999999995
      vertex -55.502033442258835 18.405420422554016 4.3999999999999995
    endloop
  endfacet
  facet normal -0.9633667716428387 0.26818736602318693 0
    outer loop
      vertex -56.791381634771824 13.739840276539326 1.99
      vertex -56.69507163763046 14.085799343883991 4.3999999999999995
      vertex -56.69507163763046 14.085799343883991 1.99
    endloop
  endfacet
  facet normal -0.9633667716428387 0.26818736602318693 0
    outer loop
      vertex -56.791381634771824 13.739840276539326 1.99
      vertex -56.791381634771824 13.739840276539326 4.3999999999999995
      vertex -56.69507163763046 14.085799343883991 4.3999999999999995
    endloop
  endfacet
  facet normal -0.9633007285084848 0.2684244892982424 0
    outer loop
      vertex -56.88737428933382 13.395349375903606 1.99
      vertex -56.791381634771824 13.739840276539326 4.3999999999999995
      vertex -56.791381634771824 13.739840276539326 1.99
    endloop
  endfacet
  facet normal -0.9633007285084848 0.2684244892982424 0
    outer loop
      vertex -56.88737428933382 13.395349375903606 1.99
      vertex -56.88737428933382 13.395349375903606 4.3999999999999995
      vertex -56.791381634771824 13.739840276539326 4.3999999999999995
    endloop
  endfacet
  facet normal -0.9632280170038996 0.268685294087219 0
    outer loop
      vertex -56.9826410934329 13.053820990025997 1.99
      vertex -56.88737428933382 13.395349375903606 4.3999999999999995
      vertex -56.88737428933382 13.395349375903606 1.99
    endloop
  endfacet
  facet normal -0.9632280170038996 0.268685294087219 0
    outer loop
      vertex -56.9826410934329 13.053820990025997 1.99
      vertex -56.9826410934329 13.053820990025997 4.3999999999999995
      vertex -56.88737428933382 13.395349375903606 4.3999999999999995
    endloop
  endfacet
  facet normal -0.9631475877460265 0.2689734637822292 0
    outer loop
      vertex -57.076821856200695 12.716575920581818 1.99
      vertex -56.9826410934329 13.053820990025997 4.3999999999999995
      vertex -56.9826410934329 13.053820990025997 1.99
    endloop
  endfacet
  facet normal -0.9631475877460265 0.2689734637822292 0
    outer loop
      vertex -57.076821856200695 12.716575920581818 1.99
      vertex -57.076821856200695 12.716575920581818 4.3999999999999995
      vertex -56.9826410934329 13.053820990025997 4.3999999999999995
    endloop
  endfacet
  facet normal -0.9630581578245188 0.26929349165481953 0
    outer loop
      vertex -57.169558711349964 12.384926669299603 1.99
      vertex -57.076821856200695 12.716575920581818 4.3999999999999995
      vertex -57.076821856200695 12.716575920581818 1.99
    endloop
  endfacet
  facet normal -0.9630581578245188 0.26929349165481953 0
    outer loop
      vertex -57.169558711349964 12.384926669299603 1.99
      vertex -57.169558711349964 12.384926669299603 4.3999999999999995
      vertex -57.076821856200695 12.716575920581818 4.3999999999999995
    endloop
  endfacet
  facet normal -0.9629581383867108 0.2696509293787069 0
    outer loop
      vertex -57.26048082113266 12.060232125222683 1.99
      vertex -57.169558711349964 12.384926669299603 4.3999999999999995
      vertex -57.169558711349964 12.384926669299603 1.99
    endloop
  endfacet
  facet normal -0.9629581383867108 0.2696509293787069 0
    outer loop
      vertex -57.26048082113266 12.060232125222683 1.99
      vertex -57.26048082113266 12.060232125222683 4.3999999999999995
      vertex -57.169558711349964 12.384926669299603 4.3999999999999995
    endloop
  endfacet
  facet normal -0.962845555499333 0.27005265459754474 0
    outer loop
      vertex -57.34923642128706 11.743782967329025 1.99
      vertex -57.26048082113266 12.060232125222683 4.3999999999999995
      vertex -57.26048082113266 12.060232125222683 1.99
    endloop
  endfacet
  facet normal -0.962845555499333 0.27005265459754474 0
    outer loop
      vertex -57.34923642128706 11.743782967329025 1.99
      vertex -57.34923642128706 11.743782967329025 4.3999999999999995
      vertex -57.26048082113266 12.060232125222683 4.3999999999999995
    endloop
  endfacet
  facet normal -0.9627178841184345 0.2705074409300502 0
    outer loop
      vertex -57.43544938415289 11.43695680052042 1.99
      vertex -57.34923642128706 11.743782967329025 4.3999999999999995
      vertex -57.34923642128706 11.743782967329025 1.99
    endloop
  endfacet
  facet normal -0.9627178841184345 0.2705074409300502 0
    outer loop
      vertex -57.43544938415289 11.43695680052042 1.99
      vertex -57.43544938415289 11.43695680052042 4.3999999999999995
      vertex -57.34923642128706 11.743782967329025 4.3999999999999995
    endloop
  endfacet
  facet normal -0.962571890668817 0.2710264844886179 0
    outer loop
      vertex -57.518767327070236 11.141046568751335 1.99
      vertex -57.43544938415289 11.43695680052042 4.3999999999999995
      vertex -57.43544938415289 11.43695680052042 1.99
    endloop
  endfacet
  facet normal -0.962571890668817 0.2710264844886179 0
    outer loop
      vertex -57.518767327070236 11.141046568751335 1.99
      vertex -57.518767327070236 11.141046568751335 4.3999999999999995
      vertex -57.43544938415289 11.43695680052042 4.3999999999999995
    endloop
  endfacet
  facet normal -0.9624033459278271 0.2716243725200727 0
    outer loop
      vertex -57.59882961958647 10.857374608516693 1.99
      vertex -57.518767327070236 11.141046568751335 4.3999999999999995
      vertex -57.518767327070236 11.141046568751335 1.99
    endloop
  endfacet
  facet normal -0.9624033459278271 0.2716243725200727 0
    outer loop
      vertex -57.59882961958647 10.857374608516693 1.99
      vertex -57.59882961958647 10.857374608516693 4.3999999999999995
      vertex -57.518767327070236 11.141046568751335 4.3999999999999995
    endloop
  endfacet
  facet normal -0.9622065712833217 0.2723206091708706 0
    outer loop
      vertex -57.67526599764824 10.587297417223454 1.99
      vertex -57.59882961958647 10.857374608516693 4.3999999999999995
      vertex -57.59882961958647 10.857374608516693 1.99
    endloop
  endfacet
  facet normal -0.9622065712833217 0.2723206091708706 0
    outer loop
      vertex -57.67526599764824 10.587297417223454 1.99
      vertex -57.67526599764824 10.587297417223454 4.3999999999999995
      vertex -57.59882961958647 10.857374608516693 4.3999999999999995
    endloop
  endfacet
  facet normal -0.9619738948293235 0.27314140233018763 0
    outer loop
      vertex -57.747717805206776 10.332130141556263 1.99
      vertex -57.67526599764824 10.587297417223454 4.3999999999999995
      vertex -57.67526599764824 10.587297417223454 1.99
    endloop
  endfacet
  facet normal -0.9619738948293235 0.27314140233018763 0
    outer loop
      vertex -57.747717805206776 10.332130141556263 1.99
      vertex -57.747717805206776 10.332130141556263 4.3999999999999995
      vertex -57.67526599764824 10.587297417223454 4.3999999999999995
    endloop
  endfacet
  facet normal -0.9616944872154786 0.2741235364928698 0
    outer loop
      vertex -57.81581910699606 10.093213602900505 1.99
      vertex -57.747717805206776 10.332130141556263 4.3999999999999995
      vertex -57.747717805206776 10.332130141556263 1.99
    endloop
  endfacet
  facet normal -0.9616944872154786 0.2741235364928698 0
    outer loop
      vertex -57.81581910699606 10.093213602900505 1.99
      vertex -57.81581910699606 10.093213602900505 4.3999999999999995
      vertex -57.747717805206776 10.332130141556263 4.3999999999999995
    endloop
  endfacet
  facet normal -0.9613527464553531 0.2753196267663268 0
    outer loop
      vertex -57.879205115139484 9.871884256601334 1.99
      vertex -57.81581910699606 10.093213602900505 4.3999999999999995
      vertex -57.81581910699606 10.093213602900505 1.99
    endloop
  endfacet
  facet normal -0.9613527464553531 0.2753196267663268 0
    outer loop
      vertex -57.879205115139484 9.871884256601334 1.99
      vertex -57.879205115139484 9.871884256601334 4.3999999999999995
      vertex -57.81581910699606 10.093213602900505 4.3999999999999995
    endloop
  endfacet
  facet normal -0.9609252014246813 0.2768081596827229 0
    outer loop
      vertex -57.93750722706318 9.669491492211819 1.99
      vertex -57.879205115139484 9.871884256601334 4.3999999999999995
      vertex -57.879205115139484 9.871884256601334 1.99
    endloop
  endfacet
  facet normal -0.9609252014246813 0.2768081596827229 0
    outer loop
      vertex -57.93750722706318 9.669491492211819 1.99
      vertex -57.93750722706318 9.669491492211819 4.3999999999999995
      vertex -57.879205115139484 9.871884256601334 4.3999999999999995
    endloop
  endfacet
  facet normal -0.960374974571369 0.27871115553031284 0
    outer loop
      vertex -57.990353949368 9.487393759191036 1.99
      vertex -57.93750722706318 9.669491492211819 4.3999999999999995
      vertex -57.93750722706318 9.669491492211819 1.99
    endloop
  endfacet
  facet normal -0.960374974571369 0.27871115553031284 0
    outer loop
      vertex -57.990353949368 9.487393759191036 1.99
      vertex -57.990353949368 9.487393759191036 4.3999999999999995
      vertex -57.93750722706318 9.669491492211819 4.3999999999999995
    endloop
  endfacet
  facet normal -0.95964051712006 0.2812295821949454 0
    outer loop
      vertex -58.03736840933561 9.326966181397438 1.99
      vertex -57.990353949368 9.487393759191036 4.3999999999999995
      vertex -57.990353949368 9.487393759191036 1.99
    endloop
  endfacet
  facet normal -0.95964051712006 0.2812295821949454 0
    outer loop
      vertex -58.03736840933561 9.326966181397438 1.99
      vertex -58.03736840933561 9.326966181397438 4.3999999999999995
      vertex -57.990353949368 9.487393759191036 4.3999999999999995
    endloop
  endfacet
  facet normal -0.9586109332112923 0.2847192981302375 0
    outer loop
      vertex -58.07815393805504 9.189646884799004 1.99
      vertex -58.03736840933561 9.326966181397438 4.3999999999999995
      vertex -58.03736840933561 9.326966181397438 1.99
    endloop
  endfacet
  facet normal -0.9586109332112923 0.2847192981302375 0
    outer loop
      vertex -58.07815393805504 9.189646884799004 1.99
      vertex -58.07815393805504 9.189646884799004 4.3999999999999995
      vertex -58.03736840933561 9.326966181397438 4.3999999999999995
    endloop
  endfacet
  facet normal -0.9570640842570325 0.28987641957435567 0
    outer loop
      vertex -58.112277425825596 9.076983824372292 1.99
      vertex -58.07815393805504 9.189646884799004 4.3999999999999995
      vertex -58.07815393805504 9.189646884799004 1.99
    endloop
  endfacet
  facet normal -0.9570640842570325 0.28987641957435567 0
    outer loop
      vertex -58.112277425825596 9.076983824372292 1.99
      vertex -58.112277425825596 9.076983824372292 4.3999999999999995
      vertex -58.07815393805504 9.189646884799004 4.3999999999999995
    endloop
  endfacet
  facet normal -0.9544818755931586 0.29826892088208967 0
    outer loop
      vertex -58.14034661650658 8.98716040700674 1.99
      vertex -58.112277425825596 9.076983824372292 4.3999999999999995
      vertex -58.112277425825596 9.076983824372292 1.99
    endloop
  endfacet
  facet normal -0.9544818755931586 0.29826892088208967 0
    outer loop
      vertex -58.14034661650658 8.98716040700674 1.99
      vertex -58.14034661650658 8.98716040700674 4.3999999999999995
      vertex -58.112277425825596 9.076983824372292 4.3999999999999995
    endloop
  endfacet
  facet normal -0.9609232517959491 0.2768149276283686 0
    outer loop
      vertex -58.16193323582411 8.912225559353828 1.99
      vertex -58.14034661650658 8.98716040700674 4.3999999999999995
      vertex -58.14034661650658 8.98716040700674 1.99
    endloop
  endfacet
  facet normal -0.9609232517959491 0.2768149276283686 0
    outer loop
      vertex -58.16193323582411 8.912225559353828 1.99
      vertex -58.16193323582411 8.912225559353828 4.3999999999999995
      vertex -58.14034661650658 8.98716040700674 4.3999999999999995
    endloop
  endfacet
  facet normal -0.9627911926148213 0.27024640501462743 0
    outer loop
      vertex -58.18239622563124 8.839323252439499 1.99
      vertex -58.16193323582411 8.912225559353828 4.3999999999999995
      vertex -58.16193323582411 8.912225559353828 1.99
    endloop
  endfacet
  facet normal -0.9627911926148213 0.27024640501462743 0
    outer loop
      vertex -58.18239622563124 8.839323252439499 1.99
      vertex -58.18239622563124 8.839323252439499 4.3999999999999995
      vertex -58.16193323582411 8.912225559353828 4.3999999999999995
    endloop
  endfacet
  facet normal -0.9647068565646028 0.26332618726067275 0
    outer loop
      vertex -58.20208719372749 8.767184540629387 1.99
      vertex -58.18239622563124 8.839323252439499 4.3999999999999995
      vertex -58.18239622563124 8.839323252439499 1.99
    endloop
  endfacet
  facet normal -0.9647068565646028 0.26332618726067275 0
    outer loop
      vertex -58.20208719372749 8.767184540629387 1.99
      vertex -58.20208719372749 8.767184540629387 4.3999999999999995
      vertex -58.18239622563124 8.839323252439499 4.3999999999999995
    endloop
  endfacet
  facet normal -0.9666884895760183 0.2559557854810792 0
    outer loop
      vertex -58.22091945260763 8.696059256792068 1.99
      vertex -58.20208719372749 8.767184540629387 4.3999999999999995
      vertex -58.20208719372749 8.767184540629387 1.99
    endloop
  endfacet
  facet normal -0.9666884895760183 0.2559557854810792 0
    outer loop
      vertex -58.22091945260763 8.696059256792068 1.99
      vertex -58.22091945260763 8.696059256792068 4.3999999999999995
      vertex -58.20208719372749 8.767184540629387 4.3999999999999995
    endloop
  endfacet
  facet normal -0.9687548943207827 0.24802006920716954 0
    outer loop
      vertex -58.238806530833244 8.626193158328533 1.99
      vertex -58.22091945260763 8.696059256792068 4.3999999999999995
      vertex -58.22091945260763 8.696059256792068 1.99
    endloop
  endfacet
  facet normal -0.9687548943207827 0.24802006920716954 0
    outer loop
      vertex -58.238806530833244 8.626193158328533 1.99
      vertex -58.238806530833244 8.626193158328533 4.3999999999999995
      vertex -58.22091945260763 8.696059256792068 4.3999999999999995
    endloop
  endfacet
  facet normal -0.9709261151525789 0.23937936192312265 0
    outer loop
      vertex -58.255662225186825 8.557826220989227 1.99
      vertex -58.238806530833244 8.626193158328533 4.3999999999999995
      vertex -58.238806530833244 8.626193158328533 1.99
    endloop
  endfacet
  facet normal -0.9709261151525789 0.23937936192312265 0
    outer loop
      vertex -58.255662225186825 8.557826220989227 1.99
      vertex -58.255662225186825 8.557826220989227 4.3999999999999995
      vertex -58.238806530833244 8.626193158328533 4.3999999999999995
    endloop
  endfacet
  facet normal -0.9732233850205751 0.22986135571055322 0
    outer loop
      vertex -58.271400563418865 8.491190753877163 1.99
      vertex -58.255662225186825 8.557826220989227 4.3999999999999995
      vertex -58.255662225186825 8.557826220989227 1.99
    endloop
  endfacet
  facet normal -0.9732233850205751 0.22986135571055322 0
    outer loop
      vertex -58.271400563418865 8.491190753877163 1.99
      vertex -58.271400563418865 8.491190753877163 4.3999999999999995
      vertex -58.255662225186825 8.557826220989227 4.3999999999999995
    endloop
  endfacet
  facet normal -0.975668964017174 0.2192488829017253 0
    outer loop
      vertex -58.285935789346695 8.426508240401745 1.99
      vertex -58.271400563418865 8.491190753877163 4.3999999999999995
      vertex -58.271400563418865 8.491190753877163 1.99
    endloop
  endfacet
  facet normal -0.975668964017174 0.2192488829017253 0
    outer loop
      vertex -58.285935789346695 8.426508240401745 1.99
      vertex -58.285935789346695 8.426508240401745 4.3999999999999995
      vertex -58.271400563418865 8.491190753877163 4.3999999999999995
    endloop
  endfacet
  facet normal -0.9782855085845935 0.20726182401345217 0
    outer loop
      vertex -58.29918210208416 8.363985024392605 1.99
      vertex -58.285935789346695 8.426508240401745 4.3999999999999995
      vertex -58.285935789346695 8.426508240401745 1.99
    endloop
  endfacet
  facet normal -0.9782855085845935 0.20726182401345217 0
    outer loop
      vertex -58.29918210208416 8.363985024392605 1.99
      vertex -58.29918210208416 8.363985024392605 4.3999999999999995
      vertex -58.285935789346695 8.426508240401745 4.3999999999999995
    endloop
  endfacet
  facet normal -0.9810940709594191 0.19353145462243168 0
    outer loop
      vertex -58.31105310469866 8.303805813193321 1.99
      vertex -58.29918210208416 8.363985024392605 4.3999999999999995
      vertex -58.29918210208416 8.363985024392605 1.99
    endloop
  endfacet
  facet normal -0.9810940709594191 0.19353145462243168 0
    outer loop
      vertex -58.31105310469866 8.303805813193321 1.99
      vertex -58.31105310469866 8.303805813193321 4.3999999999999995
      vertex -58.29918210208416 8.363985024392605 4.3999999999999995
    endloop
  endfacet
  facet normal -0.9841097629505511 0.17756118513180194 0
    outer loop
      vertex -58.32146064937115 8.246123351156712 1.99
      vertex -58.31105310469866 8.303805813193321 4.3999999999999995
      vertex -58.31105310469866 8.303805813193321 1.99
    endloop
  endfacet
  facet normal -0.9841097629505511 0.17756118513180194 0
    outer loop
      vertex -58.32146064937115 8.246123351156712 1.99
      vertex -58.32146064937115 8.246123351156712 4.3999999999999995
      vertex -58.31105310469866 8.303805813193321 4.3999999999999995
    endloop
  endfacet
  facet normal -0.9873328318930504 0.15866278412422136 0
    outer loop
      vertex -58.330312080681324 8.191042326390743 1.99
      vertex -58.32146064937115 8.246123351156712 4.3999999999999995
      vertex -58.32146064937115 8.246123351156712 1.99
    endloop
  endfacet
  facet normal -0.9873328318930504 0.15866278412422136 0
    outer loop
      vertex -58.330312080681324 8.191042326390743 1.99
      vertex -58.330312080681324 8.191042326390743 4.3999999999999995
      vertex -58.32146064937115 8.246123351156712 4.3999999999999995
    endloop
  endfacet
  facet normal -0.9907282403626376 0.13585857995707123 0
    outer loop
      vertex -58.33750453591347 8.138592429459095 1.99
      vertex -58.330312080681324 8.191042326390743 4.3999999999999995
      vertex -58.330312080681324 8.191042326390743 1.99
    endloop
  endfacet
  facet normal -0.9907282403626376 0.13585857995707123 0
    outer loop
      vertex -58.33750453591347 8.138592429459095 1.99
      vertex -58.33750453591347 8.138592429459095 4.3999999999999995
      vertex -58.330312080681324 8.191042326390743 4.3999999999999995
    endloop
  endfacet
  facet normal -0.99418216175611 0.10771178786905379 0
    outer loop
      vertex -58.3429119437933 8.088681936264038 1.99
      vertex -58.33750453591347 8.138592429459095 4.3999999999999995
      vertex -58.33750453591347 8.138592429459095 1.99
    endloop
  endfacet
  facet normal -0.99418216175611 0.10771178786905379 0
    outer loop
      vertex -58.3429119437933 8.088681936264038 1.99
      vertex -58.3429119437933 8.088681936264038 4.3999999999999995
      vertex -58.33750453591347 8.138592429459095 4.3999999999999995
    endloop
  endfacet
  facet normal -0.9974022889801852 0.07203245058365709 0
    outer loop
      vertex -58.346354492008686 8.041014455258846 1.99
      vertex -58.3429119437933 8.088681936264038 4.3999999999999995
      vertex -58.3429119437933 8.088681936264038 1.99
    endloop
  endfacet
  facet normal -0.9974022889801852 0.07203245058365709 0
    outer loop
      vertex -58.346354492008686 8.041014455258846 1.99
      vertex -58.346354492008686 8.041014455258846 4.3999999999999995
      vertex -58.3429119437933 8.088681936264038 4.3999999999999995
    endloop
  endfacet
  facet normal -0.999678728674136 0.025346389022167903 0
    outer loop
      vertex -58.347522877156734 7.994932554662228 1.99
      vertex -58.346354492008686 8.041014455258846 4.3999999999999995
      vertex -58.346354492008686 8.041014455258846 1.99
    endloop
  endfacet
  facet normal -0.999678728674136 0.025346389022167903 0
    outer loop
      vertex -58.347522877156734 7.994932554662228 1.99
      vertex -58.347522877156734 7.994932554662228 4.3999999999999995
      vertex -58.346354492008686 8.041014455258846 4.3999999999999995
    endloop
  endfacet
  facet normal -0.9992735505816782 -0.03810998698355019 0
    outer loop
      vertex -58.34577553719282 7.949115939438343 1.99
      vertex -58.347522877156734 7.994932554662228 4.3999999999999995
      vertex -58.347522877156734 7.994932554662228 1.99
    endloop
  endfacet
  facet normal -0.9992735505816782 -0.03810998698355019 0
    outer loop
      vertex -58.34577553719282 7.949115939438343 1.99
      vertex -58.34577553719282 7.949115939438343 4.3999999999999995
      vertex -58.347522877156734 7.994932554662228 4.3999999999999995
    endloop
  endfacet
  facet normal -0.9917370650077898 -0.12828715403240826 0
    outer loop
      vertex -58.33955370634794 7.901017434895039 1.99
      vertex -58.34577553719282 7.949115939438343 4.3999999999999995
      vertex -58.34577553719282 7.949115939438343 1.99
    endloop
  endfacet
  facet normal -0.9917370650077898 -0.12828715403240826 0
    outer loop
      vertex -58.33955370634794 7.901017434895039 1.99
      vertex -58.33955370634794 7.901017434895039 4.3999999999999995
      vertex -58.34577553719282 7.949115939438343 4.3999999999999995
    endloop
  endfacet
  facet normal -0.9649286741634376 -0.26251219738745607 0
    outer loop
      vertex -58.32462212443352 7.846132703125477 1.99
      vertex -58.33955370634794 7.901017434895039 4.3999999999999995
      vertex -58.33955370634794 7.901017434895039 1.99
    endloop
  endfacet
  facet normal -0.9649286741634376 -0.26251219738745607 0
    outer loop
      vertex -58.32462212443352 7.846132703125477 1.99
      vertex -58.32462212443352 7.846132703125477 4.3999999999999995
      vertex -58.33955370634794 7.901017434895039 4.3999999999999995
    endloop
  endfacet
  facet normal -0.8843539192840836 -0.46681703637172517 0
    outer loop
      vertex -58.28355561941862 7.768334932625294 1.99
      vertex -58.32462212443352 7.846132703125477 4.3999999999999995
      vertex -58.32462212443352 7.846132703125477 1.99
    endloop
  endfacet
  facet normal -0.8843539192840836 -0.46681703637172517 0
    outer loop
      vertex -58.28355561941862 7.768334932625294 1.99
      vertex -58.28355561941862 7.768334932625294 4.3999999999999995
      vertex -58.32462212443352 7.846132703125477 4.3999999999999995
    endloop
  endfacet
  facet normal -0.5679467889213581 -0.8230652738112078 0
    outer loop
      vertex -58.173710875213146 7.692537821829319 1.99
      vertex -58.28355561941862 7.768334932625294 4.3999999999999995
      vertex -58.28355561941862 7.768334932625294 1.99
    endloop
  endfacet
  facet normal -0.5679467889213581 -0.8230652738112078 0
    outer loop
      vertex -58.173710875213146 7.692537821829319 1.99
      vertex -58.173710875213146 7.692537821829319 4.3999999999999995
      vertex -58.28355561941862 7.768334932625294 4.3999999999999995
    endloop
  endfacet
  facet normal -0.08720039475854136 -0.9961907905386169 0
    outer loop
      vertex -58.046285815536976 7.681383818387985 1.99
      vertex -58.173710875213146 7.692537821829319 4.3999999999999995
      vertex -58.173710875213146 7.692537821829319 1.99
    endloop
  endfacet
  facet normal -0.08720039475854136 -0.9961907905386169 0
    outer loop
      vertex -58.046285815536976 7.681383818387985 1.99
      vertex -58.046285815536976 7.681383818387985 4.3999999999999995
      vertex -58.173710875213146 7.692537821829319 4.3999999999999995
    endloop
  endfacet
  facet normal 0.10243291835317726 -0.9947399143683999 0
    outer loop
      vertex -57.92985824495554 7.693372897803783 1.99
      vertex -58.046285815536976 7.681383818387985 4.3999999999999995
      vertex -58.046285815536976 7.681383818387985 1.99
    endloop
  endfacet
  facet normal 0.10243291835317726 -0.9947399143683999 0
    outer loop
      vertex -57.92985824495554 7.693372897803783 1.99
      vertex -57.92985824495554 7.693372897803783 4.3999999999999995
      vertex -58.046285815536976 7.681383818387985 4.3999999999999995
    endloop
  endfacet
  facet normal 0 0 1
    outer loop
      vertex -43.62384893000126 22.542361319065094 4.3999999999999995
      vertex -43.90331780910492 22.444422908127308 4.3999999999999995
      vertex -43.90331780165434 22.444422900676727 4.3999999999999995
    endloop
  endfacet
  facet normal 0 0 1
    outer loop
      vertex -43.90331780165434 22.444422900676727 4.3999999999999995
      vertex -44.20657843351364 22.33817245066166 4.3999999999999995
      vertex -44.20657842606306 22.33817244321108 4.3999999999999995
    endloop
  endfacet
  facet normal 0 0 1
    outer loop
      vertex -43.62384892255068 22.542361311614513 4.3999999999999995
      vertex -43.62384893000126 22.542361319065094 4.3999999999999995
      vertex -43.90331780165434 22.444422900676727 4.3999999999999995
    endloop
  endfacet
  facet normal 0 0 1
    outer loop
      vertex -50.279784083366394 20.228087849915028 4.3999999999999995
      vertex -55.502033442258835 18.405420422554016 4.3999999999999995
      vertex -56.69507163763046 14.085799343883991 4.3999999999999995
    endloop
  endfacet
  facet normal 0 0 1
    outer loop
      vertex -38.996709413826466 14.326425202190876 4.3999999999999995
      vertex -36.28989066928625 15.305044285953045 4.3999999999999995
      vertex -35.6987224444747 17.31079363822937 4.3999999999999995
    endloop
  endfacet
  facet normal 0 0 1
    outer loop
      vertex -33.36856920272112 25.798831067979336 4.3999999999999995
      vertex -33.43110245466232 25.920474261045456 4.3999999999999995
      vertex -33.55253151059151 25.98604130744934 4.3999999999999995
    endloop
  endfacet
  facet normal 0 0 1
    outer loop
      vertex -33.36856920272112 25.798831067979336 4.3999999999999995
      vertex -33.55253151059151 25.98604130744934 4.3999999999999995
      vertex -33.649134978652 25.99015286564827 4.3999999999999995
    endloop
  endfacet
  facet normal 0 0 1
    outer loop
      vertex -33.356367744505405 25.685376912355423 4.3999999999999995
      vertex -33.36856920272112 25.798831067979336 4.3999999999999995
      vertex -33.649134978652 25.99015286564827 4.3999999999999995
    endloop
  endfacet
  facet normal 0 0 1
    outer loop
      vertex -33.356367744505405 25.685376912355423 4.3999999999999995
      vertex -33.649134978652 25.99015286564827 4.3999999999999995
      vertex -33.70836225897074 25.982772804796696 4.3999999999999995
    endloop
  endfacet
  facet normal 0 0 1
    outer loop
      vertex -33.36429391056299 25.568021155893803 4.3999999999999995
      vertex -33.356367744505405 25.685376912355423 4.3999999999999995
      vertex -33.70836225897074 25.982772804796696 4.3999999999999995
    endloop
  endfacet
  facet normal 0 0 1
    outer loop
      vertex -33.36429391056299 25.568021155893803 4.3999999999999995
      vertex -33.70836225897074 25.982772804796696 4.3999999999999995
      vertex -33.74632979184389 25.97692461311817 4.3999999999999995
    endloop
  endfacet
  facet normal 0 0 1
    outer loop
      vertex -33.36429391056299 25.568021155893803 4.3999999999999995
      vertex -33.74632979184389 25.97692461311817 4.3999999999999995
      vertex -33.80587065219879 25.96208269149065 4.3999999999999995
    endloop
  endfacet
  facet normal 0 0 1
    outer loop
      vertex -33.36429391056299 25.568021155893803 4.3999999999999995
      vertex -33.80587065219879 25.96208269149065 4.3999999999999995
      vertex -33.87864478677511 25.941386453807354 4.3999999999999995
    endloop
  endfacet
  facet normal 0 0 1
    outer loop
      vertex -33.38673248887062 25.424971759319305 4.3999999999999995
      vertex -33.36429391056299 25.568021155893803 4.3999999999999995
      vertex -33.87864478677511 25.941386453807354 4.3999999999999995
    endloop
  endfacet
  facet normal 0 0 1
    outer loop
      vertex -33.38673248887062 25.424971759319305 4.3999999999999995
      vertex -33.87864478677511 25.941386453807354 4.3999999999999995
      vertex -33.96887357532978 25.914075031876564 4.3999999999999995
    endloop
  endfacet
  facet normal 0 0 1
    outer loop
      vertex -33.42444685101509 25.243017680943012 4.3999999999999995
      vertex -33.38673248887062 25.424971759319305 4.3999999999999995
      vertex -33.96887357532978 25.914075031876564 4.3999999999999995
    endloop
  endfacet
  facet normal 0 0 1
    outer loop
      vertex -33.42444685101509 25.243017680943012 4.3999999999999995
      vertex -33.96887357532978 25.914075031876564 4.3999999999999995
      vertex -34.07689192891121 25.88016327470541 4.3999999999999995
    endloop
  endfacet
  facet normal 0 0 1
    outer loop
      vertex -33.42444685101509 25.243017680943012 4.3999999999999995
      vertex -34.07689192891121 25.88016327470541 4.3999999999999995
      vertex -34.202259838581085 25.839847162365913 4.3999999999999995
    endloop
  endfacet
  facet normal 0 0 1
    outer loop
      vertex -33.47914890944958 25.012871891260147 4.3999999999999995
      vertex -33.42444685101509 25.243017680943012 4.3999999999999995
      vertex -34.202259838581085 25.839847162365913 4.3999999999999995
    endloop
  endfacet
  facet normal 0 0 1
    outer loop
      vertex -33.47914890944958 25.012871891260147 4.3999999999999995
      vertex -34.202259838581085 25.839847162365913 4.3999999999999995
      vertex -34.34429318457842 25.79338515549898 4.3999999999999995
    endloop
  endfacet
  facet normal 0 0 1
    outer loop
      vertex -33.55263889580965 24.726788572967052 4.3999999999999995
      vertex -33.47914890944958 25.012871891260147 4.3999999999999995
      vertex -34.34429318457842 25.79338515549898 4.3999999999999995
    endloop
  endfacet
  facet normal 0 0 1
    outer loop
      vertex -33.55263889580965 24.726788572967052 4.3999999999999995
      vertex -34.34429318457842 25.79338515549898 4.3999999999999995
      vertex -34.502210192382336 25.741062179207802 4.3999999999999995
    endloop
  endfacet
  facet normal 0 0 1
    outer loop
      vertex -33.55263889580965 24.726788572967052 4.3999999999999995
      vertex -34.502210192382336 25.741062179207802 4.3999999999999995
      vertex -34.67518353462219 25.683176040649414 4.3999999999999995
    endloop
  endfacet
  facet normal 0 0 1
    outer loop
      vertex -33.64668583869934 24.377678781747818 4.3999999999999995
      vertex -33.55263889580965 24.726788572967052 4.3999999999999995
      vertex -34.67518353462219 25.683176040649414 4.3999999999999995
    endloop
  endfacet
  facet normal 0 0 1
    outer loop
      vertex -33.64668583869934 24.377678781747818 4.3999999999999995
      vertex -34.67518353462219 25.683176040649414 4.3999999999999995
      vertex -34.86236222088337 25.62003144621849 4.3999999999999995
    endloop
  endfacet
  facet normal 0 0 1
    outer loop
      vertex -33.64668583869934 24.377678781747818 4.3999999999999995
      vertex -34.86236222088337 25.62003144621849 4.3999999999999995
      vertex -35.06288205832243 25.551937073469162 4.3999999999999995
    endloop
  endfacet
  facet normal 0 0 1
    outer loop
      vertex -33.763023018836975 23.958761639893055 4.3999999999999995
      vertex -33.64668583869934 24.377678781747818 4.3999999999999995
      vertex -35.06288205832243 25.551937073469162 4.3999999999999995
    endloop
  endfacet
  facet normal 0 0 1
    outer loop
      vertex -33.763023018836975 23.958761639893055 4.3999999999999995
      vertex -35.06288205832243 25.551937073469162 4.3999999999999995
      vertex -35.2758708819747 25.47920396924019 4.3999999999999995
    endloop
  endfacet
  facet normal 0 0 1
    outer loop
      vertex -33.763023018836975 23.958761639893055 4.3999999999999995
      vertex -35.2758708819747 25.47920396924019 4.3999999999999995
      vertex -35.50045159459114 25.402144744992256 4.3999999999999995
    endloop
  endfacet
  facet normal 0 0 1
    outer loop
      vertex -33.90335814654827 23.46341309696436 4.3999999999999995
      vertex -33.763023018836975 23.958761639893055 4.3999999999999995
      vertex -35.50045159459114 25.402144744992256 4.3999999999999995
    endloop
  endfacet
  facet normal 0 0 1
    outer loop
      vertex -33.90335814654827 23.46341309696436 4.3999999999999995
      vertex -35.50045159459114 25.402144744992256 4.3999999999999995
      vertex -35.73574383556843 25.32107301801443 4.3999999999999995
    endloop
  endfacet
  facet normal 0 0 1
    outer loop
      vertex -33.90335814654827 23.46341309696436 4.3999999999999995
      vertex -35.73574383556843 25.32107301801443 4.3999999999999995
      vertex -35.98086506873369 25.236303113400936 4.3999999999999995
    endloop
  endfacet
  facet normal 0 0 1
    outer loop
      vertex -34.069382041692734 22.885094434022903 4.3999999999999995
      vertex -33.90335814654827 23.46341309696436 4.3999999999999995
      vertex -35.98086506873369 25.236303113400936 4.3999999999999995
    endloop
  endfacet
  facet normal 0 0 1
    outer loop
      vertex -34.069382041692734 22.885094434022903 4.3999999999999995
      vertex -35.98086506873369 25.236303113400936 4.3999999999999995
      vertex -36.234931230545044 25.14814980328083 4.3999999999999995
    endloop
  endfacet
  facet normal 0 0 1
    outer loop
      vertex -34.069382041692734 22.885094434022903 4.3999999999999995
      vertex -36.234931230545044 25.14814980328083 4.3999999999999995
      vertex -36.49705719202757 25.056928254663944 4.3999999999999995
    endloop
  endfacet
  facet normal 0 0 1
    outer loop
      vertex -34.26277460902929 22.21731597930193 4.3999999999999995
      vertex -34.069382041692734 22.885094434022903 4.3999999999999995
      vertex -36.49705719202757 25.056928254663944 4.3999999999999995
    endloop
  endfacet
  facet normal 0 0 1
    outer loop
      vertex -34.26277460902929 22.21731597930193 4.3999999999999995
      vertex -36.49705719202757 25.056928254663944 4.3999999999999995
      vertex -36.76635702699423 24.962953850626945 4.3999999999999995
    endloop
  endfacet
  facet normal 0 0 1
    outer loop
      vertex -34.26277460902929 22.21731597930193 4.3999999999999995
      vertex -36.76635702699423 24.962953850626945 4.3999999999999995
      vertex -37.04194423556328 24.866542160511017 4.3999999999999995
    endloop
  endfacet
  facet normal 0 0 1
    outer loop
      vertex -34.26277460902929 22.21731597930193 4.3999999999999995
      vertex -37.04194423556328 24.866542160511017 4.3999999999999995
      vertex -37.32402566075325 24.767625384032726 4.3999999999999995
    endloop
  endfacet
  facet normal 0 0 1
    outer loop
      vertex -34.48520860821009 21.45361753553152 4.3999999999999995
      vertex -34.26277460902929 22.21731597930193 4.3999999999999995
      vertex -37.32402566075325 24.767625384032726 4.3999999999999995
    endloop
  endfacet
  facet normal 0 0 1
    outer loop
      vertex -34.48520860821009 21.45361753553152 4.3999999999999995
      vertex -37.32402566075325 24.767625384032726 4.3999999999999995
      vertex -37.60999237746 24.663383431732655 4.3999999999999995
    endloop
  endfacet
  facet normal 0 0 1
    outer loop
      vertex -34.48520860821009 21.45361753553152 4.3999999999999995
      vertex -37.60999237746 24.663383431732655 4.3999999999999995
      vertex -37.903129264712334 24.557097665965557 4.3999999999999995
    endloop
  endfacet
  facet normal 0 0 1
    outer loop
      vertex -34.73835212737322 20.587557278573513 4.3999999999999995
      vertex -34.48520860821009 21.45361753553152 4.3999999999999995
      vertex -37.903129264712334 24.557097665965557 4.3999999999999995
    endloop
  endfacet
  facet normal 0 0 1
    outer loop
      vertex -34.73835212737322 20.587557278573513 4.3999999999999995
      vertex -37.903129264712334 24.557097665965557 4.3999999999999995
      vertex -38.203291445970535 24.448780052363873 4.3999999999999995
    endloop
  endfacet
  facet normal 0 0 1
    outer loop
      vertex -34.73835212737322 20.587557278573513 4.3999999999999995
      vertex -38.203291445970535 24.448780052363873 4.3999999999999995
      vertex -38.50899452716112 24.338930793106556 4.3999999999999995
    endloop
  endfacet
  facet normal 0 0 1
    outer loop
      vertex -34.73835212737322 20.587557278573513 4.3999999999999995
      vertex -38.50899452716112 24.338930793106556 4.3999999999999995
      vertex -38.81876039505005 24.228047750890255 4.3999999999999995
    endloop
  endfacet
  facet normal 0 0 1
    outer loop
      vertex -35.023870065808296 19.61270523816347 4.3999999999999995
      vertex -34.73835212737322 20.587557278573513 4.3999999999999995
      vertex -38.81876039505005 24.228047750890255 4.3999999999999995
    endloop
  endfacet
  facet normal 0 0 1
    outer loop
      vertex -35.023870065808296 19.61270523816347 4.3999999999999995
      vertex -38.81876039505005 24.228047750890255 4.3999999999999995
      vertex -39.13110416382551 24.11663120985031 4.3999999999999995
    endloop
  endfacet
  facet normal 0 0 1
    outer loop
      vertex -35.023870065808296 19.61270523816347 4.3999999999999995
      vertex -39.13110416382551 24.11663120985031 4.3999999999999995
      vertex -39.444560162723064 24.005174547433853 4.3999999999999995
    endloop
  endfacet
  facet normal 0 0 1
    outer loop
      vertex -35.023870065808296 19.61270523816347 4.3999999999999995
      vertex -39.444560162723064 24.005174547433853 4.3999999999999995
      vertex -39.75762824714184 23.894183434545994 4.3999999999999995
    endloop
  endfacet
  facet normal 0 0 1
    outer loop
      vertex -35.34342519938946 18.52263928204775 4.3999999999999995
      vertex -35.023870065808296 19.61270523816347 4.3999999999999995
      vertex -39.75762824714184 23.894183434545994 4.3999999999999995
    endloop
  endfacet
  facet normal 0 0 1
    outer loop
      vertex -35.34342519938946 18.52263928204775 4.3999999999999995
      vertex -39.75762824714184 23.894183434545994 4.3999999999999995
      vertex -40.06883701682091 23.784153260290623 4.3999999999999995
    endloop
  endfacet
  facet normal 0 0 1
    outer loop
      vertex -35.34342519938946 18.52263928204775 4.3999999999999995
      vertex -40.06883701682091 23.784153260290623 4.3999999999999995
      vertex -40.37671633064747 23.675579003989697 4.3999999999999995
    endloop
  endfacet
  facet normal 0 0 1
    outer loop
      vertex -35.34342519938946 18.52263928204775 4.3999999999999995
      vertex -40.37671633064747 23.675579003989697 4.3999999999999995
      vertex -40.679792024195194 23.568957068026066 4.3999999999999995
    endloop
  endfacet
  facet normal 0 0 1
    outer loop
      vertex -35.6987224444747 17.31079363822937 4.3999999999999995
      vertex -35.34342519938946 18.52263928204775 4.3999999999999995
      vertex -40.679792024195194 23.568957068026066 4.3999999999999995
    endloop
  endfacet
  facet normal 0 0 1
    outer loop
      vertex -38.996709413826466 14.326425202190876 4.3999999999999995
      vertex -35.6987224444747 17.31079363822937 4.3999999999999995
      vertex -40.679792024195194 23.568957068026066 4.3999999999999995
    endloop
  endfacet
  facet normal 0 0 1
    outer loop
      vertex -38.996709413826466 14.326425202190876 4.3999999999999995
      vertex -40.679792024195194 23.568957068026066 4.3999999999999995
      vertex -40.97655361890793 23.46479658782482 4.3999999999999995
    endloop
  endfacet
  facet normal 0 0 1
    outer loop
      vertex -38.996709413826466 14.326425202190876 4.3999999999999995
      vertex -40.97655361890793 23.46479658782482 4.3999999999999995
      vertex -41.265566006302834 23.363580256700516 4.3999999999999995
    endloop
  endfacet
  facet normal 0 0 1
    outer loop
      vertex -38.996709413826466 14.326425202190876 4.3999999999999995
      vertex -41.265566006302834 23.363580256700516 4.3999999999999995
      vertex -41.54531370103359 23.265818908810616 4.3999999999999995
    endloop
  endfacet
  facet normal 0 0 1
    outer loop
      vertex -38.996709413826466 14.326425202190876 4.3999999999999995
      vertex -41.54531370103359 23.265818908810616 4.3999999999999995
      vertex -41.81434131413698 23.172002367675304 4.3999999999999995
    endloop
  endfacet
  facet normal 0 0 1
    outer loop
      vertex -38.996709413826466 14.326425202190876 4.3999999999999995
      vertex -41.81434131413698 23.172002367675304 4.3999999999999995
      vertex -42.07117586582899 23.082626596093178 4.3999999999999995
    endloop
  endfacet
  facet normal 0 0 1
    outer loop
      vertex -38.996709413826466 14.326425202190876 4.3999999999999995
      vertex -42.07117586582899 23.082626596093178 4.3999999999999995
      vertex -42.31430673599243 22.99820064008236 4.3999999999999995
    endloop
  endfacet
  facet normal 0 0 1
    outer loop
      vertex -39.21599292755127 14.247116833925247 4.3999999999999995
      vertex -38.996709413826466 14.326425202190876 4.3999999999999995
      vertex -42.31430673599243 22.99820064008236 4.3999999999999995
    endloop
  endfacet
  facet normal 0 0 1
    outer loop
      vertex -39.21599292755127 14.247116833925247 4.3999999999999995
      vertex -42.31430673599243 22.99820064008236 4.3999999999999995
      vertex -42.54228087514639 22.91921354085207 4.3999999999999995
    endloop
  endfacet
  facet normal 0 0 1
    outer loop
      vertex -39.43931434303522 14.166133299469948 4.3999999999999995
      vertex -39.21599292755127 14.247116833925247 4.3999999999999995
      vertex -42.54228087514639 22.91921354085207 4.3999999999999995
    endloop
  endfacet
  facet normal 0 0 1
    outer loop
      vertex -39.66577596217394 14.083840891718864 4.3999999999999995
      vertex -39.43931434303522 14.166133299469948 4.3999999999999995
      vertex -42.54228087514639 22.91921354085207 4.3999999999999995
    endloop
  endfacet
  facet normal 0 0 1
    outer loop
      vertex -39.66577596217394 14.083840891718864 4.3999999999999995
      vertex -42.54228087514639 22.91921354085207 4.3999999999999995
      vertex -42.7536169141531 22.846164159476757 4.3999999999999995
    endloop
  endfacet
  facet normal 0 0 1
    outer loop
      vertex -39.66577596217394 14.083840891718864 4.3999999999999995
      vertex -42.7536169141531 22.846164159476757 4.3999999999999995
      vertex -42.947363406419754 22.77936865389347 4.3999999999999995
    endloop
  endfacet
  facet normal 0 0 1
    outer loop
      vertex -39.894396767020226 14.000635981559753 4.3999999999999995
      vertex -39.66577596217394 14.083840891718864 4.3999999999999995
      vertex -42.947363406419754 22.77936865389347 4.3999999999999995
    endloop
  endfacet
  facet normal 0 0 1
    outer loop
      vertex -39.894396767020226 14.000635981559753 4.3999999999999995
      vertex -42.947363406419754 22.77936865389347 4.3999999999999995
      vertex -43.144135877490044 22.71046430617571 4.3999999999999995
    endloop
  endfacet
  facet normal 0 0 1
    outer loop
      vertex -40.12406659126282 13.916961997747421 4.3999999999999995
      vertex -39.894396767020226 14.000635981559753 4.3999999999999995
      vertex -43.144135877490044 22.71046430617571 4.3999999999999995
    endloop
  endfacet
  facet normal 0 0 1
    outer loop
      vertex -40.12406659126282 13.916961997747421 4.3999999999999995
      vertex -43.144135877490044 22.71046430617571 4.3999999999999995
      vertex -43.370140857994556 22.631275914609432 4.3999999999999995
    endloop
  endfacet
  facet normal 0 0 1
    outer loop
      vertex -40.3538970425725 13.833181597292423 4.3999999999999995
      vertex -40.12406659126282 13.916961997747421 4.3999999999999995
      vertex -43.370140857994556 22.631275914609432 4.3999999999999995
    endloop
  endfacet
  facet normal 0 0 1
    outer loop
      vertex -40.3538970425725 13.833181597292423 4.3999999999999995
      vertex -43.370140857994556 22.631275914609432 4.3999999999999995
      vertex -43.62384892255068 22.542361311614513 4.3999999999999995
    endloop
  endfacet
  facet normal 0 0 1
    outer loop
      vertex -40.58279762417078 13.749731123447418 4.3999999999999995
      vertex -40.3538970425725 13.833181597292423 4.3999999999999995
      vertex -43.62384892255068 22.542361311614513 4.3999999999999995
    endloop
  endfacet
  facet normal 0 0 1
    outer loop
      vertex -40.58279762417078 13.749731123447418 4.3999999999999995
      vertex -43.62384892255068 22.542361311614513 4.3999999999999995
      vertex -43.90331780165434 22.444422900676727 4.3999999999999995
    endloop
  endfacet
  facet normal 0 0 1
    outer loop
      vertex -40.80978660285473 13.667007237672806 4.3999999999999995
      vertex -40.58279762417078 13.749731123447418 4.3999999999999995
      vertex -43.90331780165434 22.444422900676727 4.3999999999999995
    endloop
  endfacet
  facet normal 0 0 1
    outer loop
      vertex -40.80978660285473 13.667007237672806 4.3999999999999995
      vertex -43.90331780165434 22.444422900676727 4.3999999999999995
      vertex -44.20657842606306 22.33817244321108 4.3999999999999995
    endloop
  endfacet
  facet normal 0 0 1
    outer loop
      vertex -41.03385270386934 13.585417449474335 4.3999999999999995
      vertex -40.80978660285473 13.667007237672806 4.3999999999999995
      vertex -44.20657842606306 22.33817244321108 4.3999999999999995
    endloop
  endfacet
  facet normal 0 0 1
    outer loop
      vertex -41.253988824784756 13.50536771863699 4.3999999999999995
      vertex -41.03385270386934 13.585417449474335 4.3999999999999995
      vertex -44.20657842606306 22.33817244321108 4.3999999999999995
    endloop
  endfacet
  facet normal 0 0 1
    outer loop
      vertex -41.253988824784756 13.50536771863699 4.3999999999999995
      vertex -44.20657842606306 22.33817244321108 4.3999999999999995
      vertex -44.53164545446634 22.224327437579632 4.3999999999999995
    endloop
  endfacet
  facet normal 0 0 1
    outer loop
      vertex -41.469189047813416 13.427263632416725 4.3999999999999995
      vertex -41.253988824784756 13.50536771863699 4.3999999999999995
      vertex -44.53164545446634 22.224327437579632 4.3999999999999995
    endloop
  endfacet
  facet normal 0 0 1
    outer loop
      vertex -41.469189047813416 13.427263632416725 4.3999999999999995
      vertex -44.53164545446634 22.224327437579632 4.3999999999999995
      vertex -44.87665605545044 22.10356242954731 4.3999999999999995
    endloop
  endfacet
  facet normal 0 0 1
    outer loop
      vertex -41.678448878228664 13.351510271430016 4.3999999999999995
      vertex -41.469189047813416 13.427263632416725 4.3999999999999995
      vertex -44.87665605545044 22.10356242954731 4.3999999999999995
    endloop
  endfacet
  facet normal 0 0 1
    outer loop
      vertex -41.8807657584548 13.278512082993984 4.3999999999999995
      vertex -41.678448878228664 13.351510271430016 4.3999999999999995
      vertex -44.87665605545044 22.10356242954731 4.3999999999999995
    endloop
  endfacet
  facet normal 0 0 1
    outer loop
      vertex -41.8807657584548 13.278512082993984 4.3999999999999995
      vertex -44.87665605545044 22.10356242954731 4.3999999999999995
      vertex -45.239532984793186 21.976627059280872 4.3999999999999995
    endloop
  endfacet
  facet normal 0 0 1
    outer loop
      vertex -42.07513973861933 13.208672650158405 4.3999999999999995
      vertex -41.8807657584548 13.278512082993984 4.3999999999999995
      vertex -45.239532984793186 21.976627059280872 4.3999999999999995
    endloop
  endfacet
  facet normal 0 0 1
    outer loop
      vertex -42.260574631392956 13.142394319176674 4.3999999999999995
      vertex -42.07513973861933 13.208672650158405 4.3999999999999995
      vertex -45.239532984793186 21.976627059280872 4.3999999999999995
    endloop
  endfacet
  facet normal 0 0 1
    outer loop
      vertex -42.260574631392956 13.142394319176674 4.3999999999999995
      vertex -45.239532984793186 21.976627059280872 4.3999999999999995
      vertex -45.61838351935148 21.844206377863884 4.3999999999999995
    endloop
  endfacet
  facet normal 0 0 1
    outer loop
      vertex -42.436079792678356 13.080077692866325 4.3999999999999995
      vertex -42.260574631392956 13.142394319176674 4.3999999999999995
      vertex -45.61838351935148 21.844206377863884 4.3999999999999995
    endloop
  endfacet
  facet normal 0 0 1
    outer loop
      vertex -42.60067309439182 13.022120669484138 4.3999999999999995
      vertex -42.436079792678356 13.080077692866325 4.3999999999999995
      vertex -45.61838351935148 21.844206377863884 4.3999999999999995
    endloop
  endfacet
  facet normal 0 0 1
    outer loop
      vertex -42.60067309439182 13.022120669484138 4.3999999999999995
      vertex -45.61838351935148 21.844206377863884 4.3999999999999995
      vertex -46.01127066463232 21.707000955939293 4.3999999999999995
    endloop
  endfacet
  facet normal 0 0 1
    outer loop
      vertex -42.75338616967201 12.968916967511177 4.3999999999999995
      vertex -42.60067309439182 13.022120669484138 4.3999999999999995
      vertex -46.01127066463232 21.707000955939293 4.3999999999999995
    endloop
  endfacet
  facet normal 0 0 1
    outer loop
      vertex -42.893273904919624 12.920853391289711 4.3999999999999995
      vertex -42.75338616967201 12.968916967511177 4.3999999999999995
      vertex -46.01127066463232 21.707000955939293 4.3999999999999995
    endloop
  endfacet
  facet normal 0 0 1
    outer loop
      vertex -43.01626303792 12.87937394529581 4.3999999999999995
      vertex -42.893273904919624 12.920853391289711 4.3999999999999995
      vertex -46.01127066463232 21.707000955939293 4.3999999999999995
    endloop
  endfacet
  facet normal 0 0 1
    outer loop
      vertex -43.01626303792 12.87937394529581 4.3999999999999995
      vertex -46.01127066463232 21.707000955939293 4.3999999999999995
      vertex -46.416180811822414 21.56573810428381 4.3999999999999995
    endloop
  endfacet
  facet normal 0 0 1
    outer loop
      vertex -43.14104624837637 12.833683796226978 4.3999999999999995
      vertex -43.01626303792 12.87937394529581 4.3999999999999995
      vertex -46.416180811822414 21.56573810428381 4.3999999999999995
    endloop
  endfacet
  facet normal 0 0 1
    outer loop
      vertex -43.29229847341776 12.778800457715988 4.3999999999999995
      vertex -43.14104624837637 12.833683796226978 4.3999999999999995
      vertex -46.416180811822414 21.56573810428381 4.3999999999999995
    endloop
  endfacet
  facet normal 0 0 1
    outer loop
      vertex -43.46583253890276 12.716223433613777 4.3999999999999995
      vertex -43.29229847341776 12.778800457715988 4.3999999999999995
      vertex -46.416180811822414 21.56573810428381 4.3999999999999995
    endloop
  endfacet
  facet normal 0 0 1
    outer loop
      vertex -43.46583253890276 12.716223433613777 4.3999999999999995
      vertex -46.416180811822414 21.56573810428381 4.3999999999999995
      vertex -46.83118062466383 21.42111711204052 4.3999999999999995
    endloop
  endfacet
  facet normal 0 0 1
    outer loop
      vertex -43.66025370359421 12.646430641412735 4.3999999999999995
      vertex -43.46583253890276 12.716223433613777 4.3999999999999995
      vertex -46.83118062466383 21.42111711204052 4.3999999999999995
    endloop
  endfacet
  facet normal 0 0 1
    outer loop
      vertex -43.87414398044348 12.569908767938614 4.3999999999999995
      vertex -43.66025370359421 12.646430641412735 4.3999999999999995
      vertex -46.83118062466383 21.42111711204052 4.3999999999999995
    endloop
  endfacet
  facet normal 0 0 1
    outer loop
      vertex -43.87414398044348 12.569908767938614 4.3999999999999995
      vertex -46.83118062466383 21.42111711204052 4.3999999999999995
      vertex -47.254317693412304 21.27384392172098 4.3999999999999995
    endloop
  endfacet
  facet normal 0 0 1
    outer loop
      vertex -44.106073908507824 12.487148806452751 4.3999999999999995
      vertex -43.87414398044348 12.569908767938614 4.3999999999999995
      vertex -47.254317693412304 21.27384392172098 4.3999999999999995
    endloop
  endfacet
  facet normal 0 0 1
    outer loop
      vertex -44.35460774600506 12.398644044995308 4.3999999999999995
      vertex -44.106073908507824 12.487148806452751 4.3999999999999995
      vertex -47.254317693412304 21.27384392172098 4.3999999999999995
    endloop
  endfacet
  facet normal 0 0 1
    outer loop
      vertex -44.35460774600506 12.398644044995308 4.3999999999999995
      vertex -47.254317693412304 21.27384392172098 4.3999999999999995
      vertex -47.683625772595406 21.12462930381298 4.3999999999999995
    endloop
  endfacet
  facet normal 0 0 1
    outer loop
      vertex -44.618306152522564 12.304889142513275 4.3999999999999995
      vertex -44.35460774600506 12.398644044995308 4.3999999999999995
      vertex -47.683625772595406 21.12462930381298 4.3999999999999995
    endloop
  endfacet
  facet normal 0 0 1
    outer loop
      vertex -44.618306152522564 12.304889142513275 4.3999999999999995
      vertex -47.683625772595406 21.12462930381298 4.3999999999999995
      vertex -48.11711446940899 20.97419238090515 4.3999999999999995
    endloop
  endfacet
  facet normal 0 0 1
    outer loop
      vertex -44.8957275301218 12.206379532814026 4.3999999999999995
      vertex -44.618306152522564 12.304889142513275 4.3999999999999995
      vertex -48.11711446940899 20.97419238090515 4.3999999999999995
    endloop
  endfacet
  facet normal 0 0 1
    outer loop
      vertex -45.18542884290218 12.103611208498478 4.3999999999999995
      vertex -44.8957275301218 12.206379532814026 4.3999999999999995
      vertex -48.11711446940899 20.97419238090515 4.3999999999999995
    endloop
  endfacet
  facet normal 0 0 1
    outer loop
      vertex -45.18542884290218 12.103611208498478 4.3999999999999995
      vertex -48.11711446940899 20.97419238090515 4.3999999999999995
      vertex -48.55288852006197 20.823219276964664 4.3999999999999995
    endloop
  endfacet
  facet normal 0 0 1
    outer loop
      vertex -45.485966086387634 11.997080519795418 4.3999999999999995
      vertex -45.18542884290218 12.103611208498478 4.3999999999999995
      vertex -48.55288852006197 20.823219276964664 4.3999999999999995
    endloop
  endfacet
  facet normal 0 0 1
    outer loop
      vertex -45.485966086387634 11.997080519795418 4.3999999999999995
      vertex -48.55288852006197 20.823219276964664 4.3999999999999995
      vertex -48.98894402384758 20.67243380099535 4.3999999999999995
    endloop
  endfacet
  facet normal 0 0 1
    outer loop
      vertex -45.79589458554983 11.88728404045105 4.3999999999999995
      vertex -45.485966086387634 11.997080519795418 4.3999999999999995
      vertex -48.98894402384758 20.67243380099535 4.3999999999999995
    endloop
  endfacet
  facet normal 0 0 1
    outer loop
      vertex -46.11376913636923 11.774718545377254 4.3999999999999995
      vertex -45.79589458554983 11.88728404045105 4.3999999999999995
      vertex -48.98894402384758 20.67243380099535 4.3999999999999995
    endloop
  endfacet
  facet normal 0 0 1
    outer loop
      vertex -46.11376913636923 11.774718545377254 4.3999999999999995
      vertex -48.98894402384758 20.67243380099535 4.3999999999999995
      vertex -49.42331935465336 20.52254506200552 4.3999999999999995
    endloop
  endfacet
  facet normal 0 0 1
    outer loop
      vertex -46.43814419955015 11.65988091379404 4.3999999999999995
      vertex -46.11376913636923 11.774718545377254 4.3999999999999995
      vertex -49.42331935465336 20.52254506200552 4.3999999999999995
    endloop
  endfacet
  facet normal 0 0 1
    outer loop
      vertex -46.43814419955015 11.65988091379404 4.3999999999999995
      vertex -49.42331935465336 20.52254506200552 4.3999999999999995
      vertex -49.85405636578798 20.37426098436117 4.3999999999999995
    endloop
  endfacet
  facet normal 0 0 1
    outer loop
      vertex -46.76757375150919 11.543268211185932 4.3999999999999995
      vertex -46.43814419955015 11.65988091379404 4.3999999999999995
      vertex -49.85405636578798 20.37426098436117 4.3999999999999995
    endloop
  endfacet
  facet normal 0 0 1
    outer loop
      vertex -47.100616082549095 11.425375983119011 4.3999999999999995
      vertex -46.76757375150919 11.543268211185932 4.3999999999999995
      vertex -49.85405636578798 20.37426098436117 4.3999999999999995
    endloop
  endfacet
  facet normal 0 0 1
    outer loop
      vertex -47.100616082549095 11.425375983119011 4.3999999999999995
      vertex -49.85405636578798 20.37426098436117 4.3999999999999995
      vertex -50.279784083366394 20.228087849915028 4.3999999999999995
    endloop
  endfacet
  facet normal 0 0 1
    outer loop
      vertex -47.43582034856081 11.306703008711338 4.3999999999999995
      vertex -47.100616082549095 11.425375983119011 4.3999999999999995
      vertex -50.279784083366394 20.228087849915028 4.3999999999999995
    endloop
  endfacet
  facet normal 0 0 1
    outer loop
      vertex -47.77171850949526 11.187754146754742 4.3999999999999995
      vertex -47.43582034856081 11.306703008711338 4.3999999999999995
      vertex -50.279784083366394 20.228087849915028 4.3999999999999995
    endloop
  endfacet
  facet normal 0 0 1
    outer loop
      vertex -48.106910936534405 11.069010026752949 4.3999999999999995
      vertex -47.77171850949526 11.187754146754742 4.3999999999999995
      vertex -50.279784083366394 20.228087849915028 4.3999999999999995
    endloop
  endfacet
  facet normal 0 0 1
    outer loop
      vertex -48.439607642591 10.951089635491371 4.3999999999999995
      vertex -48.106910936534405 11.069010026752949 4.3999999999999995
      vertex -50.279784083366394 20.228087849915028 4.3999999999999995
    endloop
  endfacet
  facet normal 0 0 1
    outer loop
      vertex -49.547397777438164 10.554013930261135 4.3999999999999995
      vertex -48.439607642591 10.951089635491371 4.3999999999999995
      vertex -50.279784083366394 20.228087849915028 4.3999999999999995
    endloop
  endfacet
  facet normal 0 0 1
    outer loop
      vertex -50.571507543325424 10.187458582222462 4.3999999999999995
      vertex -49.547397777438164 10.554013930261135 4.3999999999999995
      vertex -50.279784083366394 20.228087849915028 4.3999999999999995
    endloop
  endfacet
  facet normal 0 0 1
    outer loop
      vertex -51.51459315419197 9.850572317838669 4.3999999999999995
      vertex -50.571507543325424 10.187458582222462 4.3999999999999995
      vertex -50.279784083366394 20.228087849915028 4.3999999999999995
    endloop
  endfacet
  facet normal 0 0 1
    outer loop
      vertex -51.51459315419197 9.850572317838669 4.3999999999999995
      vertex -50.279784083366394 20.228087849915028 4.3999999999999995
      vertex -56.69507163763046 14.085799343883991 4.3999999999999995
    endloop
  endfacet
  facet normal 0 0 1
    outer loop
      vertex -52.379677191376686 9.54237263649702 4.3999999999999995
      vertex -51.51459315419197 9.850572317838669 4.3999999999999995
      vertex -56.69507163763046 14.085799343883991 4.3999999999999995
    endloop
  endfacet
  facet normal 0 0 1
    outer loop
      vertex -52.379677191376686 9.54237263649702 4.3999999999999995
      vertex -56.69507163763046 14.085799343883991 4.3999999999999995
      vertex -56.791381634771824 13.739840276539326 4.3999999999999995
    endloop
  endfacet
  facet normal 0 0 1
    outer loop
      vertex -52.379677191376686 9.54237263649702 4.3999999999999995
      vertex -56.791381634771824 13.739840276539326 4.3999999999999995
      vertex -56.88737428933382 13.395349375903606 4.3999999999999995
    endloop
  endfacet
  facet normal 0 0 1
    outer loop
      vertex -53.16978496313095 9.261876091361046 4.3999999999999995
      vertex -52.379677191376686 9.54237263649702 4.3999999999999995
      vertex -56.88737428933382 13.395349375903606 4.3999999999999995
    endloop
  endfacet
  facet normal 0 0 1
    outer loop
      vertex -53.16978496313095 9.261876091361046 4.3999999999999995
      vertex -56.88737428933382 13.395349375903606 4.3999999999999995
      vertex -56.9826410934329 13.053820990025997 4.3999999999999995
    endloop
  endfacet
  facet normal 0 0 1
    outer loop
      vertex -53.16978496313095 9.261876091361046 4.3999999999999995
      vertex -56.9826410934329 13.053820990025997 4.3999999999999995
      vertex -57.076821856200695 12.716575920581818 4.3999999999999995
    endloop
  endfacet
  facet normal 0 0 1
    outer loop
      vertex -53.16978496313095 9.261876091361046 4.3999999999999995
      vertex -57.076821856200695 12.716575920581818 4.3999999999999995
      vertex -57.169558711349964 12.384926669299603 4.3999999999999995
    endloop
  endfacet
  facet normal 0 0 1
    outer loop
      vertex -53.88794557005167 9.008098036050797 4.3999999999999995
      vertex -53.16978496313095 9.261876091361046 4.3999999999999995
      vertex -57.169558711349964 12.384926669299603 4.3999999999999995
    endloop
  endfacet
  facet normal 0 0 1
    outer loop
      vertex -53.88794557005167 9.008098036050797 4.3999999999999995
      vertex -57.169558711349964 12.384926669299603 4.3999999999999995
      vertex -57.26048082113266 12.060232125222683 4.3999999999999995
    endloop
  endfacet
  facet normal 0 0 1
    outer loop
      vertex -53.88794557005167 9.008098036050797 4.3999999999999995
      vertex -57.26048082113266 12.060232125222683 4.3999999999999995
      vertex -57.34923642128706 11.743782967329025 4.3999999999999995
    endloop
  endfacet
  facet normal 0 0 1
    outer loop
      vertex -54.537193432450294 8.780052177608013 4.3999999999999995
      vertex -53.88794557005167 9.008098036050797 4.3999999999999995
      vertex -57.34923642128706 11.743782967329025 4.3999999999999995
    endloop
  endfacet
  facet normal 0 0 1
    outer loop
      vertex -54.537193432450294 8.780052177608013 4.3999999999999995
      vertex -57.34923642128706 11.743782967329025 4.3999999999999995
      vertex -57.43544938415289 11.43695680052042 4.3999999999999995
    endloop
  endfacet
  facet normal 0 0 1
    outer loop
      vertex -54.537193432450294 8.780052177608013 4.3999999999999995
      vertex -57.43544938415289 11.43695680052042 4.3999999999999995
      vertex -57.518767327070236 11.141046568751335 4.3999999999999995
    endloop
  endfacet
  facet normal 0 0 1
    outer loop
      vertex -55.120570570230484 8.57674989104271 4.3999999999999995
      vertex -54.537193432450294 8.780052177608013 4.3999999999999995
      vertex -57.518767327070236 11.141046568751335 4.3999999999999995
    endloop
  endfacet
  facet normal 0 0 1
    outer loop
      vertex -55.120570570230484 8.57674989104271 4.3999999999999995
      vertex -57.518767327070236 11.141046568751335 4.3999999999999995
      vertex -57.59882961958647 10.857374608516693 4.3999999999999995
    endloop
  endfacet
  facet normal 0 0 1
    outer loop
      vertex -55.120570570230484 8.57674989104271 4.3999999999999995
      vertex -57.59882961958647 10.857374608516693 4.3999999999999995
      vertex -57.67526599764824 10.587297417223454 4.3999999999999995
    endloop
  endfacet
  facet normal 0 0 1
    outer loop
      vertex -55.64113023132086 8.397199302911758 4.3999999999999995
      vertex -55.120570570230484 8.57674989104271 4.3999999999999995
      vertex -57.67526599764824 10.587297417223454 4.3999999999999995
    endloop
  endfacet
  facet normal 0 0 1
    outer loop
      vertex -55.64113023132086 8.397199302911758 4.3999999999999995
      vertex -57.67526599764824 10.587297417223454 4.3999999999999995
      vertex -57.747717805206776 10.332130141556263 4.3999999999999995
    endloop
  endfacet
  facet normal 0 0 1
    outer loop
      vertex -55.64113023132086 8.397199302911758 4.3999999999999995
      vertex -57.747717805206776 10.332130141556263 4.3999999999999995
      vertex -57.81581910699606 10.093213602900505 4.3999999999999995
    endloop
  endfacet
  facet normal 0 0 1
    outer loop
      vertex -56.10194267332554 8.240403808653355 4.3999999999999995
      vertex -55.64113023132086 8.397199302911758 4.3999999999999995
      vertex -57.81581910699606 10.093213602900505 4.3999999999999995
    endloop
  endfacet
  facet normal 0 0 1
    outer loop
      vertex -56.10194267332554 8.240403808653355 4.3999999999999995
      vertex -57.81581910699606 10.093213602900505 4.3999999999999995
      vertex -57.879205115139484 9.871884256601334 4.3999999999999995
    endloop
  endfacet
  facet normal 0 0 1
    outer loop
      vertex -56.10194267332554 8.240403808653355 4.3999999999999995
      vertex -57.879205115139484 9.871884256601334 4.3999999999999995
      vertex -57.93750722706318 9.669491492211819 4.3999999999999995
    endloop
  endfacet
  facet normal 0 0 1
    outer loop
      vertex -56.506104946136475 8.105359807610512 4.3999999999999995
      vertex -56.10194267332554 8.240403808653355 4.3999999999999995
      vertex -57.93750722706318 9.669491492211819 4.3999999999999995
    endloop
  endfacet
  facet normal 0 0 1
    outer loop
      vertex -56.506104946136475 8.105359807610512 4.3999999999999995
      vertex -57.93750722706318 9.669491492211819 4.3999999999999995
      vertex -57.990353949368 9.487393759191036 4.3999999999999995
    endloop
  endfacet
  facet normal 0 0 1
    outer loop
      vertex -56.506104946136475 8.105359807610512 4.3999999999999995
      vertex -57.990353949368 9.487393759191036 4.3999999999999995
      vertex -58.03736840933561 9.326966181397438 4.3999999999999995
    endloop
  endfacet
  facet normal 0 0 1
    outer loop
      vertex -56.856758043169975 7.991053156554699 4.3999999999999995
      vertex -56.506104946136475 8.105359807610512 4.3999999999999995
      vertex -58.03736840933561 9.326966181397438 4.3999999999999995
    endloop
  endfacet
  facet normal 0 0 1
    outer loop
      vertex -56.856758043169975 7.991053156554699 4.3999999999999995
      vertex -58.03736840933561 9.326966181397438 4.3999999999999995
      vertex -58.07815393805504 9.189646884799004 4.3999999999999995
    endloop
  endfacet
  facet normal 0 0 1
    outer loop
      vertex -56.856758043169975 7.991053156554699 4.3999999999999995
      vertex -58.07815393805504 9.189646884799004 4.3999999999999995
      vertex -58.112277425825596 9.076983824372292 4.3999999999999995
    endloop
  endfacet
  facet normal 0 0 1
    outer loop
      vertex -56.856758043169975 7.991053156554699 4.3999999999999995
      vertex -58.112277425825596 9.076983824372292 4.3999999999999995
      vertex -58.14034661650658 8.98716040700674 4.3999999999999995
    endloop
  endfacet
  facet normal 0 0 1
    outer loop
      vertex -57.157119028270245 7.896453358232975 4.3999999999999995
      vertex -56.856758043169975 7.991053156554699 4.3999999999999995
      vertex -58.14034661650658 8.98716040700674 4.3999999999999995
    endloop
  endfacet
  facet normal 0 0 1
    outer loop
      vertex -57.157119028270245 7.896453358232975 4.3999999999999995
      vertex -58.14034661650658 8.98716040700674 4.3999999999999995
      vertex -58.16193323582411 8.912225559353828 4.3999999999999995
    endloop
  endfacet
  facet normal 0 0 1
    outer loop
      vertex -57.157119028270245 7.896453358232975 4.3999999999999995
      vertex -58.16193323582411 8.912225559353828 4.3999999999999995
      vertex -58.18239622563124 8.839323252439499 4.3999999999999995
    endloop
  endfacet
  facet normal 0 0 1
    outer loop
      vertex -57.157119028270245 7.896453358232975 4.3999999999999995
      vertex -58.18239622563124 8.839323252439499 4.3999999999999995
      vertex -58.20208719372749 8.767184540629387 4.3999999999999995
    endloop
  endfacet
  facet normal 0 0 1
    outer loop
      vertex -57.157119028270245 7.896453358232975 4.3999999999999995
      vertex -58.20208719372749 8.767184540629387 4.3999999999999995
      vertex -58.22091945260763 8.696059256792068 4.3999999999999995
    endloop
  endfacet
  facet normal 0 0 1
    outer loop
      vertex -57.41054563969374 7.820504240691662 4.3999999999999995
      vertex -57.157119028270245 7.896453358232975 4.3999999999999995
      vertex -58.22091945260763 8.696059256792068 4.3999999999999995
    endloop
  endfacet
  facet normal 0 0 1
    outer loop
      vertex -57.41054563969374 7.820504240691662 4.3999999999999995
      vertex -58.22091945260763 8.696059256792068 4.3999999999999995
      vertex -58.238806530833244 8.626193158328533 4.3999999999999995
    endloop
  endfacet
  facet normal 0 0 1
    outer loop
      vertex -57.41054563969374 7.820504240691662 4.3999999999999995
      vertex -58.238806530833244 8.626193158328533 4.3999999999999995
      vertex -58.255662225186825 8.557826220989227 4.3999999999999995
    endloop
  endfacet
  facet normal 0 0 1
    outer loop
      vertex -57.41054563969374 7.820504240691662 4.3999999999999995
      vertex -58.255662225186825 8.557826220989227 4.3999999999999995
      vertex -58.271400563418865 8.491190753877163 4.3999999999999995
    endloop
  endfacet
  facet normal 0 0 1
    outer loop
      vertex -57.62067873030901 7.762109659612179 4.3999999999999995
      vertex -57.41054563969374 7.820504240691662 4.3999999999999995
      vertex -58.271400563418865 8.491190753877163 4.3999999999999995
    endloop
  endfacet
  facet normal 0 0 1
    outer loop
      vertex -57.62067873030901 7.762109659612179 4.3999999999999995
      vertex -58.271400563418865 8.491190753877163 4.3999999999999995
      vertex -58.285935789346695 8.426508240401745 4.3999999999999995
    endloop
  endfacet
  facet normal 0 0 1
    outer loop
      vertex -57.62067873030901 7.762109659612179 4.3999999999999995
      vertex -58.285935789346695 8.426508240401745 4.3999999999999995
      vertex -58.29918210208416 8.363985024392605 4.3999999999999995
    endloop
  endfacet
  facet normal 0 0 1
    outer loop
      vertex -57.62067873030901 7.762109659612179 4.3999999999999995
      vertex -58.29918210208416 8.363985024392605 4.3999999999999995
      vertex -58.31105310469866 8.303805813193321 4.3999999999999995
    endloop
  endfacet
  facet normal 0 0 1
    outer loop
      vertex -57.79179719090462 7.720119088888168 4.3999999999999995
      vertex -57.62067873030901 7.762109659612179 4.3999999999999995
      vertex -58.31105310469866 8.303805813193321 4.3999999999999995
    endloop
  endfacet
  facet normal 0 0 1
    outer loop
      vertex -57.79179719090462 7.720119088888168 4.3999999999999995
      vertex -58.31105310469866 8.303805813193321 4.3999999999999995
      vertex -58.32146064937115 8.246123351156712 4.3999999999999995
    endloop
  endfacet
  facet normal 0 0 1
    outer loop
      vertex -57.79179719090462 7.720119088888168 4.3999999999999995
      vertex -58.32146064937115 8.246123351156712 4.3999999999999995
      vertex -58.330312080681324 8.191042326390743 4.3999999999999995
    endloop
  endfacet
  facet normal 0 0 1
    outer loop
      vertex -57.79179719090462 7.720119088888168 4.3999999999999995
      vertex -58.330312080681324 8.191042326390743 4.3999999999999995
      vertex -58.33750453591347 8.138592429459095 4.3999999999999995
    endloop
  endfacet
  facet normal 0 0 1
    outer loop
      vertex -57.79179719090462 7.720119088888168 4.3999999999999995
      vertex -58.33750453591347 8.138592429459095 4.3999999999999995
      vertex -58.3429119437933 8.088681936264038 4.3999999999999995
    endloop
  endfacet
  facet normal 0 0 1
    outer loop
      vertex -57.92985824495554 7.693372897803783 4.3999999999999995
      vertex -57.79179719090462 7.720119088888168 4.3999999999999995
      vertex -58.3429119437933 8.088681936264038 4.3999999999999995
    endloop
  endfacet
  facet normal 0 0 1
    outer loop
      vertex -57.92985824495554 7.693372897803783 4.3999999999999995
      vertex -58.3429119437933 8.088681936264038 4.3999999999999995
      vertex -58.346354492008686 8.041014455258846 4.3999999999999995
    endloop
  endfacet
  facet normal 0 0 1
    outer loop
      vertex -57.92985824495554 7.693372897803783 4.3999999999999995
      vertex -58.346354492008686 8.041014455258846 4.3999999999999995
      vertex -58.347522877156734 7.994932554662228 4.3999999999999995
    endloop
  endfacet
  facet normal 0 0 1
    outer loop
      vertex -57.92985824495554 7.693372897803783 4.3999999999999995
      vertex -58.347522877156734 7.994932554662228 4.3999999999999995
      vertex -58.34577553719282 7.949115939438343 4.3999999999999995
    endloop
  endfacet
  facet normal 0 0 1
    outer loop
      vertex -58.046285815536976 7.681383818387985 4.3999999999999995
      vertex -57.92985824495554 7.693372897803783 4.3999999999999995
      vertex -58.34577553719282 7.949115939438343 4.3999999999999995
    endloop
  endfacet
  facet normal 0 0 1
    outer loop
      vertex -58.046285815536976 7.681383818387985 4.3999999999999995
      vertex -58.34577553719282 7.949115939438343 4.3999999999999995
      vertex -58.33955370634794 7.901017434895039 4.3999999999999995
    endloop
  endfacet
  facet normal 0 0 1
    outer loop
      vertex -58.046285815536976 7.681383818387985 4.3999999999999995
      vertex -58.33955370634794 7.901017434895039 4.3999999999999995
      vertex -58.32462212443352 7.846132703125477 4.3999999999999995
    endloop
  endfacet
  facet normal 0 0 1
    outer loop
      vertex -58.28355561941862 7.768334932625294 4.3999999999999995
      vertex -58.173710875213146 7.692537821829319 4.3999999999999995
      vertex -58.046285815536976 7.681383818387985 4.3999999999999995
    endloop
  endfacet
  facet normal 0 0 1
    outer loop
      vertex -58.28355561941862 7.768334932625294 4.3999999999999995
      vertex -58.046285815536976 7.681383818387985 4.3999999999999995
      vertex -58.32462212443352 7.846132703125477 4.3999999999999995
    endloop
  endfacet
  facet normal 0 0 -1
    outer loop
      vertex -43.90331780165434 22.444422900676727 1.99
      vertex -43.90331780910492 22.444422908127308 1.99
      vertex -43.62384893000126 22.542361319065094 1.99
    endloop
  endfacet
  facet normal 0 0 -1
    outer loop
      vertex -44.20657842606306 22.33817244321108 1.99
      vertex -44.20657843351364 22.33817245066166 1.99
      vertex -43.90331780165434 22.444422900676727 1.99
    endloop
  endfacet
  facet normal 0 0 -1
    outer loop
      vertex -43.90331780165434 22.444422900676727 1.99
      vertex -43.62384893000126 22.542361319065094 1.99
      vertex -43.62384892255068 22.542361311614513 1.99
    endloop
  endfacet
  facet normal 0 0 -1
    outer loop
      vertex -56.69507163763046 14.085799343883991 1.99
      vertex -55.502033442258835 18.405420422554016 1.99
      vertex -50.279784083366394 20.228087849915028 1.99
    endloop
  endfacet
  facet normal 0 0 -1
    outer loop
      vertex -35.6987224444747 17.31079363822937 1.99
      vertex -36.28989066928625 15.305044285953045 1.99
      vertex -38.996709413826466 14.326425202190876 1.99
    endloop
  endfacet
  facet normal 0 0 -1
    outer loop
      vertex -33.55253151059151 25.98604130744934 1.99
      vertex -33.43110245466232 25.920474261045456 1.99
      vertex -33.36856920272112 25.798831067979336 1.99
    endloop
  endfacet
  facet normal 0 0 -1
    outer loop
      vertex -33.649134978652 25.99015286564827 1.99
      vertex -33.55253151059151 25.98604130744934 1.99
      vertex -33.36856920272112 25.798831067979336 1.99
    endloop
  endfacet
  facet normal 0 0 -1
    outer loop
      vertex -33.649134978652 25.99015286564827 1.99
      vertex -33.36856920272112 25.798831067979336 1.99
      vertex -33.356367744505405 25.685376912355423 1.99
    endloop
  endfacet
  facet normal 0 0 -1
    outer loop
      vertex -33.70836225897074 25.982772804796696 1.99
      vertex -33.649134978652 25.99015286564827 1.99
      vertex -33.356367744505405 25.685376912355423 1.99
    endloop
  endfacet
  facet normal 0 0 -1
    outer loop
      vertex -33.70836225897074 25.982772804796696 1.99
      vertex -33.356367744505405 25.685376912355423 1.99
      vertex -33.36429391056299 25.568021155893803 1.99
    endloop
  endfacet
  facet normal 0 0 -1
    outer loop
      vertex -33.74632979184389 25.97692461311817 1.99
      vertex -33.70836225897074 25.982772804796696 1.99
      vertex -33.36429391056299 25.568021155893803 1.99
    endloop
  endfacet
  facet normal 0 0 -1
    outer loop
      vertex -33.80587065219879 25.96208269149065 1.99
      vertex -33.74632979184389 25.97692461311817 1.99
      vertex -33.36429391056299 25.568021155893803 1.99
    endloop
  endfacet
  facet normal 0 0 -1
    outer loop
      vertex -33.87864478677511 25.941386453807354 1.99
      vertex -33.80587065219879 25.96208269149065 1.99
      vertex -33.36429391056299 25.568021155893803 1.99
    endloop
  endfacet
  facet normal 0 0 -1
    outer loop
      vertex -33.87864478677511 25.941386453807354 1.99
      vertex -33.36429391056299 25.568021155893803 1.99
      vertex -33.38673248887062 25.424971759319305 1.99
    endloop
  endfacet
  facet normal 0 0 -1
    outer loop
      vertex -33.96887357532978 25.914075031876564 1.99
      vertex -33.87864478677511 25.941386453807354 1.99
      vertex -33.38673248887062 25.424971759319305 1.99
    endloop
  endfacet
  facet normal 0 0 -1
    outer loop
      vertex -33.96887357532978 25.914075031876564 1.99
      vertex -33.38673248887062 25.424971759319305 1.99
      vertex -33.42444685101509 25.243017680943012 1.99
    endloop
  endfacet
  facet normal 0 0 -1
    outer loop
      vertex -34.07689192891121 25.88016327470541 1.99
      vertex -33.96887357532978 25.914075031876564 1.99
      vertex -33.42444685101509 25.243017680943012 1.99
    endloop
  endfacet
  facet normal 0 0 -1
    outer loop
      vertex -34.202259838581085 25.839847162365913 1.99
      vertex -34.07689192891121 25.88016327470541 1.99
      vertex -33.42444685101509 25.243017680943012 1.99
    endloop
  endfacet
  facet normal 0 0 -1
    outer loop
      vertex -34.202259838581085 25.839847162365913 1.99
      vertex -33.42444685101509 25.243017680943012 1.99
      vertex -33.47914890944958 25.012871891260147 1.99
    endloop
  endfacet
  facet normal 0 0 -1
    outer loop
      vertex -34.34429318457842 25.79338515549898 1.99
      vertex -34.202259838581085 25.839847162365913 1.99
      vertex -33.47914890944958 25.012871891260147 1.99
    endloop
  endfacet
  facet normal 0 0 -1
    outer loop
      vertex -34.34429318457842 25.79338515549898 1.99
      vertex -33.47914890944958 25.012871891260147 1.99
      vertex -33.55263889580965 24.726788572967052 1.99
    endloop
  endfacet
  facet normal 0 0 -1
    outer loop
      vertex -34.502210192382336 25.741062179207802 1.99
      vertex -34.34429318457842 25.79338515549898 1.99
      vertex -33.55263889580965 24.726788572967052 1.99
    endloop
  endfacet
  facet normal 0 0 -1
    outer loop
      vertex -34.67518353462219 25.683176040649414 1.99
      vertex -34.502210192382336 25.741062179207802 1.99
      vertex -33.55263889580965 24.726788572967052 1.99
    endloop
  endfacet
  facet normal 0 0 -1
    outer loop
      vertex -34.67518353462219 25.683176040649414 1.99
      vertex -33.55263889580965 24.726788572967052 1.99
      vertex -33.64668583869934 24.377678781747818 1.99
    endloop
  endfacet
  facet normal 0 0 -1
    outer loop
      vertex -34.86236222088337 25.62003144621849 1.99
      vertex -34.67518353462219 25.683176040649414 1.99
      vertex -33.64668583869934 24.377678781747818 1.99
    endloop
  endfacet
  facet normal 0 0 -1
    outer loop
      vertex -35.06288205832243 25.551937073469162 1.99
      vertex -34.86236222088337 25.62003144621849 1.99
      vertex -33.64668583869934 24.377678781747818 1.99
    endloop
  endfacet
  facet normal 0 0 -1
    outer loop
      vertex -35.06288205832243 25.551937073469162 1.99
      vertex -33.64668583869934 24.377678781747818 1.99
      vertex -33.763023018836975 23.958761639893055 1.99
    endloop
  endfacet
  facet normal 0 0 -1
    outer loop
      vertex -35.2758708819747 25.47920396924019 1.99
      vertex -35.06288205832243 25.551937073469162 1.99
      vertex -33.763023018836975 23.958761639893055 1.99
    endloop
  endfacet
  facet normal 0 0 -1
    outer loop
      vertex -35.50045159459114 25.402144744992256 1.99
      vertex -35.2758708819747 25.47920396924019 1.99
      vertex -33.763023018836975 23.958761639893055 1.99
    endloop
  endfacet
  facet normal 0 0 -1
    outer loop
      vertex -35.50045159459114 25.402144744992256 1.99
      vertex -33.763023018836975 23.958761639893055 1.99
      vertex -33.90335814654827 23.46341309696436 1.99
    endloop
  endfacet
  facet normal 0 0 -1
    outer loop
      vertex -35.73574383556843 25.32107301801443 1.99
      vertex -35.50045159459114 25.402144744992256 1.99
      vertex -33.90335814654827 23.46341309696436 1.99
    endloop
  endfacet
  facet normal 0 0 -1
    outer loop
      vertex -35.98086506873369 25.236303113400936 1.99
      vertex -35.73574383556843 25.32107301801443 1.99
      vertex -33.90335814654827 23.46341309696436 1.99
    endloop
  endfacet
  facet normal 0 0 -1
    outer loop
      vertex -35.98086506873369 25.236303113400936 1.99
      vertex -33.90335814654827 23.46341309696436 1.99
      vertex -34.069382041692734 22.885094434022903 1.99
    endloop
  endfacet
  facet normal 0 0 -1
    outer loop
      vertex -36.234931230545044 25.14814980328083 1.99
      vertex -35.98086506873369 25.236303113400936 1.99
      vertex -34.069382041692734 22.885094434022903 1.99
    endloop
  endfacet
  facet normal 0 0 -1
    outer loop
      vertex -36.49705719202757 25.056928254663944 1.99
      vertex -36.234931230545044 25.14814980328083 1.99
      vertex -34.069382041692734 22.885094434022903 1.99
    endloop
  endfacet
  facet normal 0 0 -1
    outer loop
      vertex -36.49705719202757 25.056928254663944 1.99
      vertex -34.069382041692734 22.885094434022903 1.99
      vertex -34.26277460902929 22.21731597930193 1.99
    endloop
  endfacet
  facet normal 0 0 -1
    outer loop
      vertex -36.76635702699423 24.962953850626945 1.99
      vertex -36.49705719202757 25.056928254663944 1.99
      vertex -34.26277460902929 22.21731597930193 1.99
    endloop
  endfacet
  facet normal 0 0 -1
    outer loop
      vertex -37.04194423556328 24.866542160511017 1.99
      vertex -36.76635702699423 24.962953850626945 1.99
      vertex -34.26277460902929 22.21731597930193 1.99
    endloop
  endfacet
  facet normal 0 0 -1
    outer loop
      vertex -37.32402566075325 24.767625384032726 1.99
      vertex -37.04194423556328 24.866542160511017 1.99
      vertex -34.26277460902929 22.21731597930193 1.99
    endloop
  endfacet
  facet normal 0 0 -1
    outer loop
      vertex -37.32402566075325 24.767625384032726 1.99
      vertex -34.26277460902929 22.21731597930193 1.99
      vertex -34.48520860821009 21.45361753553152 1.99
    endloop
  endfacet
  facet normal 0 0 -1
    outer loop
      vertex -37.60999237746 24.663383431732655 1.99
      vertex -37.32402566075325 24.767625384032726 1.99
      vertex -34.48520860821009 21.45361753553152 1.99
    endloop
  endfacet
  facet normal 0 0 -1
    outer loop
      vertex -37.903129264712334 24.557097665965557 1.99
      vertex -37.60999237746 24.663383431732655 1.99
      vertex -34.48520860821009 21.45361753553152 1.99
    endloop
  endfacet
  facet normal 0 0 -1
    outer loop
      vertex -37.903129264712334 24.557097665965557 1.99
      vertex -34.48520860821009 21.45361753553152 1.99
      vertex -34.73835212737322 20.587557278573513 1.99
    endloop
  endfacet
  facet normal 0 0 -1
    outer loop
      vertex -38.203291445970535 24.448780052363873 1.99
      vertex -37.903129264712334 24.557097665965557 1.99
      vertex -34.73835212737322 20.587557278573513 1.99
    endloop
  endfacet
  facet normal 0 0 -1
    outer loop
      vertex -38.50899452716112 24.338930793106556 1.99
      vertex -38.203291445970535 24.448780052363873 1.99
      vertex -34.73835212737322 20.587557278573513 1.99
    endloop
  endfacet
  facet normal 0 0 -1
    outer loop
      vertex -38.81876039505005 24.228047750890255 1.99
      vertex -38.50899452716112 24.338930793106556 1.99
      vertex -34.73835212737322 20.587557278573513 1.99
    endloop
  endfacet
  facet normal 0 0 -1
    outer loop
      vertex -38.81876039505005 24.228047750890255 1.99
      vertex -34.73835212737322 20.587557278573513 1.99
      vertex -35.023870065808296 19.61270523816347 1.99
    endloop
  endfacet
  facet normal 0 0 -1
    outer loop
      vertex -39.13110416382551 24.11663120985031 1.99
      vertex -38.81876039505005 24.228047750890255 1.99
      vertex -35.023870065808296 19.61270523816347 1.99
    endloop
  endfacet
  facet normal 0 0 -1
    outer loop
      vertex -39.444560162723064 24.005174547433853 1.99
      vertex -39.13110416382551 24.11663120985031 1.99
      vertex -35.023870065808296 19.61270523816347 1.99
    endloop
  endfacet
  facet normal 0 0 -1
    outer loop
      vertex -39.75762824714184 23.894183434545994 1.99
      vertex -39.444560162723064 24.005174547433853 1.99
      vertex -35.023870065808296 19.61270523816347 1.99
    endloop
  endfacet
  facet normal 0 0 -1
    outer loop
      vertex -39.75762824714184 23.894183434545994 1.99
      vertex -35.023870065808296 19.61270523816347 1.99
      vertex -35.34342519938946 18.52263928204775 1.99
    endloop
  endfacet
  facet normal 0 0 -1
    outer loop
      vertex -40.06883701682091 23.784153260290623 1.99
      vertex -39.75762824714184 23.894183434545994 1.99
      vertex -35.34342519938946 18.52263928204775 1.99
    endloop
  endfacet
  facet normal 0 0 -1
    outer loop
      vertex -40.37671633064747 23.675579003989697 1.99
      vertex -40.06883701682091 23.784153260290623 1.99
      vertex -35.34342519938946 18.52263928204775 1.99
    endloop
  endfacet
  facet normal 0 0 -1
    outer loop
      vertex -40.679792024195194 23.568957068026066 1.99
      vertex -40.37671633064747 23.675579003989697 1.99
      vertex -35.34342519938946 18.52263928204775 1.99
    endloop
  endfacet
  facet normal 0 0 -1
    outer loop
      vertex -40.679792024195194 23.568957068026066 1.99
      vertex -35.34342519938946 18.52263928204775 1.99
      vertex -35.6987224444747 17.31079363822937 1.99
    endloop
  endfacet
  facet normal 0 0 -1
    outer loop
      vertex -40.679792024195194 23.568957068026066 1.99
      vertex -35.6987224444747 17.31079363822937 1.99
      vertex -38.996709413826466 14.326425202190876 1.99
    endloop
  endfacet
  facet normal 0 0 -1
    outer loop
      vertex -40.97655361890793 23.46479658782482 1.99
      vertex -40.679792024195194 23.568957068026066 1.99
      vertex -38.996709413826466 14.326425202190876 1.99
    endloop
  endfacet
  facet normal 0 0 -1
    outer loop
      vertex -41.265566006302834 23.363580256700516 1.99
      vertex -40.97655361890793 23.46479658782482 1.99
      vertex -38.996709413826466 14.326425202190876 1.99
    endloop
  endfacet
  facet normal 0 0 -1
    outer loop
      vertex -41.54531370103359 23.265818908810616 1.99
      vertex -41.265566006302834 23.363580256700516 1.99
      vertex -38.996709413826466 14.326425202190876 1.99
    endloop
  endfacet
  facet normal 0 0 -1
    outer loop
      vertex -41.81434131413698 23.172002367675304 1.99
      vertex -41.54531370103359 23.265818908810616 1.99
      vertex -38.996709413826466 14.326425202190876 1.99
    endloop
  endfacet
  facet normal 0 0 -1
    outer loop
      vertex -42.07117586582899 23.082626596093178 1.99
      vertex -41.81434131413698 23.172002367675304 1.99
      vertex -38.996709413826466 14.326425202190876 1.99
    endloop
  endfacet
  facet normal 0 0 -1
    outer loop
      vertex -42.31430673599243 22.99820064008236 1.99
      vertex -42.07117586582899 23.082626596093178 1.99
      vertex -38.996709413826466 14.326425202190876 1.99
    endloop
  endfacet
  facet normal 0 0 -1
    outer loop
      vertex -42.31430673599243 22.99820064008236 1.99
      vertex -38.996709413826466 14.326425202190876 1.99
      vertex -39.21599292755127 14.247116833925247 1.99
    endloop
  endfacet
  facet normal 0 0 -1
    outer loop
      vertex -42.54228087514639 22.91921354085207 1.99
      vertex -42.31430673599243 22.99820064008236 1.99
      vertex -39.21599292755127 14.247116833925247 1.99
    endloop
  endfacet
  facet normal 0 0 -1
    outer loop
      vertex -42.54228087514639 22.91921354085207 1.99
      vertex -39.21599292755127 14.247116833925247 1.99
      vertex -39.43931434303522 14.166133299469948 1.99
    endloop
  endfacet
  facet normal 0 0 -1
    outer loop
      vertex -42.54228087514639 22.91921354085207 1.99
      vertex -39.43931434303522 14.166133299469948 1.99
      vertex -39.66577596217394 14.083840891718864 1.99
    endloop
  endfacet
  facet normal 0 0 -1
    outer loop
      vertex -42.7536169141531 22.846164159476757 1.99
      vertex -42.54228087514639 22.91921354085207 1.99
      vertex -39.66577596217394 14.083840891718864 1.99
    endloop
  endfacet
  facet normal 0 0 -1
    outer loop
      vertex -42.947363406419754 22.77936865389347 1.99
      vertex -42.7536169141531 22.846164159476757 1.99
      vertex -39.66577596217394 14.083840891718864 1.99
    endloop
  endfacet
  facet normal 0 0 -1
    outer loop
      vertex -42.947363406419754 22.77936865389347 1.99
      vertex -39.66577596217394 14.083840891718864 1.99
      vertex -39.894396767020226 14.000635981559753 1.99
    endloop
  endfacet
  facet normal 0 0 -1
    outer loop
      vertex -43.144135877490044 22.71046430617571 1.99
      vertex -42.947363406419754 22.77936865389347 1.99
      vertex -39.894396767020226 14.000635981559753 1.99
    endloop
  endfacet
  facet normal 0 0 -1
    outer loop
      vertex -43.144135877490044 22.71046430617571 1.99
      vertex -39.894396767020226 14.000635981559753 1.99
      vertex -40.12406659126282 13.916961997747421 1.99
    endloop
  endfacet
  facet normal 0 0 -1
    outer loop
      vertex -43.370140857994556 22.631275914609432 1.99
      vertex -43.144135877490044 22.71046430617571 1.99
      vertex -40.12406659126282 13.916961997747421 1.99
    endloop
  endfacet
  facet normal 0 0 -1
    outer loop
      vertex -43.370140857994556 22.631275914609432 1.99
      vertex -40.12406659126282 13.916961997747421 1.99
      vertex -40.3538970425725 13.833181597292423 1.99
    endloop
  endfacet
  facet normal 0 0 -1
    outer loop
      vertex -43.62384892255068 22.542361311614513 1.99
      vertex -43.370140857994556 22.631275914609432 1.99
      vertex -40.3538970425725 13.833181597292423 1.99
    endloop
  endfacet
  facet normal 0 0 -1
    outer loop
      vertex -43.62384892255068 22.542361311614513 1.99
      vertex -40.3538970425725 13.833181597292423 1.99
      vertex -40.58279762417078 13.749731123447418 1.99
    endloop
  endfacet
  facet normal 0 0 -1
    outer loop
      vertex -43.90331780165434 22.444422900676727 1.99
      vertex -43.62384892255068 22.542361311614513 1.99
      vertex -40.58279762417078 13.749731123447418 1.99
    endloop
  endfacet
  facet normal 0 0 -1
    outer loop
      vertex -43.90331780165434 22.444422900676727 1.99
      vertex -40.58279762417078 13.749731123447418 1.99
      vertex -40.80978660285473 13.667007237672806 1.99
    endloop
  endfacet
  facet normal 0 0 -1
    outer loop
      vertex -44.20657842606306 22.33817244321108 1.99
      vertex -43.90331780165434 22.444422900676727 1.99
      vertex -40.80978660285473 13.667007237672806 1.99
    endloop
  endfacet
  facet normal 0 0 -1
    outer loop
      vertex -44.20657842606306 22.33817244321108 1.99
      vertex -40.80978660285473 13.667007237672806 1.99
      vertex -41.03385270386934 13.585417449474335 1.99
    endloop
  endfacet
  facet normal 0 0 -1
    outer loop
      vertex -44.20657842606306 22.33817244321108 1.99
      vertex -41.03385270386934 13.585417449474335 1.99
      vertex -41.253988824784756 13.50536771863699 1.99
    endloop
  endfacet
  facet normal 0 0 -1
    outer loop
      vertex -44.53164545446634 22.224327437579632 1.99
      vertex -44.20657842606306 22.33817244321108 1.99
      vertex -41.253988824784756 13.50536771863699 1.99
    endloop
  endfacet
  facet normal 0 0 -1
    outer loop
      vertex -44.53164545446634 22.224327437579632 1.99
      vertex -41.253988824784756 13.50536771863699 1.99
      vertex -41.469189047813416 13.427263632416725 1.99
    endloop
  endfacet
  facet normal 0 0 -1
    outer loop
      vertex -44.87665605545044 22.10356242954731 1.99
      vertex -44.53164545446634 22.224327437579632 1.99
      vertex -41.469189047813416 13.427263632416725 1.99
    endloop
  endfacet
  facet normal 0 0 -1
    outer loop
      vertex -44.87665605545044 22.10356242954731 1.99
      vertex -41.469189047813416 13.427263632416725 1.99
      vertex -41.678448878228664 13.351510271430016 1.99
    endloop
  endfacet
  facet normal 0 0 -1
    outer loop
      vertex -44.87665605545044 22.10356242954731 1.99
      vertex -41.678448878228664 13.351510271430016 1.99
      vertex -41.8807657584548 13.278512082993984 1.99
    endloop
  endfacet
  facet normal 0 0 -1
    outer loop
      vertex -45.239532984793186 21.976627059280872 1.99
      vertex -44.87665605545044 22.10356242954731 1.99
      vertex -41.8807657584548 13.278512082993984 1.99
    endloop
  endfacet
  facet normal 0 0 -1
    outer loop
      vertex -45.239532984793186 21.976627059280872 1.99
      vertex -41.8807657584548 13.278512082993984 1.99
      vertex -42.07513973861933 13.208672650158405 1.99
    endloop
  endfacet
  facet normal 0 0 -1
    outer loop
      vertex -45.239532984793186 21.976627059280872 1.99
      vertex -42.07513973861933 13.208672650158405 1.99
      vertex -42.260574631392956 13.142394319176674 1.99
    endloop
  endfacet
  facet normal 0 0 -1
    outer loop
      vertex -45.61838351935148 21.844206377863884 1.99
      vertex -45.239532984793186 21.976627059280872 1.99
      vertex -42.260574631392956 13.142394319176674 1.99
    endloop
  endfacet
  facet normal 0 0 -1
    outer loop
      vertex -45.61838351935148 21.844206377863884 1.99
      vertex -42.260574631392956 13.142394319176674 1.99
      vertex -42.436079792678356 13.080077692866325 1.99
    endloop
  endfacet
  facet normal 0 0 -1
    outer loop
      vertex -45.61838351935148 21.844206377863884 1.99
      vertex -42.436079792678356 13.080077692866325 1.99
      vertex -42.60067309439182 13.022120669484138 1.99
    endloop
  endfacet
  facet normal 0 0 -1
    outer loop
      vertex -46.01127066463232 21.707000955939293 1.99
      vertex -45.61838351935148 21.844206377863884 1.99
      vertex -42.60067309439182 13.022120669484138 1.99
    endloop
  endfacet
  facet normal 0 0 -1
    outer loop
      vertex -46.01127066463232 21.707000955939293 1.99
      vertex -42.60067309439182 13.022120669484138 1.99
      vertex -42.75338616967201 12.968916967511177 1.99
    endloop
  endfacet
  facet normal 0 0 -1
    outer loop
      vertex -46.01127066463232 21.707000955939293 1.99
      vertex -42.75338616967201 12.968916967511177 1.99
      vertex -42.893273904919624 12.920853391289711 1.99
    endloop
  endfacet
  facet normal 0 0 -1
    outer loop
      vertex -46.01127066463232 21.707000955939293 1.99
      vertex -42.893273904919624 12.920853391289711 1.99
      vertex -43.01626303792 12.87937394529581 1.99
    endloop
  endfacet
  facet normal 0 0 -1
    outer loop
      vertex -46.416180811822414 21.56573810428381 1.99
      vertex -46.01127066463232 21.707000955939293 1.99
      vertex -43.01626303792 12.87937394529581 1.99
    endloop
  endfacet
  facet normal 0 0 -1
    outer loop
      vertex -46.416180811822414 21.56573810428381 1.99
      vertex -43.01626303792 12.87937394529581 1.99
      vertex -43.14104624837637 12.833683796226978 1.99
    endloop
  endfacet
  facet normal 0 0 -1
    outer loop
      vertex -46.416180811822414 21.56573810428381 1.99
      vertex -43.14104624837637 12.833683796226978 1.99
      vertex -43.29229847341776 12.778800457715988 1.99
    endloop
  endfacet
  facet normal 0 0 -1
    outer loop
      vertex -46.416180811822414 21.56573810428381 1.99
      vertex -43.29229847341776 12.778800457715988 1.99
      vertex -43.46583253890276 12.716223433613777 1.99
    endloop
  endfacet
  facet normal 0 0 -1
    outer loop
      vertex -46.83118062466383 21.42111711204052 1.99
      vertex -46.416180811822414 21.56573810428381 1.99
      vertex -43.46583253890276 12.716223433613777 1.99
    endloop
  endfacet
  facet normal 0 0 -1
    outer loop
      vertex -46.83118062466383 21.42111711204052 1.99
      vertex -43.46583253890276 12.716223433613777 1.99
      vertex -43.66025370359421 12.646430641412735 1.99
    endloop
  endfacet
  facet normal 0 0 -1
    outer loop
      vertex -46.83118062466383 21.42111711204052 1.99
      vertex -43.66025370359421 12.646430641412735 1.99
      vertex -43.87414398044348 12.569908767938614 1.99
    endloop
  endfacet
  facet normal 0 0 -1
    outer loop
      vertex -47.254317693412304 21.27384392172098 1.99
      vertex -46.83118062466383 21.42111711204052 1.99
      vertex -43.87414398044348 12.569908767938614 1.99
    endloop
  endfacet
  facet normal 0 0 -1
    outer loop
      vertex -47.254317693412304 21.27384392172098 1.99
      vertex -43.87414398044348 12.569908767938614 1.99
      vertex -44.106073908507824 12.487148806452751 1.99
    endloop
  endfacet
  facet normal 0 0 -1
    outer loop
      vertex -47.254317693412304 21.27384392172098 1.99
      vertex -44.106073908507824 12.487148806452751 1.99
      vertex -44.35460774600506 12.398644044995308 1.99
    endloop
  endfacet
  facet normal 0 0 -1
    outer loop
      vertex -47.683625772595406 21.12462930381298 1.99
      vertex -47.254317693412304 21.27384392172098 1.99
      vertex -44.35460774600506 12.398644044995308 1.99
    endloop
  endfacet
  facet normal 0 0 -1
    outer loop
      vertex -47.683625772595406 21.12462930381298 1.99
      vertex -44.35460774600506 12.398644044995308 1.99
      vertex -44.618306152522564 12.304889142513275 1.99
    endloop
  endfacet
  facet normal 0 0 -1
    outer loop
      vertex -48.11711446940899 20.97419238090515 1.99
      vertex -47.683625772595406 21.12462930381298 1.99
      vertex -44.618306152522564 12.304889142513275 1.99
    endloop
  endfacet
  facet normal 0 0 -1
    outer loop
      vertex -48.11711446940899 20.97419238090515 1.99
      vertex -44.618306152522564 12.304889142513275 1.99
      vertex -44.8957275301218 12.206379532814026 1.99
    endloop
  endfacet
  facet normal 0 0 -1
    outer loop
      vertex -48.11711446940899 20.97419238090515 1.99
      vertex -44.8957275301218 12.206379532814026 1.99
      vertex -45.18542884290218 12.103611208498478 1.99
    endloop
  endfacet
  facet normal 0 0 -1
    outer loop
      vertex -48.55288852006197 20.823219276964664 1.99
      vertex -48.11711446940899 20.97419238090515 1.99
      vertex -45.18542884290218 12.103611208498478 1.99
    endloop
  endfacet
  facet normal 0 0 -1
    outer loop
      vertex -48.55288852006197 20.823219276964664 1.99
      vertex -45.18542884290218 12.103611208498478 1.99
      vertex -45.485966086387634 11.997080519795418 1.99
    endloop
  endfacet
  facet normal 0 0 -1
    outer loop
      vertex -48.98894402384758 20.67243380099535 1.99
      vertex -48.55288852006197 20.823219276964664 1.99
      vertex -45.485966086387634 11.997080519795418 1.99
    endloop
  endfacet
  facet normal 0 0 -1
    outer loop
      vertex -48.98894402384758 20.67243380099535 1.99
      vertex -45.485966086387634 11.997080519795418 1.99
      vertex -45.79589458554983 11.88728404045105 1.99
    endloop
  endfacet
  facet normal 0 0 -1
    outer loop
      vertex -48.98894402384758 20.67243380099535 1.99
      vertex -45.79589458554983 11.88728404045105 1.99
      vertex -46.11376913636923 11.774718545377254 1.99
    endloop
  endfacet
  facet normal 0 0 -1
    outer loop
      vertex -49.42331935465336 20.52254506200552 1.99
      vertex -48.98894402384758 20.67243380099535 1.99
      vertex -46.11376913636923 11.774718545377254 1.99
    endloop
  endfacet
  facet normal 0 0 -1
    outer loop
      vertex -49.42331935465336 20.52254506200552 1.99
      vertex -46.11376913636923 11.774718545377254 1.99
      vertex -46.43814419955015 11.65988091379404 1.99
    endloop
  endfacet
  facet normal 0 0 -1
    outer loop
      vertex -49.85405636578798 20.37426098436117 1.99
      vertex -49.42331935465336 20.52254506200552 1.99
      vertex -46.43814419955015 11.65988091379404 1.99
    endloop
  endfacet
  facet normal 0 0 -1
    outer loop
      vertex -49.85405636578798 20.37426098436117 1.99
      vertex -46.43814419955015 11.65988091379404 1.99
      vertex -46.76757375150919 11.543268211185932 1.99
    endloop
  endfacet
  facet normal 0 0 -1
    outer loop
      vertex -49.85405636578798 20.37426098436117 1.99
      vertex -46.76757375150919 11.543268211185932 1.99
      vertex -47.100616082549095 11.425375983119011 1.99
    endloop
  endfacet
  facet normal 0 0 -1
    outer loop
      vertex -50.279784083366394 20.228087849915028 1.99
      vertex -49.85405636578798 20.37426098436117 1.99
      vertex -47.100616082549095 11.425375983119011 1.99
    endloop
  endfacet
  facet normal 0 0 -1
    outer loop
      vertex -50.279784083366394 20.228087849915028 1.99
      vertex -47.100616082549095 11.425375983119011 1.99
      vertex -47.43582034856081 11.306703008711338 1.99
    endloop
  endfacet
  facet normal 0 0 -1
    outer loop
      vertex -50.279784083366394 20.228087849915028 1.99
      vertex -47.43582034856081 11.306703008711338 1.99
      vertex -47.77171850949526 11.187754146754742 1.99
    endloop
  endfacet
  facet normal 0 0 -1
    outer loop
      vertex -50.279784083366394 20.228087849915028 1.99
      vertex -47.77171850949526 11.187754146754742 1.99
      vertex -48.106910936534405 11.069010026752949 1.99
    endloop
  endfacet
  facet normal 0 0 -1
    outer loop
      vertex -50.279784083366394 20.228087849915028 1.99
      vertex -48.106910936534405 11.069010026752949 1.99
      vertex -48.439607642591 10.951089635491371 1.99
    endloop
  endfacet
  facet normal 0 0 -1
    outer loop
      vertex -50.279784083366394 20.228087849915028 1.99
      vertex -48.439607642591 10.951089635491371 1.99
      vertex -49.547397777438164 10.554013930261135 1.99
    endloop
  endfacet
  facet normal 0 0 -1
    outer loop
      vertex -50.279784083366394 20.228087849915028 1.99
      vertex -49.547397777438164 10.554013930261135 1.99
      vertex -50.571507543325424 10.187458582222462 1.99
    endloop
  endfacet
  facet normal 0 0 -1
    outer loop
      vertex -50.279784083366394 20.228087849915028 1.99
      vertex -50.571507543325424 10.187458582222462 1.99
      vertex -51.51459315419197 9.850572317838669 1.99
    endloop
  endfacet
  facet normal 0 0 -1
    outer loop
      vertex -56.69507163763046 14.085799343883991 1.99
      vertex -50.279784083366394 20.228087849915028 1.99
      vertex -51.51459315419197 9.850572317838669 1.99
    endloop
  endfacet
  facet normal 0 0 -1
    outer loop
      vertex -56.69507163763046 14.085799343883991 1.99
      vertex -51.51459315419197 9.850572317838669 1.99
      vertex -52.379677191376686 9.54237263649702 1.99
    endloop
  endfacet
  facet normal 0 0 -1
    outer loop
      vertex -56.791381634771824 13.739840276539326 1.99
      vertex -56.69507163763046 14.085799343883991 1.99
      vertex -52.379677191376686 9.54237263649702 1.99
    endloop
  endfacet
  facet normal 0 0 -1
    outer loop
      vertex -56.88737428933382 13.395349375903606 1.99
      vertex -56.791381634771824 13.739840276539326 1.99
      vertex -52.379677191376686 9.54237263649702 1.99
    endloop
  endfacet
  facet normal 0 0 -1
    outer loop
      vertex -56.88737428933382 13.395349375903606 1.99
      vertex -52.379677191376686 9.54237263649702 1.99
      vertex -53.16978496313095 9.261876091361046 1.99
    endloop
  endfacet
  facet normal 0 0 -1
    outer loop
      vertex -56.9826410934329 13.053820990025997 1.99
      vertex -56.88737428933382 13.395349375903606 1.99
      vertex -53.16978496313095 9.261876091361046 1.99
    endloop
  endfacet
  facet normal 0 0 -1
    outer loop
      vertex -57.076821856200695 12.716575920581818 1.99
      vertex -56.9826410934329 13.053820990025997 1.99
      vertex -53.16978496313095 9.261876091361046 1.99
    endloop
  endfacet
  facet normal 0 0 -1
    outer loop
      vertex -57.169558711349964 12.384926669299603 1.99
      vertex -57.076821856200695 12.716575920581818 1.99
      vertex -53.16978496313095 9.261876091361046 1.99
    endloop
  endfacet
  facet normal 0 0 -1
    outer loop
      vertex -57.169558711349964 12.384926669299603 1.99
      vertex -53.16978496313095 9.261876091361046 1.99
      vertex -53.88794557005167 9.008098036050797 1.99
    endloop
  endfacet
  facet normal 0 0 -1
    outer loop
      vertex -57.26048082113266 12.060232125222683 1.99
      vertex -57.169558711349964 12.384926669299603 1.99
      vertex -53.88794557005167 9.008098036050797 1.99
    endloop
  endfacet
  facet normal 0 0 -1
    outer loop
      vertex -57.34923642128706 11.743782967329025 1.99
      vertex -57.26048082113266 12.060232125222683 1.99
      vertex -53.88794557005167 9.008098036050797 1.99
    endloop
  endfacet
  facet normal 0 0 -1
    outer loop
      vertex -57.34923642128706 11.743782967329025 1.99
      vertex -53.88794557005167 9.008098036050797 1.99
      vertex -54.537193432450294 8.780052177608013 1.99
    endloop
  endfacet
  facet normal 0 0 -1
    outer loop
      vertex -57.43544938415289 11.43695680052042 1.99
      vertex -57.34923642128706 11.743782967329025 1.99
      vertex -54.537193432450294 8.780052177608013 1.99
    endloop
  endfacet
  facet normal 0 0 -1
    outer loop
      vertex -57.518767327070236 11.141046568751335 1.99
      vertex -57.43544938415289 11.43695680052042 1.99
      vertex -54.537193432450294 8.780052177608013 1.99
    endloop
  endfacet
  facet normal 0 0 -1
    outer loop
      vertex -57.518767327070236 11.141046568751335 1.99
      vertex -54.537193432450294 8.780052177608013 1.99
      vertex -55.120570570230484 8.57674989104271 1.99
    endloop
  endfacet
  facet normal 0 0 -1
    outer loop
      vertex -57.59882961958647 10.857374608516693 1.99
      vertex -57.518767327070236 11.141046568751335 1.99
      vertex -55.120570570230484 8.57674989104271 1.99
    endloop
  endfacet
  facet normal 0 0 -1
    outer loop
      vertex -57.67526599764824 10.587297417223454 1.99
      vertex -57.59882961958647 10.857374608516693 1.99
      vertex -55.120570570230484 8.57674989104271 1.99
    endloop
  endfacet
  facet normal 0 0 -1
    outer loop
      vertex -57.67526599764824 10.587297417223454 1.99
      vertex -55.120570570230484 8.57674989104271 1.99
      vertex -55.64113023132086 8.397199302911758 1.99
    endloop
  endfacet
  facet normal 0 0 -1
    outer loop
      vertex -57.747717805206776 10.332130141556263 1.99
      vertex -57.67526599764824 10.587297417223454 1.99
      vertex -55.64113023132086 8.397199302911758 1.99
    endloop
  endfacet
  facet normal 0 0 -1
    outer loop
      vertex -57.81581910699606 10.093213602900505 1.99
      vertex -57.747717805206776 10.332130141556263 1.99
      vertex -55.64113023132086 8.397199302911758 1.99
    endloop
  endfacet
  facet normal 0 0 -1
    outer loop
      vertex -57.81581910699606 10.093213602900505 1.99
      vertex -55.64113023132086 8.397199302911758 1.99
      vertex -56.10194267332554 8.240403808653355 1.99
    endloop
  endfacet
  facet normal 0 0 -1
    outer loop
      vertex -57.879205115139484 9.871884256601334 1.99
      vertex -57.81581910699606 10.093213602900505 1.99
      vertex -56.10194267332554 8.240403808653355 1.99
    endloop
  endfacet
  facet normal 0 0 -1
    outer loop
      vertex -57.93750722706318 9.669491492211819 1.99
      vertex -57.879205115139484 9.871884256601334 1.99
      vertex -56.10194267332554 8.240403808653355 1.99
    endloop
  endfacet
  facet normal 0 0 -1
    outer loop
      vertex -57.93750722706318 9.669491492211819 1.99
      vertex -56.10194267332554 8.240403808653355 1.99
      vertex -56.506104946136475 8.105359807610512 1.99
    endloop
  endfacet
  facet normal 0 0 -1
    outer loop
      vertex -57.990353949368 9.487393759191036 1.99
      vertex -57.93750722706318 9.669491492211819 1.99
      vertex -56.506104946136475 8.105359807610512 1.99
    endloop
  endfacet
  facet normal 0 0 -1
    outer loop
      vertex -58.03736840933561 9.326966181397438 1.99
      vertex -57.990353949368 9.487393759191036 1.99
      vertex -56.506104946136475 8.105359807610512 1.99
    endloop
  endfacet
  facet normal 0 0 -1
    outer loop
      vertex -58.03736840933561 9.326966181397438 1.99
      vertex -56.506104946136475 8.105359807610512 1.99
      vertex -56.856758043169975 7.991053156554699 1.99
    endloop
  endfacet
  facet normal 0 0 -1
    outer loop
      vertex -58.07815393805504 9.189646884799004 1.99
      vertex -58.03736840933561 9.326966181397438 1.99
      vertex -56.856758043169975 7.991053156554699 1.99
    endloop
  endfacet
  facet normal 0 0 -1
    outer loop
      vertex -58.112277425825596 9.076983824372292 1.99
      vertex -58.07815393805504 9.189646884799004 1.99
      vertex -56.856758043169975 7.991053156554699 1.99
    endloop
  endfacet
  facet normal 0 0 -1
    outer loop
      vertex -58.14034661650658 8.98716040700674 1.99
      vertex -58.112277425825596 9.076983824372292 1.99
      vertex -56.856758043169975 7.991053156554699 1.99
    endloop
  endfacet
  facet normal 0 0 -1
    outer loop
      vertex -58.14034661650658 8.98716040700674 1.99
      vertex -56.856758043169975 7.991053156554699 1.99
      vertex -57.157119028270245 7.896453358232975 1.99
    endloop
  endfacet
  facet normal 0 0 -1
    outer loop
      vertex -58.16193323582411 8.912225559353828 1.99
      vertex -58.14034661650658 8.98716040700674 1.99
      vertex -57.157119028270245 7.896453358232975 1.99
    endloop
  endfacet
  facet normal 0 0 -1
    outer loop
      vertex -58.18239622563124 8.839323252439499 1.99
      vertex -58.16193323582411 8.912225559353828 1.99
      vertex -57.157119028270245 7.896453358232975 1.99
    endloop
  endfacet
  facet normal 0 0 -1
    outer loop
      vertex -58.20208719372749 8.767184540629387 1.99
      vertex -58.18239622563124 8.839323252439499 1.99
      vertex -57.157119028270245 7.896453358232975 1.99
    endloop
  endfacet
  facet normal 0 0 -1
    outer loop
      vertex -58.22091945260763 8.696059256792068 1.99
      vertex -58.20208719372749 8.767184540629387 1.99
      vertex -57.157119028270245 7.896453358232975 1.99
    endloop
  endfacet
  facet normal 0 0 -1
    outer loop
      vertex -58.22091945260763 8.696059256792068 1.99
      vertex -57.157119028270245 7.896453358232975 1.99
      vertex -57.41054563969374 7.820504240691662 1.99
    endloop
  endfacet
  facet normal 0 0 -1
    outer loop
      vertex -58.238806530833244 8.626193158328533 1.99
      vertex -58.22091945260763 8.696059256792068 1.99
      vertex -57.41054563969374 7.820504240691662 1.99
    endloop
  endfacet
  facet normal 0 0 -1
    outer loop
      vertex -58.255662225186825 8.557826220989227 1.99
      vertex -58.238806530833244 8.626193158328533 1.99
      vertex -57.41054563969374 7.820504240691662 1.99
    endloop
  endfacet
  facet normal 0 0 -1
    outer loop
      vertex -58.271400563418865 8.491190753877163 1.99
      vertex -58.255662225186825 8.557826220989227 1.99
      vertex -57.41054563969374 7.820504240691662 1.99
    endloop
  endfacet
  facet normal 0 0 -1
    outer loop
      vertex -58.271400563418865 8.491190753877163 1.99
      vertex -57.41054563969374 7.820504240691662 1.99
      vertex -57.62067873030901 7.762109659612179 1.99
    endloop
  endfacet
  facet normal 0 0 -1
    outer loop
      vertex -58.285935789346695 8.426508240401745 1.99
      vertex -58.271400563418865 8.491190753877163 1.99
      vertex -57.62067873030901 7.762109659612179 1.99
    endloop
  endfacet
  facet normal 0 0 -1
    outer loop
      vertex -58.29918210208416 8.363985024392605 1.99
      vertex -58.285935789346695 8.426508240401745 1.99
      vertex -57.62067873030901 7.762109659612179 1.99
    endloop
  endfacet
  facet normal 0 0 -1
    outer loop
      vertex -58.31105310469866 8.303805813193321 1.99
      vertex -58.29918210208416 8.363985024392605 1.99
      vertex -57.62067873030901 7.762109659612179 1.99
    endloop
  endfacet
  facet normal 0 0 -1
    outer loop
      vertex -58.31105310469866 8.303805813193321 1.99
      vertex -57.62067873030901 7.762109659612179 1.99
      vertex -57.79179719090462 7.720119088888168 1.99
    endloop
  endfacet
  facet normal 0 0 -1
    outer loop
      vertex -58.32146064937115 8.246123351156712 1.99
      vertex -58.31105310469866 8.303805813193321 1.99
      vertex -57.79179719090462 7.720119088888168 1.99
    endloop
  endfacet
  facet normal 0 0 -1
    outer loop
      vertex -58.330312080681324 8.191042326390743 1.99
      vertex -58.32146064937115 8.246123351156712 1.99
      vertex -57.79179719090462 7.720119088888168 1.99
    endloop
  endfacet
  facet normal 0 0 -1
    outer loop
      vertex -58.33750453591347 8.138592429459095 1.99
      vertex -58.330312080681324 8.191042326390743 1.99
      vertex -57.79179719090462 7.720119088888168 1.99
    endloop
  endfacet
  facet normal 0 0 -1
    outer loop
      vertex -58.3429119437933 8.088681936264038 1.99
      vertex -58.33750453591347 8.138592429459095 1.99
      vertex -57.79179719090462 7.720119088888168 1.99
    endloop
  endfacet
  facet normal 0 0 -1
    outer loop
      vertex -58.3429119437933 8.088681936264038 1.99
      vertex -57.79179719090462 7.720119088888168 1.99
      vertex -57.92985824495554 7.693372897803783 1.99
    endloop
  endfacet
  facet normal 0 0 -1
    outer loop
      vertex -58.346354492008686 8.041014455258846 1.99
      vertex -58.3429119437933 8.088681936264038 1.99
      vertex -57.92985824495554 7.693372897803783 1.99
    endloop
  endfacet
  facet normal 0 0 -1
    outer loop
      vertex -58.347522877156734 7.994932554662228 1.99
      vertex -58.346354492008686 8.041014455258846 1.99
      vertex -57.92985824495554 7.693372897803783 1.99
    endloop
  endfacet
  facet normal 0 0 -1
    outer loop
      vertex -58.34577553719282 7.949115939438343 1.99
      vertex -58.347522877156734 7.994932554662228 1.99
      vertex -57.92985824495554 7.693372897803783 1.99
    endloop
  endfacet
  facet normal 0 0 -1
    outer loop
      vertex -58.34577553719282 7.949115939438343 1.99
      vertex -57.92985824495554 7.693372897803783 1.99
      vertex -58.046285815536976 7.681383818387985 1.99
    endloop
  endfacet
  facet normal 0 0 -1
    outer loop
      vertex -58.33955370634794 7.901017434895039 1.99
      vertex -58.34577553719282 7.949115939438343 1.99
      vertex -58.046285815536976 7.681383818387985 1.99
    endloop
  endfacet
  facet normal 0 0 -1
    outer loop
      vertex -58.32462212443352 7.846132703125477 1.99
      vertex -58.33955370634794 7.901017434895039 1.99
      vertex -58.046285815536976 7.681383818387985 1.99
    endloop
  endfacet
  facet normal 0 0 -1
    outer loop
      vertex -58.046285815536976 7.681383818387985 1.99
      vertex -58.173710875213146 7.692537821829319 1.99
      vertex -58.28355561941862 7.768334932625294 1.99
    endloop
  endfacet
  facet normal 0 0 -1
    outer loop
      vertex -58.32462212443352 7.846132703125477 1.99
      vertex -58.046285815536976 7.681383818387985 1.99
      vertex -58.28355561941862 7.768334932625294 1.99
    endloop
  endfacet
endsolid OpenSCAD_Model
