999
DXF data, created by potrace 1.16, written by Peter Selinger 2001-2019
  0
SECTION
  2
HEADER
  9
$ACADVER
  1
AC1006
  9
$EXTMIN
 10
0.000000
 20
0.000000
 30
0.000000
  9
$EXTMAX
 10
1196.986274
 20
514.919542
 30
0.000000
  0
ENDSEC
  0
SECTION
  2
ENTITIES
  0
POLYLINE
  8
0
 66
1
 70
1
  0
VERTEX
  8
0
 10
258.486274
 20
513.000000
 42
-0.025182
  0
VERTEX
  8
0
 10
257.187241
 20
512.285005
 42
-0.022075
  0
VERTEX
  8
0
 10
255.765336
 20
511.669267
 42
-0.022677
  0
VERTEX
  8
0
 10
254.430611
 20
511.228183
 42
-0.059617
  0
VERTEX
  8
0
 10
253.436274
 20
511.073088
 42
0.042083
  0
VERTEX
  8
0
 10
252.576162
 20
510.969591
 42
0.034812
  0
VERTEX
  8
0
 10
251.687246
 20
510.720255
 42
0.036130
  0
VERTEX
  8
0
 10
250.900295
 20
510.373258
 42
0.074607
  0
VERTEX
  8
0
 10
250.360861
 20
509.974587
 42
-0.092121
  0
VERTEX
  8
0
 10
249.743190
 20
509.550495
 42
-0.025150
  0
VERTEX
  8
0
 10
248.634900
 20
509.123609
 42
-0.024540
  0
VERTEX
  8
0
 10
247.305930
 20
508.758234
 42
-0.023340
  0
VERTEX
  8
0
 10
245.925192
 20
508.517581
 42
0.026858
  0
VERTEX
  8
0
 10
244.594006
 20
508.275907
 42
0.035174
  0
VERTEX
  8
0
 10
243.414573
 20
507.906389
 42
0.037859
  0
VERTEX
  8
0
 10
242.518289
 20
507.473861
 42
0.182938
  0
VERTEX
  8
0
 10
242.167272
 20
507.042994
 42
-0.136661
  0
VERTEX
  8
0
 10
241.897942
 20
506.643678
 42
-0.066095
  0
VERTEX
  8
0
 10
241.376049
 20
506.306380
 42
-0.058095
  0
VERTEX
  8
0
 10
240.698282
 20
506.077470
 42
-0.052461
  0
VERTEX
  8
0
 10
239.961957
 20
506.000000
 42
0.048870
  0
VERTEX
  8
0
 10
239.205528
 20
505.925890
 42
0.047176
  0
VERTEX
  8
0
 10
238.468445
 20
505.706250
 42
0.050954
  0
VERTEX
  8
0
 10
237.856887
 20
505.383416
 42
0.107838
  0
VERTEX
  8
0
 10
237.486274
 20
505.000000
 42
-0.128561
  0
VERTEX
  8
0
 10
237.083063
 20
504.615613
 42
-0.046040
  0
VERTEX
  8
0
 10
236.350085
 20
504.293750
 42
-0.041947
  0
VERTEX
  8
0
 10
235.443358
 20
504.073871
 42
-0.038534
  0
VERTEX
  8
0
 10
234.486274
 20
504.000000
 42
0.038534
  0
VERTEX
  8
0
 10
233.529190
 20
503.926129
 42
0.041947
  0
VERTEX
  8
0
 10
232.622463
 20
503.706250
 42
0.046040
  0
VERTEX
  8
0
 10
231.889485
 20
503.384387
 42
0.128561
  0
VERTEX
  8
0
 10
231.486274
 20
503.000000
 42
-0.128561
  0
VERTEX
  8
0
 10
231.083063
 20
502.615613
 42
-0.046040
  0
VERTEX
  8
0
 10
230.350085
 20
502.293750
 42
-0.041947
  0
VERTEX
  8
0
 10
229.443358
 20
502.073871
 42
-0.038534
  0
VERTEX
  8
0
 10
228.486274
 20
502.000000
 42
0.038534
  0
VERTEX
  8
0
 10
227.529190
 20
501.926129
 42
0.041947
  0
VERTEX
  8
0
 10
226.622463
 20
501.706250
 42
0.046040
  0
VERTEX
  8
0
 10
225.889485
 20
501.384387
 42
0.128561
  0
VERTEX
  8
0
 10
225.486274
 20
501.000000
 42
-0.130646
  0
VERTEX
  8
0
 10
225.079610
 20
500.615492
 42
-0.045439
  0
VERTEX
  8
0
 10
224.332748
 20
500.293750
 42
-0.041396
  0
VERTEX
  8
0
 10
223.406933
 20
500.073842
 42
-0.037634
  0
VERTEX
  8
0
 10
222.427257
 20
500.000000
 42
0.039081
  0
VERTEX
  8
0
 10
221.492554
 20
499.926830
 42
0.058208
  0
VERTEX
  8
0
 10
220.703312
 20
499.706250
 42
0.076538
  0
VERTEX
  8
0
 10
220.165650
 20
499.382793
 42
0.222681
  0
VERTEX
  8
0
 10
219.986274
 20
499.000000
 42
-0.254951
  0
VERTEX
  8
0
 10
219.776716
 20
498.615738
 42
-0.062710
  0
VERTEX
  8
0
 10
219.105024
 20
498.293750
 42
-0.048861
  0
VERTEX
  8
0
 10
218.135525
 20
498.072766
 42
-0.031626
  0
VERTEX
  8
0
 10
216.986274
 20
498.000000
 42
0.031626
  0
VERTEX
  8
0
 10
215.837022
 20
497.927234
 42
0.048861
  0
VERTEX
  8
0
 10
214.867524
 20
497.706250
 42
0.062710
  0
VERTEX
  8
0
 10
214.195831
 20
497.384262
 42
0.254951
  0
VERTEX
  8
0
 10
213.986274
 20
497.000000
 42
-0.186414
  0
VERTEX
  8
0
 10
213.838809
 20
496.618213
 42
-0.089706
  0
VERTEX
  8
0
 10
213.416110
 20
496.293750
 42
-0.069539
  0
VERTEX
  8
0
 10
212.788051
 20
496.073784
 42
-0.049547
  0
VERTEX
  8
0
 10
212.045291
 20
496.000000
 42
0.046881
  0
VERTEX
  8
0
 10
211.256978
 20
495.925923
 42
0.046318
  0
VERTEX
  8
0
 10
210.492924
 20
495.706250
 42
0.050262
  0
VERTEX
  8
0
 10
209.862297
 20
495.383556
 42
0.111412
  0
VERTEX
  8
0
 10
209.486274
 20
495.000000
 42
-0.128561
  0
VERTEX
  8
0
 10
209.083063
 20
494.615613
 42
-0.046040
  0
VERTEX
  8
0
 10
208.350085
 20
494.293750
 42
-0.041947
  0
VERTEX
  8
0
 10
207.443358
 20
494.073871
 42
-0.038534
  0
VERTEX
  8
0
 10
206.486274
 20
494.000000
 42
0.038534
  0
VERTEX
  8
0
 10
205.529190
 20
493.926129
 42
0.041947
  0
VERTEX
  8
0
 10
204.622463
 20
493.706250
 42
0.046040
  0
VERTEX
  8
0
 10
203.889485
 20
493.384387
 42
0.128561
  0
VERTEX
  8
0
 10
203.486274
 20
493.000000
 42
-0.130646
  0
VERTEX
  8
0
 10
203.079610
 20
492.615492
 42
-0.045439
  0
VERTEX
  8
0
 10
202.332748
 20
492.293750
 42
-0.041396
  0
VERTEX
  8
0
 10
201.406933
 20
492.073842
 42
-0.037634
  0
VERTEX
  8
0
 10
200.427257
 20
492.000000
 42
0.039081
  0
VERTEX
  8
0
 10
199.492554
 20
491.926830
 42
0.058208
  0
VERTEX
  8
0
 10
198.703312
 20
491.706250
 42
0.076538
  0
VERTEX
  8
0
 10
198.165650
 20
491.382793
 42
0.222681
  0
VERTEX
  8
0
 10
197.986274
 20
491.000000
 42
-0.251914
  0
VERTEX
  8
0
 10
197.779642
 20
490.615903
 42
-0.064068
  0
VERTEX
  8
0
 10
197.122360
 20
490.293750
 42
-0.049716
  0
VERTEX
  8
0
 10
196.171894
 20
490.072800
 42
-0.032276
  0
VERTEX
  8
0
 10
195.045291
 20
490.000000
 42
0.031397
  0
VERTEX
  8
0
 10
193.874158
 20
489.926388
 42
0.037109
  0
VERTEX
  8
0
 10
192.786674
 20
489.706250
 42
0.040338
  0
VERTEX
  8
0
 10
191.920435
 20
489.385578
 42
0.146547
  0
VERTEX
  8
0
 10
191.486274
 20
489.000000
 42
-0.128561
  0
VERTEX
  8
0
 10
191.083063
 20
488.615613
 42
-0.046040
  0
VERTEX
  8
0
 10
190.350085
 20
488.293750
 42
-0.041947
  0
VERTEX
  8
0
 10
189.443358
 20
488.073871
 42
-0.038534
  0
VERTEX
  8
0
 10
188.486274
 20
488.000000
 42
0.038534
  0
VERTEX
  8
0
 10
187.529190
 20
487.926129
 42
0.041947
  0
VERTEX
  8
0
 10
186.622463
 20
487.706250
 42
0.046040
  0
VERTEX
  8
0
 10
185.889485
 20
487.384387
 42
0.128561
  0
VERTEX
  8
0
 10
185.486274
 20
487.000000
 42
-0.128561
  0
VERTEX
  8
0
 10
185.083063
 20
486.615613
 42
-0.046040
  0
VERTEX
  8
0
 10
184.350085
 20
486.293750
 42
-0.041947
  0
VERTEX
  8
0
 10
183.443358
 20
486.073871
 42
-0.038534
  0
VERTEX
  8
0
 10
182.486274
 20
486.000000
 42
0.038534
  0
VERTEX
  8
0
 10
181.529190
 20
485.926129
 42
0.041947
  0
VERTEX
  8
0
 10
180.622463
 20
485.706250
 42
0.046040
  0
VERTEX
  8
0
 10
179.889485
 20
485.384387
 42
0.128561
  0
VERTEX
  8
0
 10
179.486274
 20
485.000000
 42
-0.111983
  0
VERTEX
  8
0
 10
179.109377
 20
484.616421
 42
-0.050144
  0
VERTEX
  8
0
 10
178.475638
 20
484.293750
 42
-0.046179
  0
VERTEX
  8
0
 10
177.707193
 20
484.074072
 42
-0.046572
  0
VERTEX
  8
0
 10
176.913688
 20
484.000000
 42
0.036431
  0
VERTEX
  8
0
 10
176.039076
 20
483.936190
 42
0.022315
  0
VERTEX
  8
0
 10
175.023209
 20
483.740522
 42
0.022320
  0
VERTEX
  8
0
 10
174.029434
 20
483.455259
 42
0.036621
  0
VERTEX
  8
0
 10
173.222705
 20
483.116671
 42
-0.009137
  0
VERTEX
  8
0
 10
172.350351
 20
482.692786
 42
-0.003443
  0
VERTEX
  8
0
 10
171.115100
 20
482.130526
 42
-0.003409
  0
VERTEX
  8
0
 10
169.762111
 20
481.536920
 42
-0.004145
  0
VERTEX
  8
0
 10
168.486274
 20
481.000000
 42
0.004145
  0
VERTEX
  8
0
 10
167.210437
 20
480.463080
 42
0.003409
  0
VERTEX
  8
0
 10
165.857447
 20
479.869474
 42
0.003443
  0
VERTEX
  8
0
 10
164.622197
 20
479.307214
 42
0.009137
  0
VERTEX
  8
0
 10
163.749843
 20
478.883329
 42
-0.036621
  0
VERTEX
  8
0
 10
162.943114
 20
478.544741
 42
-0.022320
  0
VERTEX
  8
0
 10
161.949338
 20
478.259478
 42
-0.022315
  0
VERTEX
  8
0
 10
160.933471
 20
478.063810
 42
-0.036431
  0
VERTEX
  8
0
 10
160.058860
 20
478.000000
 42
0.046572
  0
VERTEX
  8
0
 10
159.265355
 20
477.925928
 42
0.046179
  0
VERTEX
  8
0
 10
158.496910
 20
477.706250
 42
0.050144
  0
VERTEX
  8
0
 10
157.863170
 20
477.383579
 42
0.111983
  0
VERTEX
  8
0
 10
157.486274
 20
477.000000
 42
-0.128561
  0
VERTEX
  8
0
 10
157.083063
 20
476.615613
 42
-0.046040
  0
VERTEX
  8
0
 10
156.350085
 20
476.293750
 42
-0.041947
  0
VERTEX
  8
0
 10
155.443358
 20
476.073871
 42
-0.038534
  0
VERTEX
  8
0
 10
154.486274
 20
476.000000
 42
0.038534
  0
VERTEX
  8
0
 10
153.529190
 20
475.926129
 42
0.041947
  0
VERTEX
  8
0
 10
152.622463
 20
475.706250
 42
0.046040
  0
VERTEX
  8
0
 10
151.889485
 20
475.384387
 42
0.128561
  0
VERTEX
  8
0
 10
151.486274
 20
475.000000
 42
-0.128561
  0
VERTEX
  8
0
 10
151.083063
 20
474.615613
 42
-0.046040
  0
VERTEX
  8
0
 10
150.350085
 20
474.293750
 42
-0.041947
  0
VERTEX
  8
0
 10
149.443358
 20
474.073871
 42
-0.038534
  0
VERTEX
  8
0
 10
148.486274
 20
474.000000
 42
0.038534
  0
VERTEX
  8
0
 10
147.529190
 20
473.926129
 42
0.041947
  0
VERTEX
  8
0
 10
146.622463
 20
473.706250
 42
0.046040
  0
VERTEX
  8
0
 10
145.889485
 20
473.384387
 42
0.128561
  0
VERTEX
  8
0
 10
145.486274
 20
473.000000
 42
-0.130646
  0
VERTEX
  8
0
 10
145.079610
 20
472.615492
 42
-0.045439
  0
VERTEX
  8
0
 10
144.332748
 20
472.293750
 42
-0.041396
  0
VERTEX
  8
0
 10
143.406933
 20
472.073842
 42
-0.037634
  0
VERTEX
  8
0
 10
142.427257
 20
472.000000
 42
0.039081
  0
VERTEX
  8
0
 10
141.492554
 20
471.926830
 42
0.058208
  0
VERTEX
  8
0
 10
140.703312
 20
471.706250
 42
0.076538
  0
VERTEX
  8
0
 10
140.165650
 20
471.382793
 42
0.222681
  0
VERTEX
  8
0
 10
139.986274
 20
471.000000
 42
-0.254951
  0
VERTEX
  8
0
 10
139.776716
 20
470.615738
 42
-0.062710
  0
VERTEX
  8
0
 10
139.105024
 20
470.293750
 42
-0.048861
  0
VERTEX
  8
0
 10
138.135525
 20
470.072766
 42
-0.031626
  0
VERTEX
  8
0
 10
136.986274
 20
470.000000
 42
0.031626
  0
VERTEX
  8
0
 10
135.837022
 20
469.927234
 42
0.048861
  0
VERTEX
  8
0
 10
134.867524
 20
469.706250
 42
0.062710
  0
VERTEX
  8
0
 10
134.195831
 20
469.384262
 42
0.254951
  0
VERTEX
  8
0
 10
133.986274
 20
469.000000
 42
-0.254951
  0
VERTEX
  8
0
 10
133.776716
 20
468.615738
 42
-0.062710
  0
VERTEX
  8
0
 10
133.105024
 20
468.293750
 42
-0.048861
  0
VERTEX
  8
0
 10
132.135525
 20
468.072766
 42
-0.031626
  0
VERTEX
  8
0
 10
130.986274
 20
468.000000
 42
0.031626
  0
VERTEX
  8
0
 10
129.837022
 20
467.927234
 42
0.048861
  0
VERTEX
  8
0
 10
128.867524
 20
467.706250
 42
0.062710
  0
VERTEX
  8
0
 10
128.195831
 20
467.384262
 42
0.254951
  0
VERTEX
  8
0
 10
127.986274
 20
467.000000
 42
-0.224533
  0
VERTEX
  8
0
 10
127.805215
 20
466.617138
 42
-0.075787
  0
VERTEX
  8
0
 10
127.260834
 20
466.293750
 42
-0.057655
  0
VERTEX
  8
0
 10
126.462371
 20
466.073144
 42
-0.038615
  0
VERTEX
  8
0
 10
125.516690
 20
466.000000
 42
0.057431
  0
VERTEX
  8
0
 10
124.321515
 20
465.862266
 42
0.022695
  0
VERTEX
  8
0
 10
122.726552
 20
465.412500
 42
0.022104
  0
VERTEX
  8
0
 10
121.030789
 20
464.765606
 42
0.025786
  0
VERTEX
  8
0
 10
119.486274
 20
464.000000
 42
-0.030339
  0
VERTEX
  8
0
 10
117.905387
 20
463.234204
 42
-0.023317
  0
VERTEX
  8
0
 10
116.099120
 20
462.587500
 42
-0.023816
  0
VERTEX
  8
0
 10
114.347173
 20
462.140963
 42
-0.050529
  0
VERTEX
  8
0
 10
112.955857
 20
462.000000
 42
0.031958
  0
VERTEX
  8
0
 10
111.818278
 20
461.927217
 42
0.049298
  0
VERTEX
  8
0
 10
110.858589
 20
461.706250
 42
0.063406
  0
VERTEX
  8
0
 10
110.194331
 20
461.384177
 42
0.253396
  0
VERTEX
  8
0
 10
109.986274
 20
461.000000
 42
-0.191087
  0
VERTEX
  8
0
 10
109.834797
 20
460.618118
 42
-0.088204
  0
VERTEX
  8
0
 10
109.398774
 20
460.293750
 42
-0.068025
  0
VERTEX
  8
0
 10
108.751692
 20
460.073693
 42
-0.048028
  0
VERTEX
  8
0
 10
107.986274
 20
460.000000
 42
0.048028
  0
VERTEX
  8
0
 10
107.220855
 20
459.926307
 42
0.068025
  0
VERTEX
  8
0
 10
106.573774
 20
459.706250
 42
0.088204
  0
VERTEX
  8
0
 10
106.137750
 20
459.381882
 42
0.191087
  0
VERTEX
  8
0
 10
105.986274
 20
459.000000
 42
-0.254951
  0
VERTEX
  8
0
 10
105.776716
 20
458.615738
 42
-0.062710
  0
VERTEX
  8
0
 10
105.105024
 20
458.293750
 42
-0.048861
  0
VERTEX
  8
0
 10
104.135525
 20
458.072766
 42
-0.031626
  0
VERTEX
  8
0
 10
102.986274
 20
458.000000
 42
0.027604
  0
VERTEX
  8
0
 10
101.836782
 20
457.936489
 42
0.043392
  0
VERTEX
  8
0
 10
100.867524
 20
457.742916
 42
0.053690
  0
VERTEX
  8
0
 10
100.186761
 20
457.462188
 42
0.274711
  0
VERTEX
  8
0
 10
99.986274
 20
457.124820
 42
-0.297262
  0
VERTEX
  8
0
 10
99.722859
 20
456.720902
 42
-0.015666
  0
VERTEX
  8
0
 10
98.223774
 20
456.115714
 42
-0.020486
  0
VERTEX
  8
0
 10
96.285954
 20
455.491985
 42
-0.013031
  0
VERTEX
  8
0
 10
93.986274
 20
454.918543
 42
0.011816
  0
VERTEX
  8
0
 10
91.686474
 20
454.351002
 42
0.018697
  0
VERTEX
  8
0
 10
89.748774
 20
453.745300
 42
0.013277
  0
VERTEX
  8
0
 10
88.232546
 20
453.162600
 42
0.303139
  0
VERTEX
  8
0
 10
87.986274
 20
452.793724
 42
-0.258714
  0
VERTEX
  8
0
 10
87.817045
 20
452.488558
 42
-0.061016
  0
VERTEX
  8
0
 10
87.269235
 20
452.233156
 42
-0.047807
  0
VERTEX
  8
0
 10
86.480431
 20
452.057724
 42
-0.030835
  0
VERTEX
  8
0
 10
85.545291
 20
452.000000
 42
0.037634
  0
VERTEX
  8
0
 10
84.565614
 20
451.926158
 42
0.041396
  0
VERTEX
  8
0
 10
83.639799
 20
451.706250
 42
0.045439
  0
VERTEX
  8
0
 10
82.892937
 20
451.384508
 42
0.130646
  0
VERTEX
  8
0
 10
82.486274
 20
451.000000
 42
-0.111983
  0
VERTEX
  8
0
 10
82.109377
 20
450.616421
 42
-0.050144
  0
VERTEX
  8
0
 10
81.475638
 20
450.293750
 42
-0.046179
  0
VERTEX
  8
0
 10
80.707193
 20
450.074072
 42
-0.046572
  0
VERTEX
  8
0
 10
79.913688
 20
450.000000
 42
0.044330
  0
VERTEX
  8
0
 10
78.521153
 20
449.876295
 42
0.044560
  0
VERTEX
  8
0
 10
77.174740
 20
449.509072
 42
0.025558
  0
VERTEX
  8
0
 10
75.393480
 20
448.742428
 42
0.004895
  0
VERTEX
  8
0
 10
72.249843
 20
447.156128
 42
-0.030020
  0
VERTEX
  8
0
 10
71.250584
 20
446.713364
 42
-0.021980
  0
VERTEX
  8
0
 10
70.096213
 20
446.339612
 42
-0.022346
  0
VERTEX
  8
0
 10
68.967584
 20
446.081913
 42
-0.044979
  0
VERTEX
  8
0
 10
68.058860
 20
446.000000
 42
0.046572
  0
VERTEX
  8
0
 10
67.265355
 20
445.925928
 42
0.046179
  0
VERTEX
  8
0
 10
66.496910
 20
445.706250
 42
0.050144
  0
VERTEX
  8
0
 10
65.863170
 20
445.383579
 42
0.111983
  0
VERTEX
  8
0
 10
65.486274
 20
445.000000
 42
-0.128561
  0
VERTEX
  8
0
 10
65.083063
 20
444.615613
 42
-0.046040
  0
VERTEX
  8
0
 10
64.350085
 20
444.293750
 42
-0.041947
  0
VERTEX
  8
0
 10
63.443358
 20
444.073871
 42
-0.038534
  0
VERTEX
  8
0
 10
62.486274
 20
444.000000
 42
0.033615
  0
VERTEX
  8
0
 10
61.535114
 20
443.935981
 42
0.038731
  0
VERTEX
  8
0
 10
60.646309
 20
443.744835
 42
0.042349
  0
VERTEX
  8
0
 10
59.935411
 20
443.465906
 42
0.140583
  0
VERTEX
  8
0
 10
59.567454
 20
443.131352
 42
-0.150861
  0
VERTEX
  8
0
 10
59.140095
 20
442.758221
 42
-0.022687
  0
VERTEX
  8
0
 10
58.067764
 20
442.338689
 42
-0.023750
  0
VERTEX
  8
0
 10
56.715955
 20
441.949870
 42
-0.018505
  0
VERTEX
  8
0
 10
55.216006
 20
441.652726
 42
0.103828
  0
VERTEX
  8
0
 10
51.040256
 20
440.054793
 42
0.094721
  0
VERTEX
  8
0
 10
47.699348
 20
436.871332
 42
0.087411
  0
VERTEX
  8
0
 10
45.577363
 20
432.436306
 42
0.073008
  0
VERTEX
  8
0
 10
44.919710
 20
427.250000
 42
-0.042045
  0
VERTEX
  8
0
 10
44.864141
 20
426.388544
 42
-0.062339
  0
VERTEX
  8
0
 10
44.660439
 20
425.660938
 42
-0.082658
  0
VERTEX
  8
0
 10
44.349787
 20
425.168107
 42
-0.214037
  0
VERTEX
  8
0
 10
43.975072
 20
425.000000
 42
0.276868
  0
VERTEX
  8
0
 10
43.593757
 20
424.771323
 42
0.052691
  0
VERTEX
  8
0
 10
43.276733
 20
423.989211
 42
0.042804
  0
VERTEX
  8
0
 10
43.058010
 20
422.877504
 42
0.027184
  0
VERTEX
  8
0
 10
42.986274
 20
421.559017
 42
-0.026918
  0
VERTEX
  8
0
 10
42.912859
 20
420.196361
 42
-0.033489
  0
VERTEX
  8
0
 10
42.692524
 20
418.947275
 42
-0.035556
  0
VERTEX
  8
0
 10
42.372966
 20
417.958660
 42
-0.159713
  0
VERTEX
  8
0
 10
41.986274
 20
417.500000
 42
0.128561
  0
VERTEX
  8
0
 10
41.601886
 20
417.096789
 42
0.046040
  0
VERTEX
  8
0
 10
41.280024
 20
416.363811
 42
0.041947
  0
VERTEX
  8
0
 10
41.060144
 20
415.457084
 42
0.038534
  0
VERTEX
  8
0
 10
40.986274
 20
414.500000
 42
-0.038534
  0
VERTEX
  8
0
 10
40.912403
 20
413.542916
 42
-0.041947
  0
VERTEX
  8
0
 10
40.692524
 20
412.636189
 42
-0.046040
  0
VERTEX
  8
0
 10
40.370661
 20
411.903211
 42
-0.128561
  0
VERTEX
  8
0
 10
39.986274
 20
411.500000
 42
0.158284
  0
VERTEX
  8
0
 10
39.599713
 20
411.044084
 42
0.036095
  0
VERTEX
  8
0
 10
39.280024
 20
410.070061
 42
0.033884
  0
VERTEX
  8
0
 10
39.059710
 20
408.840047
 42
0.027380
  0
VERTEX
  8
0
 10
38.986274
 20
407.500000
 42
-0.027380
  0
VERTEX
  8
0
 10
38.912838
 20
406.159953
 42
-0.033884
  0
VERTEX
  8
0
 10
38.692524
 20
404.929939
 42
-0.036095
  0
VERTEX
  8
0
 10
38.372834
 20
403.955916
 42
-0.158284
  0
VERTEX
  8
0
 10
37.986274
 20
403.500000
 42
0.146547
  0
VERTEX
  8
0
 10
37.600696
 20
403.065839
 42
0.040338
  0
VERTEX
  8
0
 10
37.280024
 20
402.199600
 42
0.037109
  0
VERTEX
  8
0
 10
37.059886
 20
401.112115
 42
0.031397
  0
VERTEX
  8
0
 10
36.986274
 20
399.940983
 42
-0.032276
  0
VERTEX
  8
0
 10
36.913474
 20
398.814380
 42
-0.049716
  0
VERTEX
  8
0
 10
36.692524
 20
397.863914
 42
-0.064068
  0
VERTEX
  8
0
 10
36.370371
 20
397.206632
 42
-0.251914
  0
VERTEX
  8
0
 10
35.986274
 20
397.000000
 42
0.275259
  0
VERTEX
  8
0
 10
35.600752
 20
396.770364
 42
0.053437
  0
VERTEX
  8
0
 10
35.280024
 20
395.989211
 42
0.043243
  0
VERTEX
  8
0
 10
35.058837
 20
394.877484
 42
0.027497
  0
VERTEX
  8
0
 10
34.986274
 20
393.559017
 42
-0.026918
  0
VERTEX
  8
0
 10
34.912859
 20
392.196361
 42
-0.033489
  0
VERTEX
  8
0
 10
34.692524
 20
390.947275
 42
-0.035556
  0
VERTEX
  8
0
 10
34.372966
 20
389.958660
 42
-0.159713
  0
VERTEX
  8
0
 10
33.986274
 20
389.500000
 42
0.158284
  0
VERTEX
  8
0
 10
33.599713
 20
389.044084
 42
0.036095
  0
VERTEX
  8
0
 10
33.280024
 20
388.070061
 42
0.033884
  0
VERTEX
  8
0
 10
33.059710
 20
386.840047
 42
0.027380
  0
VERTEX
  8
0
 10
32.986274
 20
385.500000
 42
-0.027380
  0
VERTEX
  8
0
 10
32.912838
 20
384.159953
 42
-0.033884
  0
VERTEX
  8
0
 10
32.692524
 20
382.929939
 42
-0.036095
  0
VERTEX
  8
0
 10
32.372834
 20
381.955916
 42
-0.158284
  0
VERTEX
  8
0
 10
31.986274
 20
381.500000
 42
0.146547
  0
VERTEX
  8
0
 10
31.600696
 20
381.065839
 42
0.040338
  0
VERTEX
  8
0
 10
31.280024
 20
380.199600
 42
0.037109
  0
VERTEX
  8
0
 10
31.059886
 20
379.112115
 42
0.031397
  0
VERTEX
  8
0
 10
30.986274
 20
377.940983
 42
-0.032276
  0
VERTEX
  8
0
 10
30.913474
 20
376.814380
 42
-0.049716
  0
VERTEX
  8
0
 10
30.692524
 20
375.863914
 42
-0.064068
  0
VERTEX
  8
0
 10
30.370371
 20
375.206632
 42
-0.251914
  0
VERTEX
  8
0
 10
29.986274
 20
375.000000
 42
0.269200
  0
VERTEX
  8
0
 10
29.601159
 20
374.776454
 42
0.056233
  0
VERTEX
  8
0
 10
29.280024
 20
374.030625
 42
0.044902
  0
VERTEX
  8
0
 10
29.058894
 20
372.964371
 42
0.028694
  0
VERTEX
  8
0
 10
28.986274
 20
371.700000
 42
-0.023134
  0
VERTEX
  8
0
 10
28.924566
 20
370.366996
 42
-0.025602
  0
VERTEX
  8
0
 10
28.739817
 20
369.090313
 42
-0.026162
  0
VERTEX
  8
0
 10
28.471709
 20
368.028006
 42
-0.106374
  0
VERTEX
  8
0
 10
28.147270
 20
367.450000
 42
0.095540
  0
VERTEX
  8
0
 10
27.751519
 20
366.779078
 42
0.009697
  0
VERTEX
  8
0
 10
27.161496
 20
365.016563
 42
0.011852
  0
VERTEX
  8
0
 10
26.543575
 20
362.867180
 42
0.009181
  0
VERTEX
  8
0
 10
25.969618
 20
360.500000
 42
-0.012572
  0
VERTEX
  8
0
 10
25.360026
 20
358.058287
 42
-0.013087
  0
VERTEX
  8
0
 10
24.635757
 20
355.683076
 42
-0.012863
  0
VERTEX
  8
0
 10
23.904269
 20
353.665825
 42
-0.054298
  0
VERTEX
  8
0
 10
23.308621
 20
352.527494
 42
0.048517
  0
VERTEX
  8
0
 10
22.801726
 20
351.585388
 42
0.028464
  0
VERTEX
  8
0
 10
22.374713
 20
350.377272
 42
0.028260
  0
VERTEX
  8
0
 10
22.082536
 20
349.108450
 42
0.042481
  0
VERTEX
  8
0
 10
21.986274
 20
347.977494
 42
-0.031924
  0
VERTEX
  8
0
 10
21.918753
 20
346.921059
 42
-0.031595
  0
VERTEX
  8
0
 10
21.717277
 20
345.878076
 42
-0.033254
  0
VERTEX
  8
0
 10
21.423022
 20
344.991542
 42
-0.095306
  0
VERTEX
  8
0
 10
21.070541
 20
344.450000
 42
0.132736
  0
VERTEX
  8
0
 10
20.479179
 20
343.375462
 42
0.025809
  0
VERTEX
  8
0
 10
20.062748
 20
341.181425
 42
0.026122
  0
VERTEX
  8
0
 10
19.840059
 20
338.528117
 42
0.022998
  0
VERTEX
  8
0
 10
19.880311
 20
335.750000
 42
0.179124
  0
VERTEX
  8
0
 10
20.357037
 20
334.667879
 42
0.142045
  0
VERTEX
  8
0
 10
21.474329
 20
334.029437
 42
0.195204
  0
VERTEX
  8
0
 10
22.522229
 20
334.186337
 42
0.265115
  0
VERTEX
  8
0
 10
22.986274
 20
335.000000
 42
-0.183553
  0
VERTEX
  8
0
 10
23.131296
 20
335.381733
 42
-0.090592
  0
VERTEX
  8
0
 10
23.546014
 20
335.706250
 42
-0.070474
  0
VERTEX
  8
0
 10
24.162636
 20
335.926158
 42
-0.050507
  0
VERTEX
  8
0
 10
24.891773
 20
336.000000
 42
0.061790
  0
VERTEX
  8
0
 10
25.877311
 20
336.122259
 42
0.017439
  0
VERTEX
  8
0
 10
27.366854
 20
336.553356
 42
0.017295
  0
VERTEX
  8
0
 10
29.030084
 20
337.162704
 42
0.017463
  0
VERTEX
  8
0
 10
30.641773
 20
337.883765
 42
-0.005091
  0
VERTEX
  8
0
 10
35.020831
 20
339.974438
 42
-0.013443
  0
VERTEX
  8
0
 10
38.209126
 20
341.353956
 42
-0.018152
  0
VERTEX
  8
0
 10
40.597473
 20
342.212736
 42
-0.053674
  0
VERTEX
  8
0
 10
42.302935
 20
342.561346
 42
0.047255
  0
VERTEX
  8
0
 10
43.081501
 20
342.710132
 42
0.033342
  0
VERTEX
  8
0
 10
43.918871
 20
343.015723
 42
0.033801
  0
VERTEX
  8
0
 10
44.687280
 20
343.419837
 42
0.058482
  0
VERTEX
  8
0
 10
45.252935
 20
343.866662
 42
-0.077295
  0
VERTEX
  8
0
 10
45.847830
 20
344.301426
 42
-0.038219
  0
VERTEX
  8
0
 10
46.711644
 20
344.667082
 42
-0.036761
  0
VERTEX
  8
0
 10
47.686089
 20
344.916463
 42
-0.044292
  0
VERTEX
  8
0
 10
48.627257
 20
345.000000
 42
0.040867
  0
VERTEX
  8
0
 10
49.530376
 20
345.073939
 42
0.043300
  0
VERTEX
  8
0
 10
50.391498
 20
345.293750
 42
0.047457
  0
VERTEX
  8
0
 10
51.091488
 20
345.615893
 42
0.123387
  0
VERTEX
  8
0
 10
51.486274
 20
346.000000
 42
-0.130646
  0
VERTEX
  8
0
 10
51.892937
 20
346.384508
 42
-0.045439
  0
VERTEX
  8
0
 10
52.639799
 20
346.706250
 42
-0.041396
  0
VERTEX
  8
0
 10
53.565614
 20
346.926158
 42
-0.037634
  0
VERTEX
  8
0
 10
54.545291
 20
347.000000
 42
0.034617
  0
VERTEX
  8
0
 10
55.480237
 20
347.064808
 42
0.052736
  0
VERTEX
  8
0
 10
56.269235
 20
347.261058
 42
0.068723
  0
VERTEX
  8
0
 10
56.811577
 20
347.547829
 42
0.241321
  0
VERTEX
  8
0
 10
56.986274
 20
347.888709
 42
-0.264194
  0
VERTEX
  8
0
 10
57.205951
 20
348.275440
 42
-0.034065
  0
VERTEX
  8
0
 10
58.087836
 20
348.722878
 42
-0.032528
  0
VERTEX
  8
0
 10
59.299479
 20
349.146558
 42
-0.021510
  0
VERTEX
  8
0
 10
60.736274
 20
349.480458
 42
0.018877
  0
VERTEX
  8
0
 10
62.354922
 20
349.847648
 42
0.013868
  0
VERTEX
  8
0
 10
64.119086
 20
350.371329
 42
0.014055
  0
VERTEX
  8
0
 10
65.762867
 20
350.960949
 42
0.030081
  0
VERTEX
  8
0
 10
66.986274
 20
351.525963
 42
-0.038984
  0
VERTEX
  8
0
 10
69.060472
 20
352.439505
 42
-0.014897
  0
VERTEX
  8
0
 10
72.070269
 20
353.394168
 42
-0.006642
  0
VERTEX
  8
0
 10
75.130849
 20
354.221712
 42
-0.489729
  0
VERTEX
  8
0
 10
75.486274
 20
353.945863
 42
0.549818
  0
VERTEX
  8
0
 10
75.561588
 20
353.898078
 42
0.002146
  0
VERTEX
  8
0
 10
76.656924
 20
354.419521
 42
0.006869
  0
VERTEX
  8
0
 10
77.943013
 20
355.060466
 42
0.003982
  0
VERTEX
  8
0
 10
79.471465
 20
355.864065
 42
-0.014894
  0
VERTEX
  8
0
 10
81.112612
 20
356.681715
 42
-0.016399
  0
VERTEX
  8
0
 10
82.748274
 20
357.372569
 42
-0.015980
  0
VERTEX
  8
0
 10
84.176962
 20
357.869746
 42
-0.075878
  0
VERTEX
  8
0
 10
85.030335
 20
358.000000
 42
0.069091
  0
VERTEX
  8
0
 10
85.770866
 20
358.102819
 42
0.029949
  0
VERTEX
  8
0
 10
86.711953
 20
358.431283
 42
0.028926
  0
VERTEX
  8
0
 10
87.686387
 20
358.906229
 42
0.034063
  0
VERTEX
  8
0
 10
88.545144
 20
359.468197
 42
-0.061237
  0
VERTEX
  8
0
 10
89.521219
 20
360.033872
 42
-0.030416
  0
VERTEX
  8
0
 10
90.870754
 20
360.514453
 42
-0.029648
  0
VERTEX
  8
0
 10
92.349617
 20
360.848285
 42
-0.038256
  0
VERTEX
  8
0
 10
93.736274
 20
360.968197
 42
0.029134
  0
VERTEX
  8
0
 10
94.981433
 20
361.053044
 42
0.045313
  0
VERTEX
  8
0
 10
96.031586
 20
361.284408
 42
0.056741
  0
VERTEX
  8
0
 10
96.765439
 20
361.612808
 42
0.265128
  0
VERTEX
  8
0
 10
96.986274
 20
362.000000
 42
-0.186414
  0
VERTEX
  8
0
 10
97.133739
 20
362.381787
 42
-0.089706
  0
VERTEX
  8
0
 10
97.556437
 20
362.706250
 42
-0.069539
  0
VERTEX
  8
0
 10
98.184496
 20
362.926216
 42
-0.049547
  0
VERTEX
  8
0
 10
98.927257
 20
363.000000
 42
0.046881
  0
VERTEX
  8
0
 10
99.715570
 20
363.074077
 42
0.046318
  0
VERTEX
  8
0
 10
100.479623
 20
363.293750
 42
0.050262
  0
VERTEX
  8
0
 10
101.110250
 20
363.616444
 42
0.111412
  0
VERTEX
  8
0
 10
101.486274
 20
364.000000
 42
-0.128561
  0
VERTEX
  8
0
 10
101.889485
 20
364.384387
 42
-0.046040
  0
VERTEX
  8
0
 10
102.622463
 20
364.706250
 42
-0.041947
  0
VERTEX
  8
0
 10
103.529190
 20
364.926129
 42
-0.038534
  0
VERTEX
  8
0
 10
104.486274
 20
365.000000
 42
0.038534
  0
VERTEX
  8
0
 10
105.443358
 20
365.073871
 42
0.041947
  0
VERTEX
  8
0
 10
106.350085
 20
365.293750
 42
0.046040
  0
VERTEX
  8
0
 10
107.083063
 20
365.615613
 42
0.128561
  0
VERTEX
  8
0
 10
107.486274
 20
366.000000
 42
-0.130646
  0
VERTEX
  8
0
 10
107.892937
 20
366.384508
 42
-0.045439
  0
VERTEX
  8
0
 10
108.639799
 20
366.706250
 42
-0.041396
  0
VERTEX
  8
0
 10
109.565614
 20
366.926158
 42
-0.037634
  0
VERTEX
  8
0
 10
110.545291
 20
367.000000
 42
0.039081
  0
VERTEX
  8
0
 10
111.479994
 20
367.073170
 42
0.058208
  0
VERTEX
  8
0
 10
112.269235
 20
367.293750
 42
0.076538
  0
VERTEX
  8
0
 10
112.806898
 20
367.617207
 42
0.222681
  0
VERTEX
  8
0
 10
112.986274
 20
368.000000
 42
-0.192146
  0
VERTEX
  8
0
 10
113.138664
 20
368.381905
 42
-0.087854
  0
VERTEX
  8
0
 10
113.577760
 20
368.706250
 42
-0.067684
  0
VERTEX
  8
0
 10
114.229215
 20
368.926327
 42
-0.047692
  0
VERTEX
  8
0
 10
114.999843
 20
369.000000
 42
0.043112
  0
VERTEX
  8
0
 10
116.424940
 20
369.123108
 42
0.045153
  0
VERTEX
  8
0
 10
117.785046
 20
369.488696
 42
0.026083
  0
VERTEX
  8
0
 10
119.571312
 20
370.254438
 42
0.004994
  0
VERTEX
  8
0
 10
122.722705
 20
371.843872
 42
-0.030020
  0
VERTEX
  8
0
 10
123.721963
 20
372.286636
 42
-0.021980
  0
VERTEX
  8
0
 10
124.876334
 20
372.660388
 42
-0.022346
  0
VERTEX
  8
0
 10
126.004963
 20
372.918087
 42
-0.044979
  0
VERTEX
  8
0
 10
126.913688
 20
373.000000
 42
0.046572
  0
VERTEX
  8
0
 10
127.707193
 20
373.074072
 42
0.046179
  0
VERTEX
  8
0
 10
128.475638
 20
373.293750
 42
0.050144
  0
VERTEX
  8
0
 10
129.109377
 20
373.616421
 42
0.111983
  0
VERTEX
  8
0
 10
129.486274
 20
374.000000
 42
-0.128561
  0
VERTEX
  8
0
 10
129.889485
 20
374.384387
 42
-0.046040
  0
VERTEX
  8
0
 10
130.622463
 20
374.706250
 42
-0.041947
  0
VERTEX
  8
0
 10
131.529190
 20
374.926129
 42
-0.038534
  0
VERTEX
  8
0
 10
132.486274
 20
375.000000
 42
0.038534
  0
VERTEX
  8
0
 10
133.443358
 20
375.073871
 42
0.041947
  0
VERTEX
  8
0
 10
134.350085
 20
375.293750
 42
0.046040
  0
VERTEX
  8
0
 10
135.083063
 20
375.615613
 42
0.128561
  0
VERTEX
  8
0
 10
135.486274
 20
376.000000
 42
-0.130646
  0
VERTEX
  8
0
 10
135.892937
 20
376.384508
 42
-0.045439
  0
VERTEX
  8
0
 10
136.639799
 20
376.706250
 42
-0.041396
  0
VERTEX
  8
0
 10
137.565614
 20
376.926158
 42
-0.037634
  0
VERTEX
  8
0
 10
138.545291
 20
377.000000
 42
0.039081
  0
VERTEX
  8
0
 10
139.479994
 20
377.073170
 42
0.058208
  0
VERTEX
  8
0
 10
140.269235
 20
377.293750
 42
0.076538
  0
VERTEX
  8
0
 10
140.806898
 20
377.617207
 42
0.222681
  0
VERTEX
  8
0
 10
140.986274
 20
378.000000
 42
-0.254951
  0
VERTEX
  8
0
 10
141.195831
 20
378.384262
 42
-0.062710
  0
VERTEX
  8
0
 10
141.867524
 20
378.706250
 42
-0.048861
  0
VERTEX
  8
0
 10
142.837022
 20
378.927234
 42
-0.031626
  0
VERTEX
  8
0
 10
143.986274
 20
379.000000
 42
0.031626
  0
VERTEX
  8
0
 10
145.135525
 20
379.072766
 42
0.048861
  0
VERTEX
  8
0
 10
146.105024
 20
379.293750
 42
0.062710
  0
VERTEX
  8
0
 10
146.776716
 20
379.615738
 42
0.254951
  0
VERTEX
  8
0
 10
146.986274
 20
380.000000
 42
-0.222681
  0
VERTEX
  8
0
 10
147.165650
 20
380.382793
 42
-0.076538
  0
VERTEX
  8
0
 10
147.703312
 20
380.706250
 42
-0.058208
  0
VERTEX
  8
0
 10
148.492554
 20
380.926830
 42
-0.039081
  0
VERTEX
  8
0
 10
149.427257
 20
381.000000
 42
0.037634
  0
VERTEX
  8
0
 10
150.406933
 20
381.073842
 42
0.041396
  0
VERTEX
  8
0
 10
151.332748
 20
381.293750
 42
0.045439
  0
VERTEX
  8
0
 10
152.079610
 20
381.615492
 42
0.130646
  0
VERTEX
  8
0
 10
152.486274
 20
382.000000
 42
-0.111412
  0
VERTEX
  8
0
 10
152.862297
 20
382.383556
 42
-0.050262
  0
VERTEX
  8
0
 10
153.492924
 20
382.706250
 42
-0.046318
  0
VERTEX
  8
0
 10
154.256978
 20
382.925923
 42
-0.046881
  0
VERTEX
  8
0
 10
155.045291
 20
383.000000
 42
0.049547
  0
VERTEX
  8
0
 10
155.788051
 20
383.073784
 42
0.069539
  0
VERTEX
  8
0
 10
156.416110
 20
383.293750
 42
0.089706
  0
VERTEX
  8
0
 10
156.838809
 20
383.618213
 42
0.186414
  0
VERTEX
  8
0
 10
156.986274
 20
384.000000
 42
-0.251914
  0
VERTEX
  8
0
 10
157.192905
 20
384.384097
 42
-0.064068
  0
VERTEX
  8
0
 10
157.850187
 20
384.706250
 42
-0.049716
  0
VERTEX
  8
0
 10
158.800654
 20
384.927200
 42
-0.032276
  0
VERTEX
  8
0
 10
159.927257
 20
385.000000
 42
0.031397
  0
VERTEX
  8
0
 10
161.098389
 20
385.073612
 42
0.037109
  0
VERTEX
  8
0
 10
162.185873
 20
385.293750
 42
0.040338
  0
VERTEX
  8
0
 10
163.052112
 20
385.614422
 42
0.146547
  0
VERTEX
  8
0
 10
163.486274
 20
386.000000
 42
-0.130646
  0
VERTEX
  8
0
 10
163.892937
 20
386.384508
 42
-0.045439
  0
VERTEX
  8
0
 10
164.639799
 20
386.706250
 42
-0.041396
  0
VERTEX
  8
0
 10
165.565614
 20
386.926158
 42
-0.037634
  0
VERTEX
  8
0
 10
166.545291
 20
387.000000
 42
0.039081
  0
VERTEX
  8
0
 10
167.479994
 20
387.073170
 42
0.058208
  0
VERTEX
  8
0
 10
168.269235
 20
387.293750
 42
0.076538
  0
VERTEX
  8
0
 10
168.806898
 20
387.617207
 42
0.222681
  0
VERTEX
  8
0
 10
168.986274
 20
388.000000
 42
-0.254951
  0
VERTEX
  8
0
 10
169.195831
 20
388.384262
 42
-0.062710
  0
VERTEX
  8
0
 10
169.867524
 20
388.706250
 42
-0.048861
  0
VERTEX
  8
0
 10
170.837022
 20
388.927234
 42
-0.031626
  0
VERTEX
  8
0
 10
171.986274
 20
389.000000
 42
0.031626
  0
VERTEX
  8
0
 10
173.135525
 20
389.072766
 42
0.048861
  0
VERTEX
  8
0
 10
174.105024
 20
389.293750
 42
0.062710
  0
VERTEX
  8
0
 10
174.776716
 20
389.615738
 42
0.254951
  0
VERTEX
  8
0
 10
174.986274
 20
390.000000
 42
-0.186414
  0
VERTEX
  8
0
 10
175.133739
 20
390.381787
 42
-0.089706
  0
VERTEX
  8
0
 10
175.556437
 20
390.706250
 42
-0.069539
  0
VERTEX
  8
0
 10
176.184496
 20
390.926216
 42
-0.049547
  0
VERTEX
  8
0
 10
176.927257
 20
391.000000
 42
0.046881
  0
VERTEX
  8
0
 10
177.715570
 20
391.074077
 42
0.046318
  0
VERTEX
  8
0
 10
178.479623
 20
391.293750
 42
0.050262
  0
VERTEX
  8
0
 10
179.110250
 20
391.616444
 42
0.111412
  0
VERTEX
  8
0
 10
179.486274
 20
392.000000
 42
-0.128561
  0
VERTEX
  8
0
 10
179.889485
 20
392.384387
 42
-0.046040
  0
VERTEX
  8
0
 10
180.622463
 20
392.706250
 42
-0.041947
  0
VERTEX
  8
0
 10
181.529190
 20
392.926129
 42
-0.038534
  0
VERTEX
  8
0
 10
182.486274
 20
393.000000
 42
0.038534
  0
VERTEX
  8
0
 10
183.443358
 20
393.073871
 42
0.041947
  0
VERTEX
  8
0
 10
184.350085
 20
393.293750
 42
0.046040
  0
VERTEX
  8
0
 10
185.083063
 20
393.615613
 42
0.128561
  0
VERTEX
  8
0
 10
185.486274
 20
394.000000
 42
-0.128561
  0
VERTEX
  8
0
 10
185.889485
 20
394.384387
 42
-0.046040
  0
VERTEX
  8
0
 10
186.622463
 20
394.706250
 42
-0.041947
  0
VERTEX
  8
0
 10
187.529190
 20
394.926129
 42
-0.038534
  0
VERTEX
  8
0
 10
188.486274
 20
395.000000
 42
0.038534
  0
VERTEX
  8
0
 10
189.443358
 20
395.073871
 42
0.041947
  0
VERTEX
  8
0
 10
190.350085
 20
395.293750
 42
0.046040
  0
VERTEX
  8
0
 10
191.083063
 20
395.615613
 42
0.128561
  0
VERTEX
  8
0
 10
191.486274
 20
396.000000
 42
-0.130646
  0
VERTEX
  8
0
 10
191.892937
 20
396.384508
 42
-0.045439
  0
VERTEX
  8
0
 10
192.639799
 20
396.706250
 42
-0.041396
  0
VERTEX
  8
0
 10
193.565614
 20
396.926158
 42
-0.037634
  0
VERTEX
  8
0
 10
194.545291
 20
397.000000
 42
0.039081
  0
VERTEX
  8
0
 10
195.479994
 20
397.073170
 42
0.058208
  0
VERTEX
  8
0
 10
196.269235
 20
397.293750
 42
0.076538
  0
VERTEX
  8
0
 10
196.806898
 20
397.617207
 42
0.222681
  0
VERTEX
  8
0
 10
196.986274
 20
398.000000
 42
-0.186414
  0
VERTEX
  8
0
 10
197.133739
 20
398.381787
 42
-0.089706
  0
VERTEX
  8
0
 10
197.556437
 20
398.706250
 42
-0.069539
  0
VERTEX
  8
0
 10
198.184496
 20
398.926216
 42
-0.049547
  0
VERTEX
  8
0
 10
198.927257
 20
399.000000
 42
0.046881
  0
VERTEX
  8
0
 10
199.715570
 20
399.074077
 42
0.046318
  0
VERTEX
  8
0
 10
200.479623
 20
399.293750
 42
0.050262
  0
VERTEX
  8
0
 10
201.110250
 20
399.616444
 42
0.111412
  0
VERTEX
  8
0
 10
201.486274
 20
400.000000
 42
-0.128561
  0
VERTEX
  8
0
 10
201.889485
 20
400.384387
 42
-0.046040
  0
VERTEX
  8
0
 10
202.622463
 20
400.706250
 42
-0.041947
  0
VERTEX
  8
0
 10
203.529190
 20
400.926129
 42
-0.038534
  0
VERTEX
  8
0
 10
204.486274
 20
401.000000
 42
0.038534
  0
VERTEX
  8
0
 10
205.443358
 20
401.073871
 42
0.041947
  0
VERTEX
  8
0
 10
206.350085
 20
401.293750
 42
0.046040
  0
VERTEX
  8
0
 10
207.083063
 20
401.615613
 42
0.128561
  0
VERTEX
  8
0
 10
207.486274
 20
402.000000
 42
-0.128561
  0
VERTEX
  8
0
 10
207.889485
 20
402.384387
 42
-0.046040
  0
VERTEX
  8
0
 10
208.622463
 20
402.706250
 42
-0.041947
  0
VERTEX
  8
0
 10
209.529190
 20
402.926129
 42
-0.038534
  0
VERTEX
  8
0
 10
210.486274
 20
403.000000
 42
0.038534
  0
VERTEX
  8
0
 10
211.443358
 20
403.073871
 42
0.041947
  0
VERTEX
  8
0
 10
212.350085
 20
403.293750
 42
0.046040
  0
VERTEX
  8
0
 10
213.083063
 20
403.615613
 42
0.128561
  0
VERTEX
  8
0
 10
213.486274
 20
404.000000
 42
-0.130646
  0
VERTEX
  8
0
 10
213.892937
 20
404.384508
 42
-0.045439
  0
VERTEX
  8
0
 10
214.639799
 20
404.706250
 42
-0.041396
  0
VERTEX
  8
0
 10
215.565614
 20
404.926158
 42
-0.037634
  0
VERTEX
  8
0
 10
216.545291
 20
405.000000
 42
0.043797
  0
VERTEX
  8
0
 10
217.479725
 20
405.082008
 42
0.063575
  0
VERTEX
  8
0
 10
218.269235
 20
405.328010
 42
0.083316
  0
VERTEX
  8
0
 10
218.803487
 20
405.689823
 42
0.205123
  0
VERTEX
  8
0
 10
218.986274
 20
406.116631
 42
-0.194268
  0
VERTEX
  8
0
 10
219.141289
 20
406.500548
 42
-0.125070
  0
VERTEX
  8
0
 10
219.554770
 20
406.756587
 42
-0.087571
  0
VERTEX
  8
0
 10
220.180673
 20
406.838986
 42
-0.053044
  0
VERTEX
  8
0
 10
220.921581
 20
406.727168
 42
0.076562
  0
VERTEX
  8
0
 10
221.809025
 20
406.635479
 42
0.043732
  0
VERTEX
  8
0
 10
222.878783
 20
406.783265
 42
0.042460
  0
VERTEX
  8
0
 10
223.954848
 20
407.127433
 42
0.054199
  0
VERTEX
  8
0
 10
224.866729
 20
407.628821
 42
-0.022882
  0
VERTEX
  8
0
 10
225.695227
 20
408.154335
 42
-0.027227
  0
VERTEX
  8
0
 10
226.522604
 20
408.569485
 42
-0.027688
  0
VERTEX
  8
0
 10
227.244749
 20
408.837399
 42
-0.131414
  0
VERTEX
  8
0
 10
227.681422
 20
408.854246
 42
0.145825
  0
VERTEX
  8
0
 10
230.517405
 20
409.044089
 42
0.065033
  0
VERTEX
  8
0
 10
233.858640
 20
410.810562
 42
0.069362
  0
VERTEX
  8
0
 10
236.396032
 20
413.196856
 42
0.267088
  0
VERTEX
  8
0
 10
236.718798
 20
415.254647
 42
-0.101195
  0
VERTEX
  8
0
 10
236.613598
 20
415.887583
 42
-0.050504
  0
VERTEX
  8
0
 10
236.725730
 20
416.695452
 42
-0.047230
  0
VERTEX
  8
0
 10
237.018300
 20
417.540693
 42
-0.050982
  0
VERTEX
  8
0
 10
237.458620
 20
418.293069
 42
0.068890
  0
VERTEX
  8
0
 10
237.904338
 20
419.121090
 42
0.041124
  0
VERTEX
  8
0
 10
238.207597
 20
420.199848
 42
0.040379
  0
VERTEX
  8
0
 10
238.335569
 20
421.346655
 42
0.054880
  0
VERTEX
  8
0
 10
238.253207
 20
422.383960
 42
-0.046173
  0
VERTEX
  8
0
 10
238.160063
 20
423.345153
 42
-0.052623
  0
VERTEX
  8
0
 10
238.253083
 20
424.264613
 42
-0.060064
  0
VERTEX
  8
0
 10
238.505390
 20
425.011051
 42
-0.143799
  0
VERTEX
  8
0
 10
238.892104
 20
425.441800
 42
0.120944
  0
VERTEX
  8
0
 10
239.312248
 20
425.869486
 42
0.048085
  0
VERTEX
  8
0
 10
239.664861
 20
426.619093
 42
0.043930
  0
VERTEX
  8
0
 10
239.905338
 20
427.538645
 42
0.042020
  0
VERTEX
  8
0
 10
239.986274
 20
428.500000
 42
-0.038534
  0
VERTEX
  8
0
 10
240.060144
 20
429.457084
 42
-0.041947
  0
VERTEX
  8
0
 10
240.280024
 20
430.363811
 42
-0.046040
  0
VERTEX
  8
0
 10
240.601886
 20
431.096789
 42
-0.128561
  0
VERTEX
  8
0
 10
240.986274
 20
431.500000
 42
0.158284
  0
VERTEX
  8
0
 10
241.372834
 20
431.955916
 42
0.036095
  0
VERTEX
  8
0
 10
241.692524
 20
432.929939
 42
0.033884
  0
VERTEX
  8
0
 10
241.912838
 20
434.159953
 42
0.027380
  0
VERTEX
  8
0
 10
241.986274
 20
435.500000
 42
-0.027380
  0
VERTEX
  8
0
 10
242.059710
 20
436.840047
 42
-0.033884
  0
VERTEX
  8
0
 10
242.280024
 20
438.070061
 42
-0.036095
  0
VERTEX
  8
0
 10
242.599713
 20
439.044084
 42
-0.158284
  0
VERTEX
  8
0
 10
242.986274
 20
439.500000
 42
0.128561
  0
VERTEX
  8
0
 10
243.370661
 20
439.903211
 42
0.046040
  0
VERTEX
  8
0
 10
243.692524
 20
440.636189
 42
0.041947
  0
VERTEX
  8
0
 10
243.912403
 20
441.542916
 42
0.038534
  0
VERTEX
  8
0
 10
243.986274
 20
442.500000
 42
-0.038534
  0
VERTEX
  8
0
 10
244.060144
 20
443.457084
 42
-0.041947
  0
VERTEX
  8
0
 10
244.280024
 20
444.363811
 42
-0.046040
  0
VERTEX
  8
0
 10
244.601886
 20
445.096789
 42
-0.128561
  0
VERTEX
  8
0
 10
244.986274
 20
445.500000
 42
0.146547
  0
VERTEX
  8
0
 10
245.371851
 20
445.934161
 42
0.040338
  0
VERTEX
  8
0
 10
245.692524
 20
446.800400
 42
0.037109
  0
VERTEX
  8
0
 10
245.912662
 20
447.887885
 42
0.031397
  0
VERTEX
  8
0
 10
245.986274
 20
449.059017
 42
-0.032276
  0
VERTEX
  8
0
 10
246.059074
 20
450.185620
 42
-0.049716
  0
VERTEX
  8
0
 10
246.280024
 20
451.136086
 42
-0.064068
  0
VERTEX
  8
0
 10
246.602176
 20
451.793368
 42
-0.251914
  0
VERTEX
  8
0
 10
246.986274
 20
452.000000
 42
0.204612
  0
VERTEX
  8
0
 10
247.368488
 20
452.163246
 42
0.083503
  0
VERTEX
  8
0
 10
247.692524
 20
452.640082
 42
0.063734
  0
VERTEX
  8
0
 10
247.912823
 20
453.344865
 42
0.043943
  0
VERTEX
  8
0
 10
247.986274
 20
454.179002
 42
-0.052691
  0
VERTEX
  8
0
 10
248.212412
 20
456.318942
 42
-0.016170
  0
VERTEX
  8
0
 10
248.994906
 20
459.476719
 42
-0.016755
  0
VERTEX
  8
0
 10
250.027030
 20
462.712717
 42
-0.031396
  0
VERTEX
  8
0
 10
251.109029
 20
465.236431
 42
0.049616
  0
VERTEX
  8
0
 10
251.446236
 20
466.109327
 42
0.021159
  0
VERTEX
  8
0
 10
251.728583
 20
467.330685
 42
0.020688
  0
VERTEX
  8
0
 10
251.921951
 20
468.668917
 42
0.025539
  0
VERTEX
  8
0
 10
251.986274
 20
469.927414
 42
-0.031256
  0
VERTEX
  8
0
 10
252.059880
 20
471.103743
 42
-0.037002
  0
VERTEX
  8
0
 10
252.280024
 20
472.195614
 42
-0.040203
  0
VERTEX
  8
0
 10
252.600666
 20
473.065135
 42
-0.146937
  0
VERTEX
  8
0
 10
252.986274
 20
473.500000
 42
0.128561
  0
VERTEX
  8
0
 10
253.370661
 20
473.903211
 42
0.046040
  0
VERTEX
  8
0
 10
253.692524
 20
474.636189
 42
0.041947
  0
VERTEX
  8
0
 10
253.912403
 20
475.542916
 42
0.038534
  0
VERTEX
  8
0
 10
253.986274
 20
476.500000
 42
-0.038534
  0
VERTEX
  8
0
 10
254.060144
 20
477.457084
 42
-0.041947
  0
VERTEX
  8
0
 10
254.280024
 20
478.363811
 42
-0.046040
  0
VERTEX
  8
0
 10
254.601886
 20
479.096789
 42
-0.128561
  0
VERTEX
  8
0
 10
254.986274
 20
479.500000
 42
0.118720
  0
VERTEX
  8
0
 10
255.370150
 20
479.887355
 42
0.048633
  0
VERTEX
  8
0
 10
255.692524
 20
480.559232
 42
0.044498
  0
VERTEX
  8
0
 10
255.912277
 20
481.381209
 42
0.043101
  0
VERTEX
  8
0
 10
255.986274
 20
482.238019
 42
-0.054998
  0
VERTEX
  8
0
 10
256.243330
 20
484.567916
 42
-0.019457
  0
VERTEX
  8
0
 10
257.103212
 20
487.817565
 42
-0.019457
  0
VERTEX
  8
0
 10
258.303048
 20
491.247631
 42
-0.025967
  0
VERTEX
  8
0
 10
259.670294
 20
494.250000
 42
0.018166
  0
VERTEX
  8
0
 10
260.170850
 20
495.305238
 42
0.034464
  0
VERTEX
  8
0
 10
260.482295
 20
496.192188
 42
0.046744
  0
VERTEX
  8
0
 10
260.593552
 20
496.820075
 42
0.438426
  0
VERTEX
  8
0
 10
260.427800
 20
497.000000
 42
-0.459529
  0
VERTEX
  8
0
 10
260.281365
 20
497.170609
 42
-0.053392
  0
VERTEX
  8
0
 10
260.427930
 20
497.724040
 42
-0.035629
  0
VERTEX
  8
0
 10
260.798932
 20
498.518694
 42
-0.018006
  0
VERTEX
  8
0
 10
261.371264
 20
499.464817
 42
0.045022
  0
VERTEX
  8
0
 10
261.990160
 20
500.624969
 42
0.027891
  0
VERTEX
  8
0
 10
262.511865
 20
502.079842
 42
0.027867
  0
VERTEX
  8
0
 10
262.869155
 20
503.586635
 42
0.044304
  0
VERTEX
  8
0
 10
262.986274
 20
504.905800
 42
-0.031034
  0
VERTEX
  8
0
 10
263.059871
 20
506.090407
 42
-0.036833
  0
VERTEX
  8
0
 10
263.280024
 20
507.189265
 42
-0.039987
  0
VERTEX
  8
0
 10
263.600618
 20
508.064019
 42
-0.147556
  0
VERTEX
  8
0
 10
263.986274
 20
508.500000
 42
0.146547
  0
VERTEX
  8
0
 10
264.371851
 20
508.934161
 42
0.040338
  0
VERTEX
  8
0
 10
264.692524
 20
509.800400
 42
0.037109
  0
VERTEX
  8
0
 10
264.912662
 20
510.887885
 42
0.031397
  0
VERTEX
  8
0
 10
264.986274
 20
512.059017
 42
0.102466
  0
VERTEX
  8
0
 10
264.576732
 20
514.036470
 42
0.260299
  0
VERTEX
  8
0
 10
263.451358
 20
514.897437
 42
0.144232
  0
VERTEX
  8
0
 10
261.510955
 20
514.618607
 42
0.031085
  0
SEQEND
  0
POLYLINE
  8
0
 66
1
 70
1
  0
VERTEX
  8
0
 10
243.583444
 20
491.842775
 42
-0.179225
  0
VERTEX
  8
0
 10
244.383297
 20
487.874343
 42
-0.016662
  0
VERTEX
  8
0
 10
242.472487
 20
477.891274
 42
-0.014973
  0
VERTEX
  8
0
 10
238.760749
 20
463.498150
 42
-0.004595
  0
VERTEX
  8
0
 10
232.309889
 20
442.000000
 42
-0.015084
  0
VERTEX
  8
0
 10
228.146414
 20
429.879206
 42
-0.073910
  0
VERTEX
  8
0
 10
224.629183
 20
423.570334
 42
-0.097838
  0
VERTEX
  8
0
 10
219.908417
 20
419.433223
 42
-0.037143
  0
VERTEX
  8
0
 10
211.986274
 20
415.603506
 42
-0.007111
  0
VERTEX
  8
0
 10
202.738690
 20
412.103450
 42
-0.000484
  0
VERTEX
  8
0
 10
176.323299
 20
402.561841
 42
-0.000723
  0
VERTEX
  8
0
 10
145.895424
 20
391.653819
 42
-0.000659
  0
VERTEX
  8
0
 10
114.486274
 20
380.491857
 42
0.000116
  0
VERTEX
  8
0
 10
101.681406
 20
375.957013
 42
0.000095
  0
VERTEX
  8
0
 10
88.011274
 20
371.109245
 42
0.000096
  0
VERTEX
  8
0
 10
75.454022
 20
366.650725
 42
0.000255
  0
VERTEX
  8
0
 10
66.486274
 20
363.459582
 42
-0.002212
  0
VERTEX
  8
0
 10
59.366962
 20
360.957542
 42
-0.002935
  0
VERTEX
  8
0
 10
52.867170
 20
358.748132
 42
-0.002090
  0
VERTEX
  8
0
 10
47.402324
 20
356.951586
 42
-0.029253
  0
VERTEX
  8
0
 10
45.399964
 20
356.429733
 42
-0.094704
  0
VERTEX
  8
0
 10
42.815901
 20
356.410056
 42
-0.134675
  0
VERTEX
  8
0
 10
40.757659
 20
357.401685
 42
-0.129753
  0
VERTEX
  8
0
 10
39.443196
 20
359.339522
 42
-0.084691
  0
VERTEX
  8
0
 10
38.986274
 20
362.017740
 42
-0.063937
  0
VERTEX
  8
0
 10
39.818152
 20
368.496581
 42
-0.002883
  0
VERTEX
  8
0
 10
45.629245
 20
390.238817
 42
-0.004301
  0
VERTEX
  8
0
 10
51.582085
 20
411.293819
 42
-0.032507
  0
VERTEX
  8
0
 10
55.115564
 20
421.000000
 42
-0.039679
  0
VERTEX
  8
0
 10
57.277732
 20
425.020281
 42
-0.049492
  0
VERTEX
  8
0
 10
59.915003
 20
428.337766
 42
-0.050119
  0
VERTEX
  8
0
 10
63.123212
 20
431.040431
 42
-0.042339
  0
VERTEX
  8
0
 10
66.986274
 20
433.228214
 42
-0.021375
  0
VERTEX
  8
0
 10
72.793485
 20
435.601222
 42
-0.000985
  0
VERTEX
  8
0
 10
92.907092
 20
442.788898
 42
-0.001692
  0
VERTEX
  8
0
 10
116.181816
 20
450.965982
 42
-0.001407
  0
VERTEX
  8
0
 10
140.986274
 20
459.508175
 42
0.000946
  0
VERTEX
  8
0
 10
150.182239
 20
462.665607
 42
0.000358
  0
VERTEX
  8
0
 10
163.011274
 20
467.107895
 42
0.000355
  0
VERTEX
  8
0
 10
176.953411
 20
471.957905
 42
0.000434
  0
VERTEX
  8
0
 10
189.986274
 20
476.514671
 42
-0.000870
  0
VERTEX
  8
0
 10
223.588045
 20
488.230194
 42
-0.013798
  0
VERTEX
  8
0
 10
235.118984
 20
491.874922
 42
-0.040740
  0
VERTEX
  8
0
 10
241.063981
 20
493.062205
 42
-0.291051
  0
SEQEND
  0
POLYLINE
  8
0
 66
1
 70
1
  0
VERTEX
  8
0
 10
784.581111
 20
511.386546
 42
-0.092993
  0
VERTEX
  8
0
 10
784.185598
 20
510.744133
 42
-0.109450
  0
VERTEX
  8
0
 10
783.603322
 20
510.332426
 42
-0.099132
  0
VERTEX
  8
0
 10
782.853817
 20
510.180648
 42
-0.064580
  0
VERTEX
  8
0
 10
781.975118
 20
510.292666
 42
0.046631
  0
VERTEX
  8
0
 10
781.173423
 20
510.424170
 42
0.055289
  0
VERTEX
  8
0
 10
780.406922
 20
510.392669
 42
0.064335
  0
VERTEX
  8
0
 10
779.785860
 20
510.214058
 42
0.153360
  0
VERTEX
  8
0
 10
779.426625
 20
509.903487
 42
-0.108569
  0
VERTEX
  8
0
 10
778.983043
 20
509.445906
 42
-0.012806
  0
VERTEX
  8
0
 10
777.773942
 20
508.689494
 42
-0.014838
  0
VERTEX
  8
0
 10
776.267598
 20
507.859235
 42
-0.011653
  0
VERTEX
  8
0
 10
774.589157
 20
507.046869
 42
0.016683
  0
VERTEX
  8
0
 10
772.857914
 20
506.187348
 42
0.016790
  0
VERTEX
  8
0
 10
771.191599
 20
505.216023
 42
0.016852
  0
VERTEX
  8
0
 10
769.799403
 20
504.273668
 42
0.062413
  0
VERTEX
  8
0
 10
769.027357
 20
503.549502
 42
-0.056217
  0
VERTEX
  8
0
 10
768.410625
 20
502.956533
 42
-0.043358
  0
VERTEX
  8
0
 10
767.622849
 20
502.455166
 42
-0.044506
  0
VERTEX
  8
0
 10
766.792701
 20
502.112800
 42
-0.075697
  0
VERTEX
  8
0
 10
766.051888
 20
502.000000
 42
0.124954
  0
VERTEX
  8
0
 10
765.250926
 20
501.796658
 42
0.039402
  0
VERTEX
  8
0
 10
764.207144
 20
501.118750
 42
0.036559
  0
VERTEX
  8
0
 10
763.117787
 20
500.148066
 42
0.033316
  0
VERTEX
  8
0
 10
762.144395
 20
499.000000
 42
-0.027114
  0
VERTEX
  8
0
 10
761.194976
 20
497.851657
 42
-0.032206
  0
VERTEX
  8
0
 10
760.176711
 20
496.881250
 42
-0.033961
  0
VERTEX
  8
0
 10
759.231285
 20
496.193298
 42
-0.141216
  0
VERTEX
  8
0
 10
758.560530
 20
496.000000
 42
0.191749
  0
VERTEX
  8
0
 10
756.556253
 20
495.202023
 42
0.005992
  0
VERTEX
  8
0
 10
750.096659
 20
488.941092
 42
0.005955
  0
VERTEX
  8
0
 10
743.785574
 20
482.524649
 42
0.193671
  0
VERTEX
  8
0
 10
742.986274
 20
480.538496
 42
-0.114700
  0
VERTEX
  8
0
 10
742.832685
 20
479.877782
 42
-0.038440
  0
VERTEX
  8
0
 10
742.325336
 20
479.019070
 42
-0.035881
  0
VERTEX
  8
0
 10
741.597291
 20
478.122834
 42
-0.034017
  0
VERTEX
  8
0
 10
740.736274
 20
477.322580
 42
0.023497
  0
VERTEX
  8
0
 10
739.870775
 20
476.551429
 42
0.027695
  0
VERTEX
  8
0
 10
739.130435
 20
475.741633
 42
0.028322
  0
VERTEX
  8
0
 10
738.592271
 20
475.001379
 42
0.129451
  0
VERTEX
  8
0
 10
738.429165
 20
474.500000
 42
-0.075649
  0
VERTEX
  8
0
 10
738.051013
 20
472.708770
 42
-0.031849
  0
VERTEX
  8
0
 10
737.038699
 20
470.458524
 42
-0.026032
  0
VERTEX
  8
0
 10
735.840551
 20
468.452770
 42
-0.250095
  0
VERTEX
  8
0
 10
734.991973
 20
468.000000
 42
0.242702
  0
VERTEX
  8
0
 10
734.625228
 20
467.810838
 42
0.113448
  0
VERTEX
  8
0
 10
734.415085
 20
467.303182
 42
0.069458
  0
VERTEX
  8
0
 10
734.392975
 20
466.509462
 42
0.033778
  0
VERTEX
  8
0
 10
734.573291
 20
465.509318
 42
-0.039408
  0
VERTEX
  8
0
 10
734.773045
 20
464.325264
 42
-0.098401
  0
VERTEX
  8
0
 10
734.679065
 20
463.456962
 42
-0.129518
  0
VERTEX
  8
0
 10
734.288404
 20
462.836041
 42
-0.096598
  0
VERTEX
  8
0
 10
733.599458
 20
462.405059
 42
0.095559
  0
VERTEX
  8
0
 10
732.938355
 20
461.993387
 42
0.118293
  0
VERTEX
  8
0
 10
732.537298
 20
461.391558
 42
0.098789
  0
VERTEX
  8
0
 10
732.410977
 20
460.585148
 42
0.051132
  0
VERTEX
  8
0
 10
732.557675
 20
459.571539
 42
-0.062635
  0
VERTEX
  8
0
 10
732.680116
 20
458.562880
 42
-0.069861
  0
VERTEX
  8
0
 10
732.539789
 20
457.593781
 42
-0.072593
  0
VERTEX
  8
0
 10
732.146196
 20
456.731544
 42
-0.076376
  0
VERTEX
  8
0
 10
731.527981
 20
456.034614
 42
0.073260
  0
VERTEX
  8
0
 10
730.935576
 20
455.375058
 42
0.070687
  0
VERTEX
  8
0
 10
730.549776
 20
454.564865
 42
0.071972
  0
VERTEX
  8
0
 10
730.409474
 20
453.693138
 42
0.080980
  0
VERTEX
  8
0
 10
730.532647
 20
452.853891
 42
-0.066227
  0
VERTEX
  8
0
 10
730.677362
 20
452.035744
 42
-0.102164
  0
VERTEX
  8
0
 10
730.562732
 20
451.329078
 42
-0.113651
  0
VERTEX
  8
0
 10
730.192674
 20
450.777299
 42
-0.097127
  0
VERTEX
  8
0
 10
729.598315
 20
450.404621
 42
0.114225
  0
VERTEX
  8
0
 10
728.939166
 20
449.959579
 42
0.121940
  0
VERTEX
  8
0
 10
728.561863
 20
449.279923
 42
0.084151
  0
VERTEX
  8
0
 10
728.466754
 20
448.294231
 42
0.031430
  0
VERTEX
  8
0
 10
728.653868
 20
446.912028
 42
-0.043063
  0
VERTEX
  8
0
 10
728.799417
 20
445.609992
 42
-0.048363
  0
VERTEX
  8
0
 10
728.709526
 20
444.353149
 42
-0.052699
  0
VERTEX
  8
0
 10
728.398209
 20
443.242769
 42
-0.078680
  0
VERTEX
  8
0
 10
727.884577
 20
442.377463
 42
0.077112
  0
VERTEX
  8
0
 10
727.388167
 20
441.547076
 42
0.039051
  0
VERTEX
  8
0
 10
727.019300
 20
440.382819
 42
0.037606
  0
VERTEX
  8
0
 10
726.819748
 20
439.093746
 42
0.045761
  0
VERTEX
  8
0
 10
726.835688
 20
437.872613
 42
-0.038990
  0
VERTEX
  8
0
 10
726.869642
 20
436.595042
 42
-0.072596
  0
VERTEX
  8
0
 10
726.668017
 20
435.581184
 42
-0.094551
  0
VERTEX
  8
0
 10
726.240157
 20
434.850585
 42
-0.122117
  0
VERTEX
  8
0
 10
725.604979
 20
434.407178
 42
0.113630
  0
VERTEX
  8
0
 10
724.939876
 20
433.959252
 42
0.123070
  0
VERTEX
  8
0
 10
724.561301
 20
433.277499
 42
0.084299
  0
VERTEX
  8
0
 10
724.467962
 20
432.285246
 42
0.030757
  0
VERTEX
  8
0
 10
724.659792
 20
430.882408
 42
-0.043068
  0
VERTEX
  8
0
 10
724.818398
 20
429.463427
 42
-0.062385
  0
VERTEX
  8
0
 10
724.693415
 20
428.209937
 42
-0.067143
  0
VERTEX
  8
0
 10
724.276407
 20
427.095552
 42
-0.060927
  0
VERTEX
  8
0
 10
723.568135
 20
426.090456
 42
0.057673
  0
VERTEX
  8
0
 10
722.865790
 20
425.107372
 42
0.069999
  0
VERTEX
  8
0
 10
722.461503
 20
424.050500
 42
0.067892
  0
VERTEX
  8
0
 10
722.357381
 20
422.896851
 42
0.050127
  0
VERTEX
  8
0
 10
722.543777
 20
421.626912
 42
-0.035527
  0
VERTEX
  8
0
 10
722.766587
 20
420.365865
 42
-0.098005
  0
VERTEX
  8
0
 10
722.684494
 20
419.471463
 42
-0.133979
  0
VERTEX
  8
0
 10
722.295821
 20
418.842172
 42
-0.096480
  0
VERTEX
  8
0
 10
721.592343
 20
418.402329
 42
0.137985
  0
VERTEX
  8
0
 10
720.864348
 20
417.859575
 42
0.085757
  0
VERTEX
  8
0
 10
720.364468
 20
416.910588
 42
0.056783
  0
VERTEX
  8
0
 10
720.074469
 20
415.482038
 42
0.021713
  0
VERTEX
  8
0
 10
719.986274
 20
413.452028
 42
-0.021441
  0
VERTEX
  8
0
 10
719.913134
 20
411.747197
 42
-0.028384
  0
VERTEX
  8
0
 10
719.692524
 20
410.209597
 42
-0.028331
  0
VERTEX
  8
0
 10
719.374936
 20
408.995766
 42
-0.178013
  0
VERTEX
  8
0
 10
718.986274
 20
408.500000
 42
0.159713
  0
VERTEX
  8
0
 10
718.599581
 20
408.041340
 42
0.035556
  0
VERTEX
  8
0
 10
718.280024
 20
407.052725
 42
0.033489
  0
VERTEX
  8
0
 10
718.059688
 20
405.803639
 42
0.026918
  0
VERTEX
  8
0
 10
717.986274
 20
404.440983
 42
-0.027497
  0
VERTEX
  8
0
 10
717.913710
 20
403.122516
 42
-0.043243
  0
VERTEX
  8
0
 10
717.692524
 20
402.010789
 42
-0.053437
  0
VERTEX
  8
0
 10
717.371796
 20
401.229636
 42
-0.275259
  0
VERTEX
  8
0
 10
716.986274
 20
401.000000
 42
0.226478
  0
VERTEX
  8
0
 10
716.603338
 20
400.817169
 42
0.074992
  0
VERTEX
  8
0
 10
716.280024
 20
400.265625
 42
0.057076
  0
VERTEX
  8
0
 10
716.059390
 20
399.457356
 42
0.038131
  0
VERTEX
  8
0
 10
715.986274
 20
398.500000
 42
0.047160
  0
VERTEX
  8
0
 10
716.084904
 20
397.456621
 42
0.088208
  0
VERTEX
  8
0
 10
716.386274
 20
396.666667
 42
0.118484
  0
VERTEX
  8
0
 10
716.866293
 20
396.177821
 42
0.140575
  0
VERTEX
  8
0
 10
717.486274
 20
396.000000
 42
0.106648
  0
VERTEX
  8
0
 10
718.058579
 20
396.123474
 42
0.099429
  0
VERTEX
  8
0
 10
718.545649
 20
396.473550
 42
0.095983
  0
VERTEX
  8
0
 10
718.872176
 20
396.996670
 42
0.091917
  0
VERTEX
  8
0
 10
718.986274
 20
397.612084
 42
-0.153898
  0
VERTEX
  8
0
 10
719.283732
 20
398.555609
 42
-0.012110
  0
VERTEX
  8
0
 10
720.864154
 20
400.700506
 42
-0.015572
  0
VERTEX
  8
0
 10
722.930310
 20
403.201994
 42
-0.011268
  0
VERTEX
  8
0
 10
725.379056
 20
405.862084
 42
0.003032
  0
VERTEX
  8
0
 10
728.027689
 20
408.645865
 42
0.002844
  0
VERTEX
  8
0
 10
730.699558
 20
411.520982
 42
0.002830
  0
VERTEX
  8
0
 10
733.040670
 20
414.098226
 42
0.009784
  0
VERTEX
  8
0
 10
734.514304
 20
415.805089
 42
-0.028362
  0
VERTEX
  8
0
 10
735.658256
 20
417.034661
 42
-0.038690
  0
VERTEX
  8
0
 10
736.827756
 20
417.994799
 42
-0.043206
  0
VERTEX
  8
0
 10
737.865974
 20
418.594359
 42
-0.203687
  0
VERTEX
  8
0
 10
738.538763
 20
418.618232
 42
0.111308
  0
VERTEX
  8
0
 10
739.070126
 20
418.540800
 42
0.100054
  0
VERTEX
  8
0
 10
739.606137
 20
418.692871
 42
0.094644
  0
VERTEX
  8
0
 10
740.064308
 20
419.051859
 42
0.087988
  0
VERTEX
  8
0
 10
740.372130
 20
419.563142
 42
-0.076374
  0
VERTEX
  8
0
 10
740.685798
 20
420.112426
 42
-0.064833
  0
VERTEX
  8
0
 10
741.165855
 20
420.577923
 42
-0.066806
  0
VERTEX
  8
0
 10
741.732514
 20
420.892736
 42
-0.093695
  0
VERTEX
  8
0
 10
742.299901
 20
421.000000
 42
0.103819
  0
VERTEX
  8
0
 10
742.953677
 20
421.137228
 42
0.036698
  0
VERTEX
  8
0
 10
743.803662
 20
421.587500
 42
0.034530
  0
VERTEX
  8
0
 10
744.692090
 20
422.234655
 42
0.034176
  0
VERTEX
  8
0
 10
745.486274
 20
423.000000
 42
-0.054318
  0
VERTEX
  8
0
 10
746.347324
 20
423.765473
 42
-0.041009
  0
VERTEX
  8
0
 10
747.436080
 20
424.412500
 42
-0.041955
  0
VERTEX
  8
0
 10
748.574914
 20
424.854699
 42
-0.071751
  0
VERTEX
  8
0
 10
749.582244
 20
425.000000
 42
0.040093
  0
VERTEX
  8
0
 10
750.502592
 20
425.073917
 42
0.042863
  0
VERTEX
  8
0
 10
751.378276
 20
425.293750
 42
0.047009
  0
VERTEX
  8
0
 10
752.088770
 20
425.615805
 42
0.125069
  0
VERTEX
  8
0
 10
752.486274
 20
426.000000
 42
-0.223141
  0
VERTEX
  8
0
 10
753.095937
 20
426.397807
 42
-0.009844
  0
VERTEX
  8
0
 10
755.673152
 20
426.706884
 42
-0.015011
  0
VERTEX
  8
0
 10
758.838769
 20
426.927720
 42
-0.009907
  0
VERTEX
  8
0
 10
762.486274
 20
427.000000
 42
-0.009907
  0
VERTEX
  8
0
 10
766.133778
 20
426.927720
 42
-0.015011
  0
VERTEX
  8
0
 10
769.299395
 20
426.706884
 42
-0.009844
  0
VERTEX
  8
0
 10
771.876611
 20
426.397807
 42
-0.223141
  0
VERTEX
  8
0
 10
772.486274
 20
426.000000
 42
0.099943
  0
VERTEX
  8
0
 10
772.845218
 20
425.616855
 42
0.052215
  0
VERTEX
  8
0
 10
773.416884
 20
425.293750
 42
0.048973
  0
VERTEX
  8
0
 10
774.097152
 20
425.074164
 42
0.053643
  0
VERTEX
  8
0
 10
774.786433
 20
425.000000
 42
-0.107470
  0
VERTEX
  8
0
 10
777.294128
 20
424.454699
 42
-0.007994
  0
VERTEX
  8
0
 10
783.654813
 20
421.427341
 42
-0.008490
  0
VERTEX
  8
0
 10
789.886002
 20
418.205558
 42
-0.096272
  0
VERTEX
  8
0
 10
792.023089
 20
416.455641
 42
0.042205
  0
VERTEX
  8
0
 10
792.570870
 20
415.898676
 42
0.039452
  0
VERTEX
  8
0
 10
793.216310
 20
415.427594
 42
0.041936
  0
VERTEX
  8
0
 10
793.858832
 20
415.102992
 42
0.096290
  0
VERTEX
  8
0
 10
794.388673
 20
415.000000
 42
-0.149495
  0
VERTEX
  8
0
 10
795.024087
 20
414.805674
 42
-0.018748
  0
VERTEX
  8
0
 10
796.199954
 20
413.946392
 42
-0.020707
  0
VERTEX
  8
0
 10
797.549120
 20
412.786806
 42
-0.015808
  0
VERTEX
  8
0
 10
798.929296
 20
411.413251
 42
0.018633
  0
VERTEX
  8
0
 10
800.387634
 20
409.978213
 42
0.017772
  0
VERTEX
  8
0
 10
801.971294
 20
408.631963
 42
0.018038
  0
VERTEX
  8
0
 10
803.453740
 20
407.544415
 42
0.058452
  0
VERTEX
  8
0
 10
804.534282
 20
406.981747
 42
-0.091538
  0
VERTEX
  8
0
 10
805.760105
 20
406.237104
 42
-0.010639
  0
VERTEX
  8
0
 10
808.120091
 20
404.039720
 42
-0.012498
  0
VERTEX
  8
0
 10
810.829853
 20
401.271850
 42
-0.009909
  0
VERTEX
  8
0
 10
813.621214
 20
398.152588
 42
0.006776
  0
VERTEX
  8
0
 10
816.330253
 20
395.086874
 42
0.010123
  0
VERTEX
  8
0
 10
818.787212
 20
392.488900
 42
0.005518
  0
VERTEX
  8
0
 10
820.908972
 20
390.381483
 42
0.175092
  0
VERTEX
  8
0
 10
821.567294
 20
390.084091
 42
0.248933
  0
VERTEX
  8
0
 10
822.753312
 20
390.600016
 42
0.056208
  0
VERTEX
  8
0
 10
823.960987
 20
392.525277
 42
0.055467
  0
VERTEX
  8
0
 10
824.754062
 20
394.787988
 42
0.149270
  0
VERTEX
  8
0
 10
824.636008
 20
396.470394
 42
-0.080660
  0
VERTEX
  8
0
 10
824.495334
 20
397.145495
 42
-0.100909
  0
VERTEX
  8
0
 10
824.594973
 20
397.776243
 42
-0.107967
  0
VERTEX
  8
0
 10
824.924254
 20
398.286689
 42
-0.104471
  0
VERTEX
  8
0
 10
825.439990
 20
398.620613
 42
0.098233
  0
VERTEX
  8
0
 10
825.940677
 20
398.936087
 42
0.097752
  0
VERTEX
  8
0
 10
826.284060
 20
399.419290
 42
0.098132
  0
VERTEX
  8
0
 10
826.417242
 20
399.995074
 42
0.099849
  0
VERTEX
  8
0
 10
826.319377
 20
400.574329
 42
-0.118368
  0
VERTEX
  8
0
 10
826.242195
 20
401.161188
 42
-0.100624
  0
VERTEX
  8
0
 10
826.430525
 20
401.758467
 42
-0.092472
  0
VERTEX
  8
0
 10
826.856885
 20
402.274595
 42
-0.082569
  0
VERTEX
  8
0
 10
827.456910
 20
402.627106
 42
0.087688
  0
VERTEX
  8
0
 10
828.174637
 20
403.058637
 42
0.124964
  0
VERTEX
  8
0
 10
828.596308
 20
403.667266
 42
0.103694
  0
VERTEX
  8
0
 10
828.721552
 20
404.492578
 42
0.047500
  0
VERTEX
  8
0
 10
828.556994
 20
405.574250
 42
-0.044373
  0
VERTEX
  8
0
 10
828.410028
 20
406.501335
 42
-0.053325
  0
VERTEX
  8
0
 10
828.443567
 20
407.383084
 42
-0.062107
  0
VERTEX
  8
0
 10
828.639337
 20
408.094262
 42
-0.157417
  0
VERTEX
  8
0
 10
828.982603
 20
408.497732
 42
0.104444
  0
VERTEX
  8
0
 10
829.367303
 20
408.864623
 42
0.051543
  0
VERTEX
  8
0
 10
829.691446
 20
409.460853
 42
0.047967
  0
VERTEX
  8
0
 10
829.911864
 20
410.175679
 42
0.050854
  0
VERTEX
  8
0
 10
829.986274
 20
410.905379
 42
-0.086290
  0
VERTEX
  8
0
 10
830.313209
 20
412.785670
 42
-0.022303
  0
VERTEX
  8
0
 10
831.484178
 20
415.643247
 42
-0.020292
  0
VERTEX
  8
0
 10
832.879066
 20
418.361730
 42
-0.126306
  0
VERTEX
  8
0
 10
833.955718
 20
419.481115
 42
0.151891
  0
VERTEX
  8
0
 10
834.244098
 20
419.812752
 42
0.064744
  0
VERTEX
  8
0
 10
834.411222
 20
420.383275
 42
0.055712
  0
VERTEX
  8
0
 10
834.442423
 20
421.086450
 42
0.047238
  0
VERTEX
  8
0
 10
834.322871
 20
421.820852
 42
-0.081929
  0
VERTEX
  8
0
 10
834.250116
 20
422.606980
 42
-0.061132
  0
VERTEX
  8
0
 10
834.417670
 20
423.462890
 42
-0.060935
  0
VERTEX
  8
0
 10
834.788222
 20
424.255851
 42
-0.079971
  0
VERTEX
  8
0
 10
835.313516
 20
424.856624
 42
0.078549
  0
VERTEX
  8
0
 10
835.839491
 20
425.454755
 42
0.060767
  0
VERTEX
  8
0
 10
836.212110
 20
426.239850
 42
0.061255
  0
VERTEX
  8
0
 10
836.382734
 20
427.084188
 42
0.083396
  0
VERTEX
  8
0
 10
836.313516
 20
427.856624
 42
-0.083396
  0
VERTEX
  8
0
 10
836.244299
 20
428.629060
 42
-0.061255
  0
VERTEX
  8
0
 10
836.414923
 20
429.473398
 42
-0.060767
  0
VERTEX
  8
0
 10
836.787542
 20
430.258494
 42
-0.078549
  0
VERTEX
  8
0
 10
837.313516
 20
430.856624
 42
0.078549
  0
VERTEX
  8
0
 10
837.839491
 20
431.454755
 42
0.060767
  0
VERTEX
  8
0
 10
838.212110
 20
432.239850
 42
0.061255
  0
VERTEX
  8
0
 10
838.382734
 20
433.084188
 42
0.083396
  0
VERTEX
  8
0
 10
838.313516
 20
433.856624
 42
-0.086459
  0
VERTEX
  8
0
 10
838.248720
 20
434.632782
 42
-0.061445
  0
VERTEX
  8
0
 10
838.432780
 20
435.488219
 42
-0.060367
  0
VERTEX
  8
0
 10
838.825111
 20
436.289624
 42
-0.075701
  0
VERTEX
  8
0
 10
839.374307
 20
436.907076
 42
0.085488
  0
VERTEX
  8
0
 10
840.007257
 20
437.647187
 42
0.078468
  0
VERTEX
  8
0
 10
840.379503
 20
438.578263
 42
0.066180
  0
VERTEX
  8
0
 10
840.483988
 20
439.716318
 42
0.039215
  0
VERTEX
  8
0
 10
840.321910
 20
441.071819
 42
-0.031635
  0
VERTEX
  8
0
 10
840.135286
 20
442.454659
 42
-0.085485
  0
VERTEX
  8
0
 10
840.233510
 20
443.436981
 42
-0.123227
  0
VERTEX
  8
0
 10
840.617496
 20
444.114787
 42
-0.111392
  0
VERTEX
  8
0
 10
841.288825
 20
444.562605
 42
0.119581
  0
VERTEX
  8
0
 10
841.971830
 20
445.034340
 42
0.119000
  0
VERTEX
  8
0
 10
842.364206
 20
445.767431
 42
0.077653
  0
VERTEX
  8
0
 10
842.473306
 20
446.859670
 42
0.026365
  0
VERTEX
  8
0
 10
842.300533
 20
448.450874
 42
-0.031210
  0
VERTEX
  8
0
 10
842.166721
 20
449.805307
 42
-0.044943
  0
VERTEX
  8
0
 10
842.231395
 20
451.007407
 42
-0.053764
  0
VERTEX
  8
0
 10
842.469896
 20
451.937574
 42
-0.166205
  0
VERTEX
  8
0
 10
842.876062
 20
452.431885
 42
0.186361
  0
VERTEX
  8
0
 10
843.308777
 20
453.002600
 42
0.024892
  0
VERTEX
  8
0
 10
843.660149
 20
454.500170
 42
0.026021
  0
VERTEX
  8
0
 10
843.905210
 20
456.394455
 42
0.019158
  0
VERTEX
  8
0
 10
843.986274
 20
458.509327
 42
-0.016878
  0
VERTEX
  8
0
 10
844.069983
 20
460.988450
 42
-0.041226
  0
VERTEX
  8
0
 10
844.342598
 20
462.793331
 42
-0.059143
  0
VERTEX
  8
0
 10
844.796721
 20
464.035625
 42
-0.149085
  0
VERTEX
  8
0
 10
845.456428
 20
464.723359
 42
0.249945
  0
VERTEX
  8
0
 10
846.714497
 20
466.682943
 42
0.029066
  0
VERTEX
  8
0
 10
846.837199
 20
472.071554
 42
0.029484
  0
VERTEX
  8
0
 10
846.346192
 20
477.262926
 42
0.415233
  0
VERTEX
  8
0
 10
844.977659
 20
478.261595
 42
-0.166127
  0
VERTEX
  8
0
 10
844.163607
 20
478.403440
 42
-0.026759
  0
VERTEX
  8
0
 10
842.775133
 20
479.264815
 42
-0.027075
  0
VERTEX
  8
0
 10
841.190797
 20
480.501827
 42
-0.020830
  0
VERTEX
  8
0
 10
839.598179
 20
482.011595
 42
0.014160
  0
VERTEX
  8
0
 10
838.029291
 20
483.539100
 42
0.018915
  0
VERTEX
  8
0
 10
836.516748
 20
484.828406
 42
0.016365
  0
VERTEX
  8
0
 10
835.207452
 20
485.793784
 42
0.151804
  0
VERTEX
  8
0
 10
834.543885
 20
486.000000
 42
-0.137158
  0
VERTEX
  8
0
 10
833.915401
 20
486.175709
 42
-0.022859
  0
VERTEX
  8
0
 10
832.863797
 20
486.881250
 42
-0.023586
  0
VERTEX
  8
0
 10
831.673451
 20
487.851371
 42
-0.018961
  0
VERTEX
  8
0
 10
830.486274
 20
489.000000
 42
0.018058
  0
VERTEX
  8
0
 10
829.303316
 20
490.148688
 42
0.022776
  0
VERTEX
  8
0
 10
828.125673
 20
491.118750
 42
0.021725
  0
VERTEX
  8
0
 10
827.089699
 20
491.827587
 42
0.140059
  0
VERTEX
  8
0
 10
826.486274
 20
492.000000
 42
-0.140059
  0
VERTEX
  8
0
 10
825.882848
 20
492.172413
 42
-0.021725
  0
VERTEX
  8
0
 10
824.846874
 20
492.881250
 42
-0.022776
  0
VERTEX
  8
0
 10
823.669231
 20
493.851312
 42
-0.018058
  0
VERTEX
  8
0
 10
822.486274
 20
495.000000
 42
0.020515
  0
VERTEX
  8
0
 10
821.291792
 20
496.148534
 42
0.024920
  0
VERTEX
  8
0
 10
820.079510
 20
497.118750
 42
0.024710
  0
VERTEX
  8
0
 10
819.000317
 20
497.819185
 42
0.132337
  0
VERTEX
  8
0
 10
818.329120
 20
498.000000
 42
-0.145908
  0
VERTEX
  8
0
 10
817.692347
 20
498.189863
 42
-0.032248
  0
VERTEX
  8
0
 10
816.771485
 20
498.881250
 42
-0.030925
  0
VERTEX
  8
0
 10
815.771450
 20
499.851572
 42
-0.025508
  0
VERTEX
  8
0
 10
814.828153
 20
501.000000
 42
0.035197
  0
VERTEX
  8
0
 10
813.847381
 20
502.147998
 42
0.037706
  0
VERTEX
  8
0
 10
812.736207
 20
503.118750
 42
0.040714
  0
VERTEX
  8
0
 10
811.661636
 20
503.794388
 42
0.120556
  0
VERTEX
  8
0
 10
810.821268
 20
504.000000
 42
-0.107709
  0
VERTEX
  8
0
 10
810.020751
 20
504.174470
 42
-0.048784
  0
VERTEX
  8
0
 10
809.088300
 20
504.716649
 42
-0.045195
  0
VERTEX
  8
0
 10
808.177866
 20
505.506331
 42
-0.046517
  0
VERTEX
  8
0
 10
807.433857
 20
506.439655
 42
0.044192
  0
VERTEX
  8
0
 10
806.725896
 20
507.336261
 42
0.056340
  0
VERTEX
  8
0
 10
805.921810
 20
508.015656
 42
0.067707
  0
VERTEX
  8
0
 10
805.146890
 20
508.393597
 42
0.172937
  0
VERTEX
  8
0
 10
804.531200
 20
508.378866
 42
-0.175188
  0
VERTEX
  8
0
 10
803.888901
 20
508.366307
 42
-0.057142
  0
VERTEX
  8
0
 10
803.018450
 20
508.777660
 42
-0.048809
  0
VERTEX
  8
0
 10
802.079731
 20
509.495983
 42
-0.038412
  0
VERTEX
  8
0
 10
801.212750
 20
510.439212
 42
0.056231
  0
VERTEX
  8
0
 10
799.826095
 20
511.844120
 42
0.101036
  0
VERTEX
  8
0
 10
798.393683
 20
512.586582
 42
0.059501
  0
VERTEX
  8
0
 10
796.301563
 20
512.919813
 42
0.009773
  0
VERTEX
  8
0
 10
792.199342
 20
513.000000
 42
0.009610
  0
VERTEX
  8
0
 10
788.602337
 20
512.930860
 42
0.042592
  0
VERTEX
  8
0
 10
786.504139
 20
512.670254
 42
0.081952
  0
VERTEX
  8
0
 10
785.251315
 20
512.181093
 42
0.168726
  0
SEQEND
  0
POLYLINE
  8
0
 66
1
 70
1
  0
VERTEX
  8
0
 10
800.236274
 20
497.497160
 42
-0.033522
  0
VERTEX
  8
0
 10
800.906136
 20
497.171098
 42
-0.042461
  0
VERTEX
  8
0
 10
801.472211
 20
496.779748
 42
-0.048091
  0
VERTEX
  8
0
 10
801.867812
 20
496.383775
 42
-0.173927
  0
VERTEX
  8
0
 10
801.986274
 20
496.053526
 42
0.192309
  0
VERTEX
  8
0
 10
802.125533
 20
495.704844
 42
0.035377
  0
VERTEX
  8
0
 10
802.647211
 20
495.228395
 42
0.033457
  0
VERTEX
  8
0
 10
803.374696
 20
494.728018
 42
0.024948
  0
VERTEX
  8
0
 10
804.236274
 20
494.273181
 42
-0.045248
  0
VERTEX
  8
0
 10
807.393318
 20
492.439173
 42
-0.006348
  0
VERTEX
  8
0
 10
813.494757
 20
487.996066
 42
-0.007724
  0
VERTEX
  8
0
 10
820.086138
 20
482.906273
 42
-0.010223
  0
VERTEX
  8
0
 10
825.917666
 20
478.059436
 42
-0.012478
  0
VERTEX
  8
0
 10
829.166236
 20
475.100078
 42
-0.049418
  0
VERTEX
  8
0
 10
830.921366
 20
473.050836
 42
-0.070234
  0
VERTEX
  8
0
 10
831.917813
 20
471.085550
 42
-0.045071
  0
VERTEX
  8
0
 10
832.524017
 20
468.596876
 42
-0.071715
  0
VERTEX
  8
0
 10
832.572626
 20
460.017186
 42
-0.021459
  0
VERTEX
  8
0
 10
830.219771
 20
447.118735
 42
-0.022166
  0
VERTEX
  8
0
 10
826.541975
 20
433.708237
 42
-0.037012
  0
VERTEX
  8
0
 10
822.138578
 20
422.872210
 42
-0.027005
  0
VERTEX
  8
0
 10
819.260099
 20
417.773793
 42
-0.126624
  0
VERTEX
  8
0
 10
816.818285
 20
415.494800
 42
-0.195378
  0
VERTEX
  8
0
 10
814.185635
 20
415.195714
 42
-0.080652
  0
VERTEX
  8
0
 10
810.870757
 20
416.730969
 42
0.001119
  0
VERTEX
  8
0
 10
802.523705
 20
422.349404
 42
0.008621
  0
VERTEX
  8
0
 10
798.563298
 20
424.904513
 42
0.011943
  0
VERTEX
  8
0
 10
795.012029
 20
426.994058
 42
0.003286
  0
VERTEX
  8
0
 10
789.325198
 20
430.111025
 42
0.017076
  0
VERTEX
  8
0
 10
786.984993
 20
431.272420
 42
0.008054
  0
VERTEX
  8
0
 10
783.891630
 20
432.618405
 42
0.007971
  0
VERTEX
  8
0
 10
780.604372
 20
433.925142
 42
0.011138
  0
VERTEX
  8
0
 10
777.623028
 20
434.980241
 42
0.019444
  0
VERTEX
  8
0
 10
773.424221
 20
436.183024
 42
0.036722
  0
VERTEX
  8
0
 10
769.952265
 20
436.767202
 42
0.027741
  0
VERTEX
  8
0
 10
765.844446
 20
436.922623
 42
0.006911
  0
VERTEX
  8
0
 10
759.123028
 20
436.711027
 42
0.004344
  0
VERTEX
  8
0
 10
754.520296
 20
436.462335
 42
0.005678
  0
VERTEX
  8
0
 10
750.317070
 20
436.150635
 42
0.004266
  0
VERTEX
  8
0
 10
746.808037
 20
435.820131
 42
0.051827
  0
VERTEX
  8
0
 10
745.486274
 20
435.543924
 42
-0.076112
  0
VERTEX
  8
0
 10
744.569311
 20
435.398171
 42
-0.050336
  0
VERTEX
  8
0
 10
743.505568
 20
435.499408
 42
-0.049058
  0
VERTEX
  8
0
 10
742.449397
 20
435.818624
 42
-0.060437
  0
VERTEX
  8
0
 10
741.552996
 20
436.322714
 42
-0.086322
  0
VERTEX
  8
0
 10
740.517758
 20
437.399822
 42
-0.129138
  0
VERTEX
  8
0
 10
740.089055
 20
438.625343
 42
-0.055395
  0
VERTEX
  8
0
 10
740.150082
 20
440.591963
 42
-0.005899
  0
VERTEX
  8
0
 10
740.850719
 20
445.120600
 42
-0.023371
  0
VERTEX
  8
0
 10
741.608110
 20
448.639065
 42
-0.010324
  0
VERTEX
  8
0
 10
742.920029
 20
453.211609
 42
-0.010192
  0
VERTEX
  8
0
 10
744.512232
 20
458.009195
 42
-0.013508
  0
VERTEX
  8
0
 10
746.166539
 20
462.301897
 42
-0.012496
  0
VERTEX
  8
0
 10
748.706852
 20
467.992774
 42
-0.036492
  0
VERTEX
  8
0
 10
750.833826
 20
471.726765
 42
-0.036355
  0
VERTEX
  8
0
 10
753.485539
 20
475.119479
 42
-0.012327
  0
VERTEX
  8
0
 10
757.806758
 20
479.659194
 42
-0.012080
  0
VERTEX
  8
0
 10
763.576569
 20
485.156742
 42
-0.015868
  0
VERTEX
  8
0
 10
769.115484
 20
489.872965
 42
-0.017723
  0
VERTEX
  8
0
 10
774.246942
 20
493.679007
 42
-0.031430
  0
VERTEX
  8
0
 10
778.762490
 20
496.385096
 42
-0.060521
  0
VERTEX
  8
0
 10
783.719254
 20
498.229125
 42
-0.045913
  0
VERTEX
  8
0
 10
789.464899
 20
499.059344
 42
-0.046147
  0
VERTEX
  8
0
 10
795.228388
 20
498.825870
 42
-0.063401
  0
SEQEND
  0
POLYLINE
  8
0
 66
1
 70
1
  0
VERTEX
  8
0
 10
1017.269240
 20
426.309109
 42
-0.049735
  0
VERTEX
  8
0
 10
1016.562353
 20
425.433941
 42
-0.052750
  0
VERTEX
  8
0
 10
1015.709312
 20
424.734793
 42
-0.058830
  0
VERTEX
  8
0
 10
1014.845123
 20
424.302697
 42
-0.127652
  0
VERTEX
  8
0
 10
1014.111339
 20
424.234853
 42
0.093858
  0
VERTEX
  8
0
 10
1013.459021
 20
424.218260
 42
0.127177
  0
VERTEX
  8
0
 10
1012.934506
 20
423.954725
 42
0.124456
  0
VERTEX
  8
0
 10
1012.595942
 20
423.464665
 42
0.087669
  0
VERTEX
  8
0
 10
1012.474147
 20
422.803005
 42
-0.104719
  0
VERTEX
  8
0
 10
1012.289356
 20
421.960128
 42
-0.029680
  0
VERTEX
  8
0
 10
1011.661332
 20
420.765045
 42
-0.028512
  0
VERTEX
  8
0
 10
1010.772913
 20
419.466988
 42
-0.026701
  0
VERTEX
  8
0
 10
1009.724147
 20
418.248286
 42
0.018068
  0
VERTEX
  8
0
 10
1008.675887
 20
417.071860
 42
0.022305
  0
VERTEX
  8
0
 10
1007.790524
 20
415.900225
 42
0.021424
  0
VERTEX
  8
0
 10
1007.145682
 20
414.870936
 42
0.129931
  0
VERTEX
  8
0
 10
1006.986274
 20
414.267861
 42
-0.134174
  0
VERTEX
  8
0
 10
1006.835304
 20
413.715402
 42
-0.033536
  0
VERTEX
  8
0
 10
1006.301852
 20
412.936587
 42
-0.031838
  0
VERTEX
  8
0
 10
1005.548150
 20
412.096511
 42
-0.027349
  0
VERTEX
  8
0
 10
1004.656326
 20
411.312423
 42
0.038774
  0
VERTEX
  8
0
 10
1003.795111
 20
410.519676
 42
0.047889
  0
VERTEX
  8
0
 10
1003.132150
 20
409.654003
 42
0.055340
  0
VERTEX
  8
0
 10
1002.744008
 20
408.844885
 42
0.166120
  0
VERTEX
  8
0
 10
1002.739484
 20
408.240369
 42
-0.126205
  0
VERTEX
  8
0
 10
1002.776235
 20
407.721193
 42
-0.095847
  0
VERTEX
  8
0
 10
1002.568277
 20
407.187446
 42
-0.085593
  0
VERTEX
  8
0
 10
1002.147627
 20
406.720609
 42
-0.075195
  0
VERTEX
  8
0
 10
1001.576547
 20
406.396267
 42
0.098669
  0
VERTEX
  8
0
 10
1000.911306
 20
405.976307
 42
0.124451
  0
VERTEX
  8
0
 10
1000.523807
 20
405.362822
 42
0.097426
  0
VERTEX
  8
0
 10
1000.420645
 20
404.517844
 42
0.043315
  0
VERTEX
  8
0
 10
1000.599458
 20
403.405059
 42
-0.043189
  0
VERTEX
  8
0
 10
1000.777320
 20
402.299977
 42
-0.095330
  0
VERTEX
  8
0
 10
1000.678095
 20
401.454528
 42
-0.122785
  0
VERTEX
  8
0
 10
1000.300828
 20
400.840930
 42
-0.102552
  0
VERTEX
  8
0
 10
999.655485
 20
400.426559
 42
0.090131
  0
VERTEX
  8
0
 10
999.107506
 20
400.093461
 42
0.095398
  0
VERTEX
  8
0
 10
998.724598
 20
399.594566
 42
0.099733
  0
VERTEX
  8
0
 10
998.565190
 20
399.008535
 42
0.108722
  0
VERTEX
  8
0
 10
998.653170
 20
398.425671
 42
-0.115203
  0
VERTEX
  8
0
 10
998.733903
 20
397.840132
 42
-0.100422
  0
VERTEX
  8
0
 10
998.555120
 20
397.246559
 42
-0.093464
  0
VERTEX
  8
0
 10
998.143087
 20
396.736110
 42
-0.084925
  0
VERTEX
  8
0
 10
997.560227
 20
396.390005
 42
0.087502
  0
VERTEX
  8
0
 10
996.935410
 20
396.014650
 42
0.104679
  0
VERTEX
  8
0
 10
996.522503
 20
395.467729
 42
0.103396
  0
VERTEX
  8
0
 10
996.363511
 20
394.794804
 42
0.083515
  0
VERTEX
  8
0
 10
996.467855
 20
394.058031
 42
-0.146137
  0
VERTEX
  8
0
 10
996.498947
 20
392.241170
 42
-0.033966
  0
VERTEX
  8
0
 10
995.466501
 20
389.331886
 42
-0.030719
  0
VERTEX
  8
0
 10
994.099203
 20
386.642442
 42
-0.265764
  0
VERTEX
  8
0
 10
992.975902
 20
386.000000
 42
0.330160
  0
VERTEX
  8
0
 10
992.678197
 20
385.779369
 42
0.050455
  0
VERTEX
  8
0
 10
992.526563
 20
385.009220
 42
0.040019
  0
VERTEX
  8
0
 10
992.511772
 20
383.920189
 42
0.023620
  0
VERTEX
  8
0
 10
992.659356
 20
382.627132
 42
-0.029912
  0
VERTEX
  8
0
 10
992.800937
 20
381.231072
 42
-0.044794
  0
VERTEX
  8
0
 10
992.741847
 20
380.007737
 42
-0.054253
  0
VERTEX
  8
0
 10
992.505732
 20
379.068125
 42
-0.167190
  0
VERTEX
  8
0
 10
992.096485
 20
378.568115
 42
0.117465
  0
VERTEX
  8
0
 10
991.670366
 20
378.140258
 42
0.048932
  0
VERTEX
  8
0
 10
991.312398
 20
377.402452
 42
0.044816
  0
VERTEX
  8
0
 10
991.068442
 20
376.501238
 42
0.043725
  0
VERTEX
  8
0
 10
990.986274
 20
375.563428
 42
-0.054904
  0
VERTEX
  8
0
 10
990.878722
 20
374.586932
 42
-0.043118
  0
VERTEX
  8
0
 10
990.558117
 20
373.570621
 42
-0.044424
  0
VERTEX
  8
0
 10
990.087137
 20
372.667173
 42
-0.077336
  0
VERTEX
  8
0
 10
989.528718
 20
372.035225
 42
0.091334
  0
VERTEX
  8
0
 10
988.950980
 20
371.343589
 42
0.071421
  0
VERTEX
  8
0
 10
988.595496
 20
370.430177
 42
0.062236
  0
VERTEX
  8
0
 10
988.480883
 20
369.334581
 42
0.044358
  0
VERTEX
  8
0
 10
988.614920
 20
368.106767
 42
-0.044713
  0
VERTEX
  8
0
 10
988.750279
 20
366.858653
 42
-0.065206
  0
VERTEX
  8
0
 10
988.627258
 20
365.760566
 42
-0.074334
  0
VERTEX
  8
0
 10
988.249304
 20
364.841591
 42
-0.085076
  0
VERTEX
  8
0
 10
987.631917
 20
364.120873
 42
0.068301
  0
VERTEX
  8
0
 10
987.089547
 20
363.528882
 42
0.065033
  0
VERTEX
  8
0
 10
986.715920
 20
362.803095
 42
0.069765
  0
VERTEX
  8
0
 10
986.560282
 20
362.059112
 42
0.108757
  0
VERTEX
  8
0
 10
986.657590
 20
361.414152
 42
-0.099431
  0
VERTEX
  8
0
 10
986.771226
 20
360.744923
 42
-0.055542
  0
VERTEX
  8
0
 10
986.654687
 20
359.923811
 42
-0.052272
  0
VERTEX
  8
0
 10
986.342702
 20
359.085827
 42
-0.058032
  0
VERTEX
  8
0
 10
985.871949
 20
358.362247
 42
0.074085
  0
VERTEX
  8
0
 10
985.379353
 20
357.549394
 42
0.039367
  0
VERTEX
  8
0
 10
985.010274
 20
356.429036
 42
0.038117
  0
VERTEX
  8
0
 10
984.807569
 20
355.199111
 42
0.047951
  0
VERTEX
  8
0
 10
984.817589
 20
354.045160
 42
-0.052960
  0
VERTEX
  8
0
 10
984.816115
 20
352.919153
 42
-0.047269
  0
VERTEX
  8
0
 10
984.581864
 20
351.772962
 42
-0.050095
  0
VERTEX
  8
0
 10
984.165036
 20
350.776455
 42
-0.095739
  0
VERTEX
  8
0
 10
983.616709
 20
350.108252
 42
0.094900
  0
VERTEX
  8
0
 10
982.989238
 20
349.346190
 42
0.075919
  0
VERTEX
  8
0
 10
982.625834
 20
348.344605
 42
0.059330
  0
VERTEX
  8
0
 10
982.525526
 20
347.061033
 42
0.030095
  0
VERTEX
  8
0
 10
982.688663
 20
345.446537
 42
-0.033849
  0
VERTEX
  8
0
 10
982.832612
 20
343.906541
 42
-0.044722
  0
VERTEX
  8
0
 10
982.742735
 20
342.500894
 42
-0.051040
  0
VERTEX
  8
0
 10
982.431565
 20
341.308301
 42
-0.084073
  0
VERTEX
  8
0
 10
981.910597
 20
340.408815
 42
0.089668
  0
VERTEX
  8
0
 10
981.416033
 20
339.532620
 42
0.034459
  0
VERTEX
  8
0
 10
981.047030
 20
338.178881
 42
0.032753
  0
VERTEX
  8
0
 10
980.840442
 20
336.619837
 42
0.034598
  0
VERTEX
  8
0
 10
980.844933
 20
335.075750
 42
-0.031002
  0
VERTEX
  8
0
 10
980.861813
 20
333.403266
 42
-0.048951
  0
VERTEX
  8
0
 10
980.647990
 20
331.985752
 42
-0.059315
  0
VERTEX
  8
0
 10
980.217829
 20
330.863506
 42
-0.098706
  0
VERTEX
  8
0
 10
979.582324
 20
330.079714
 42
0.098344
  0
VERTEX
  8
0
 10
978.892809
 20
329.230557
 42
0.080971
  0
VERTEX
  8
0
 10
978.520161
 20
328.122293
 42
0.055256
  0
VERTEX
  8
0
 10
978.440220
 20
326.597492
 42
0.019552
  0
VERTEX
  8
0
 10
978.652532
 20
324.418256
 42
-0.022534
  0
VERTEX
  8
0
 10
978.838151
 20
322.387646
 42
-0.041184
  0
VERTEX
  8
0
 10
978.777950
 20
320.726441
 42
-0.051886
  0
VERTEX
  8
0
 10
978.481015
 20
319.412318
 42
-0.091963
  0
VERTEX
  8
0
 10
977.941179
 20
318.445664
 42
0.101740
  0
VERTEX
  8
0
 10
977.405739
 20
317.441676
 42
0.034642
  0
VERTEX
  8
0
 10
977.046686
 20
315.820063
 42
0.029674
  0
VERTEX
  8
0
 10
976.862805
 20
313.766740
 42
0.019070
  0
VERTEX
  8
0
 10
976.882307
 20
311.374727
 42
-0.019850
  0
VERTEX
  8
0
 10
976.897013
 20
309.144731
 42
-0.024431
  0
VERTEX
  8
0
 10
976.726709
 20
307.071286
 42
-0.024915
  0
VERTEX
  8
0
 10
976.416601
 20
305.373133
 42
-0.116087
  0
VERTEX
  8
0
 10
975.976315
 20
304.488001
 42
0.170362
  0
VERTEX
  8
0
 10
974.788878
 20
301.287166
 42
0.002941
  0
VERTEX
  8
0
 10
974.564630
 20
282.401146
 42
0.002448
  0
VERTEX
  8
0
 10
974.543697
 20
263.291623
 42
0.222116
  0
VERTEX
  8
0
 10
975.714598
 20
260.810508
 42
-0.108220
  0
VERTEX
  8
0
 10
976.168659
 20
260.228431
 42
-0.064665
  0
VERTEX
  8
0
 10
976.444089
 20
259.390904
 42
-0.057793
  0
VERTEX
  8
0
 10
976.516249
 20
258.405688
 42
-0.050934
  0
VERTEX
  8
0
 10
976.368200
 20
257.385578
 42
0.035763
  0
VERTEX
  8
0
 10
976.196081
 20
256.408733
 42
0.078509
  0
VERTEX
  8
0
 10
976.236766
 20
255.653018
 42
0.129892
  0
VERTEX
  8
0
 10
976.476217
 20
255.180243
 42
0.214094
  0
VERTEX
  8
0
 10
976.877866
 20
255.000000
 42
-0.166919
  0
VERTEX
  8
0
 10
977.300713
 20
254.854792
 42
-0.095163
  0
VERTEX
  8
0
 10
977.660679
 20
254.443928
 42
-0.076017
  0
VERTEX
  8
0
 10
977.904020
 20
253.831067
 42
-0.056617
  0
VERTEX
  8
0
 10
977.986274
 20
253.106989
 42
0.074847
  0
VERTEX
  8
0
 10
978.101892
 20
252.338951
 42
0.064508
  0
VERTEX
  8
0
 10
978.440679
 20
251.595678
 42
0.066850
  0
VERTEX
  8
0
 10
978.941746
 20
250.988582
 42
0.095509
  0
VERTEX
  8
0
 10
979.533184
 20
250.620372
 42
-0.083356
  0
VERTEX
  8
0
 10
980.101728
 20
250.285160
 42
-0.080207
  0
VERTEX
  8
0
 10
980.538472
 20
249.778746
 42
-0.083929
  0
VERTEX
  8
0
 10
980.779310
 20
249.182916
 42
-0.105460
  0
VERTEX
  8
0
 10
980.783184
 20
248.588836
 42
0.231091
  0
VERTEX
  8
0
 10
981.190178
 20
246.998805
 42
0.025408
  0
VERTEX
  8
0
 10
983.845864
 20
244.179942
 42
0.027598
  0
VERTEX
  8
0
 10
986.802207
 20
241.642954
 42
0.164979
  0
VERTEX
  8
0
 10
988.697767
 20
241.000000
 42
-0.102231
  0
VERTEX
  8
0
 10
989.258995
 20
240.884039
 42
-0.066776
  0
VERTEX
  8
0
 10
989.827668
 20
240.542493
 42
-0.063172
  0
VERTEX
  8
0
 10
990.317291
 20
240.037963
 42
-0.069567
  0
VERTEX
  8
0
 10
990.646701
 20
239.442529
 42
0.081295
  0
VERTEX
  8
0
 10
990.972337
 20
238.885021
 42
0.091904
  0
VERTEX
  8
0
 10
991.447205
 20
238.487775
 42
0.100701
  0
VERTEX
  8
0
 10
991.995261
 20
238.310639
 42
0.120146
  0
VERTEX
  8
0
 10
992.532557
 20
238.379387
 42
-0.119023
  0
VERTEX
  8
0
 10
993.069423
 20
238.449290
 42
-0.100655
  0
VERTEX
  8
0
 10
993.616270
 20
238.275272
 42
-0.092264
  0
VERTEX
  8
0
 10
994.089287
 20
237.882697
 42
-0.082096
  0
VERTEX
  8
0
 10
994.412833
 20
237.330788
 42
0.102500
  0
VERTEX
  8
0
 10
994.826488
 20
236.686412
 42
0.122390
  0
VERTEX
  8
0
 10
995.439342
 20
236.308769
 42
0.095358
  0
VERTEX
  8
0
 10
996.282433
 20
236.208358
 42
0.043604
  0
VERTEX
  8
0
 10
997.381169
 20
236.384264
 42
-0.051583
  0
VERTEX
  8
0
 10
998.407101
 20
236.531803
 42
-0.059516
  0
VERTEX
  8
0
 10
999.391707
 20
236.453724
 42
-0.066480
  0
VERTEX
  8
0
 10
1000.230471
 20
236.165685
 42
-0.104002
  0
VERTEX
  8
0
 10
1000.826079
 20
235.693023
 42
0.220919
  0
VERTEX
  8
0
 10
1003.248940
 20
234.542844
 42
0.004297
  0
VERTEX
  8
0
 10
1017.395327
 20
234.546059
 42
0.005130
  0
VERTEX
  8
0
 10
1031.355889
 20
234.812485
 42
0.167383
  0
VERTEX
  8
0
 10
1034.474038
 20
235.989846
 42
-0.107205
  0
VERTEX
  8
0
 10
1035.307751
 20
236.422964
 42
-0.028650
  0
VERTEX
  8
0
 10
1036.779097
 20
236.733879
 42
-0.027673
  0
VERTEX
  8
0
 10
1038.533053
 20
236.902132
 42
-0.025436
  0
VERTEX
  8
0
 10
1040.345297
 20
236.882999
 42
0.026223
  0
VERTEX
  8
0
 10
1042.235187
 20
236.866019
 42
0.031685
  0
VERTEX
  8
0
 10
1043.999051
 20
237.055117
 42
0.034876
  0
VERTEX
  8
0
 10
1045.463909
 20
237.413393
 42
0.096076
  0
VERTEX
  8
0
 10
1046.392181
 20
237.921910
 42
-0.078288
  0
VERTEX
  8
0
 10
1047.180087
 20
238.390428
 42
-0.044600
  0
VERTEX
  8
0
 10
1048.244090
 20
238.709177
 42
-0.043216
  0
VERTEX
  8
0
 10
1049.400942
 20
238.843448
 42
-0.054568
  0
VERTEX
  8
0
 10
1050.474177
 20
238.757561
 42
0.052777
  0
VERTEX
  8
0
 10
1051.534996
 20
238.668854
 42
0.054184
  0
VERTEX
  8
0
 10
1052.581187
 20
238.805941
 42
0.059044
  0
VERTEX
  8
0
 10
1053.480565
 20
239.140887
 42
0.101248
  0
VERTEX
  8
0
 10
1054.102369
 20
239.639886
 42
-0.105977
  0
VERTEX
  8
0
 10
1054.766592
 20
240.162782
 42
-0.039757
  0
VERTEX
  8
0
 10
1055.874400
 20
240.600466
 42
-0.037173
  0
VERTEX
  8
0
 10
1057.196514
 20
240.899565
 42
-0.037060
  0
VERTEX
  8
0
 10
1058.549701
 20
241.000000
 42
0.027894
  0
VERTEX
  8
0
 10
1059.865450
 20
241.073460
 42
0.034318
  0
VERTEX
  8
0
 10
1061.074967
 20
241.293750
 42
0.036683
  0
VERTEX
  8
0
 10
1062.033349
 20
241.613582
 42
0.156712
  0
VERTEX
  8
0
 10
1062.486274
 20
242.000000
 42
-0.158284
  0
VERTEX
  8
0
 10
1062.942190
 20
242.386560
 42
-0.036095
  0
VERTEX
  8
0
 10
1063.916213
 20
242.706250
 42
-0.033884
  0
VERTEX
  8
0
 10
1065.146227
 20
242.926564
 42
-0.027380
  0
VERTEX
  8
0
 10
1066.486274
 20
243.000000
 42
0.027380
  0
VERTEX
  8
0
 10
1067.826321
 20
243.073436
 42
0.033884
  0
VERTEX
  8
0
 10
1069.056335
 20
243.293750
 42
0.036095
  0
VERTEX
  8
0
 10
1070.030357
 20
243.613440
 42
0.158284
  0
VERTEX
  8
0
 10
1070.486274
 20
244.000000
 42
-0.130646
  0
VERTEX
  8
0
 10
1070.892937
 20
244.384508
 42
-0.045439
  0
VERTEX
  8
0
 10
1071.639799
 20
244.706250
 42
-0.041396
  0
VERTEX
  8
0
 10
1072.565614
 20
244.926158
 42
-0.037634
  0
VERTEX
  8
0
 10
1073.545291
 20
245.000000
 42
0.039081
  0
VERTEX
  8
0
 10
1074.479994
 20
245.073170
 42
0.058208
  0
VERTEX
  8
0
 10
1075.269235
 20
245.293750
 42
0.076538
  0
VERTEX
  8
0
 10
1075.806898
 20
245.617207
 42
0.222681
  0
VERTEX
  8
0
 10
1075.986274
 20
246.000000
 42
-0.148195
  0
VERTEX
  8
0
 10
1076.101842
 20
246.381354
 42
-0.098894
  0
VERTEX
  8
0
 10
1076.426899
 20
246.706250
 42
-0.082425
  0
VERTEX
  8
0
 10
1076.912817
 20
246.925306
 42
-0.064853
  0
VERTEX
  8
0
 10
1077.486274
 20
247.000000
 42
-0.064853
  0
VERTEX
  8
0
 10
1078.059730
 20
246.925306
 42
-0.082425
  0
VERTEX
  8
0
 10
1078.545649
 20
246.706250
 42
-0.098894
  0
VERTEX
  8
0
 10
1078.870706
 20
246.381354
 42
-0.148195
  0
VERTEX
  8
0
 10
1078.986274
 20
246.000000
 42
0.191087
  0
VERTEX
  8
0
 10
1079.137750
 20
245.618118
 42
0.088204
  0
VERTEX
  8
0
 10
1079.573774
 20
245.293750
 42
0.068025
  0
VERTEX
  8
0
 10
1080.220855
 20
245.073693
 42
0.048028
  0
VERTEX
  8
0
 10
1080.986274
 20
245.000000
 42
-0.096550
  0
VERTEX
  8
0
 10
1082.011179
 20
244.800229
 42
-0.185208
  0
VERTEX
  8
0
 10
1082.614503
 20
244.236740
 42
-0.097070
  0
VERTEX
  8
0
 10
1082.912760
 20
243.114327
 42
-0.016550
  0
VERTEX
  8
0
 10
1082.986274
 20
240.893920
 42
-0.029591
  0
VERTEX
  8
0
 10
1082.857879
 20
238.726298
 42
-0.072622
  0
VERTEX
  8
0
 10
1082.443369
 20
237.188665
 42
-0.080709
  0
VERTEX
  8
0
 10
1081.638681
 20
235.931515
 42
-0.043486
  0
VERTEX
  8
0
 10
1080.293580
 20
234.669767
 42
-0.048016
  0
VERTEX
  8
0
 10
1075.959441
 20
231.888302
 42
-0.001926
  0
VERTEX
  8
0
 10
1059.263665
 20
223.391675
 42
-0.000916
  0
VERTEX
  8
0
 10
1041.663202
 20
214.560246
 42
-0.116328
  0
VERTEX
  8
0
 10
1039.287752
 20
214.000000
 42
0.084022
  0
VERTEX
  8
0
 10
1038.597226
 20
213.883137
 42
0.014847
  0
VERTEX
  8
0
 10
1037.365552
 20
213.412500
 42
0.015707
  0
VERTEX
  8
0
 10
1035.940529
 20
212.765681
 42
0.013564
  0
VERTEX
  8
0
 10
1034.486274
 20
212.000000
 42
-0.014895
  0
VERTEX
  8
0
 10
1033.022677
 20
211.234371
 42
-0.016678
  0
VERTEX
  8
0
 10
1031.569574
 20
210.587500
 42
-0.016153
  0
VERTEX
  8
0
 10
1030.303229
 20
210.120693
 42
-0.080389
  0
VERTEX
  8
0
 10
1029.557403
 20
210.000000
 42
0.091298
  0
VERTEX
  8
0
 10
1028.731737
 20
209.847970
 42
0.009492
  0
VERTEX
  8
0
 10
1026.893980
 20
209.107197
 42
0.011537
  0
VERTEX
  8
0
 10
1024.724145
 20
208.124591
 42
0.008991
  0
VERTEX
  8
0
 10
1022.411505
 20
206.960669
 42
-0.014780
  0
VERTEX
  8
0
 10
1020.104334
 20
205.832786
 42
-0.019940
  0
VERTEX
  8
0
 10
1017.951466
 20
204.959741
 42
-0.017369
  0
VERTEX
  8
0
 10
1016.147329
 20
204.380532
 42
-0.161975
  0
VERTEX
  8
0
 10
1015.341984
 20
204.416995
 42
0.070751
  0
VERTEX
  8
0
 10
1014.806977
 20
204.539525
 42
0.074094
  0
VERTEX
  8
0
 10
1014.267756
 20
204.504943
 42
0.081597
  0
VERTEX
  8
0
 10
1013.807095
 20
204.323723
 42
0.120476
  0
VERTEX
  8
0
 10
1013.498859
 20
204.020364
 42
-0.138595
  0
VERTEX
  8
0
 10
1011.847755
 20
202.507340
 42
-0.016296
  0
VERTEX
  8
0
 10
1007.276019
 20
200.389792
 42
-0.014641
  0
VERTEX
  8
0
 10
1002.560011
 20
198.550349
 42
-0.179135
  0
VERTEX
  8
0
 10
1000.656648
 20
198.572995
 42
0.053344
  0
VERTEX
  8
0
 10
1000.016905
 20
198.743058
 42
0.096296
  0
VERTEX
  8
0
 10
999.476946
 20
198.722116
 42
0.144765
  0
VERTEX
  8
0
 10
999.122925
 20
198.520216
 42
0.193608
  0
VERTEX
  8
0
 10
998.986274
 20
198.180538
 42
-0.276605
  0
VERTEX
  8
0
 10
998.152938
 20
196.789422
 42
-0.016133
  0
VERTEX
  8
0
 10
993.533836
 20
194.506048
 42
-0.018631
  0
VERTEX
  8
0
 10
988.789002
 20
192.557979
 42
-0.181642
  0
VERTEX
  8
0
 10
986.656648
 20
192.572995
 42
0.053361
  0
VERTEX
  8
0
 10
986.016906
 20
192.743034
 42
0.096323
  0
VERTEX
  8
0
 10
985.476946
 20
192.722026
 42
0.144783
  0
VERTEX
  8
0
 10
985.122923
 20
192.520027
 42
0.193544
  0
VERTEX
  8
0
 10
984.986274
 20
192.180231
 42
-0.256656
  0
VERTEX
  8
0
 10
984.305412
 20
190.941194
 42
-0.037176
  0
VERTEX
  8
0
 10
981.673516
 20
189.532140
 42
-0.039676
  0
VERTEX
  8
0
 10
978.760383
 20
188.508477
 42
-0.142437
  0
VERTEX
  8
0
 10
976.809818
 20
188.556005
 42
0.048447
  0
VERTEX
  8
0
 10
976.111322
 20
188.705259
 42
0.084616
  0
VERTEX
  8
0
 10
975.521940
 20
188.672731
 42
0.127834
  0
VERTEX
  8
0
 10
975.133664
 20
188.471452
 42
0.212686
  0
VERTEX
  8
0
 10
974.986274
 20
188.140630
 42
-0.258936
  0
VERTEX
  8
0
 10
974.310325
 20
186.922899
 42
-0.036050
  0
VERTEX
  8
0
 10
971.663247
 20
185.527116
 42
-0.038723
  0
VERTEX
  8
0
 10
968.744725
 20
184.508614
 42
-0.142372
  0
VERTEX
  8
0
 10
966.809818
 20
184.556005
 42
0.048447
  0
VERTEX
  8
0
 10
966.111322
 20
184.705259
 42
0.084616
  0
VERTEX
  8
0
 10
965.521940
 20
184.672731
 42
0.127834
  0
VERTEX
  8
0
 10
965.133664
 20
184.471452
 42
0.212686
  0
VERTEX
  8
0
 10
964.986274
 20
184.140630
 42
-0.258936
  0
VERTEX
  8
0
 10
964.310325
 20
182.922899
 42
-0.036050
  0
VERTEX
  8
0
 10
961.663247
 20
181.527116
 42
-0.038723
  0
VERTEX
  8
0
 10
958.744725
 20
180.508614
 42
-0.142372
  0
VERTEX
  8
0
 10
956.809818
 20
180.556005
 42
0.049838
  0
VERTEX
  8
0
 10
956.111394
 20
180.703218
 42
0.086663
  0
VERTEX
  8
0
 10
955.521940
 20
180.664998
 42
0.129775
  0
VERTEX
  8
0
 10
955.133762
 20
180.455073
 42
0.207122
  0
VERTEX
  8
0
 10
954.986274
 20
180.114305
 42
-0.262710
  0
VERTEX
  8
0
 10
954.348803
 20
178.984782
 42
-0.026371
  0
VERTEX
  8
0
 10
951.514709
 20
177.471487
 42
-0.027227
  0
VERTEX
  8
0
 10
948.525133
 20
176.266043
 42
-0.224252
  0
VERTEX
  8
0
 10
947.105643
 20
176.426226
 42
0.096100
  0
VERTEX
  8
0
 10
946.686247
 20
176.585028
 42
0.097206
  0
VERTEX
  8
0
 10
946.239677
 20
176.574554
 42
0.098606
  0
VERTEX
  8
0
 10
945.835252
 20
176.396934
 42
0.102057
  0
VERTEX
  8
0
 10
945.535491
 20
176.079636
 42
-0.122061
  0
VERTEX
  8
0
 10
944.310982
 20
174.882007
 42
-0.027529
  0
VERTEX
  8
0
 10
941.702994
 20
173.536387
 42
-0.023642
  0
VERTEX
  8
0
 10
939.004019
 20
172.477071
 42
-0.223702
  0
VERTEX
  8
0
 10
937.801798
 20
172.614012
 42
0.175203
  0
VERTEX
  8
0
 10
937.307876
 20
172.717579
 42
0.059211
  0
VERTEX
  8
0
 10
936.586348
 20
172.526809
 42
0.050258
  0
VERTEX
  8
0
 10
935.772843
 20
172.106183
 42
0.039504
  0
VERTEX
  8
0
 10
934.986274
 20
171.500000
 42
-0.040205
  0
VERTEX
  8
0
 10
934.198468
 20
170.894620
 42
-0.050853
  0
VERTEX
  8
0
 10
933.381300
 20
170.476219
 42
-0.059917
  0
VERTEX
  8
0
 10
932.654744
 20
170.289224
 42
-0.173147
  0
VERTEX
  8
0
 10
932.154072
 20
170.396295
 42
0.160797
  0
VERTEX
  8
0
 10
931.740872
 20
170.495098
 42
0.122096
  0
VERTEX
  8
0
 10
931.296930
 20
170.344453
 42
0.094887
  0
VERTEX
  8
0
 10
930.887859
 20
169.956165
 42
0.064048
  0
VERTEX
  8
0
 10
930.581741
 20
169.388187
 42
-0.096445
  0
VERTEX
  8
0
 10
930.150526
 20
168.698402
 42
-0.129583
  0
VERTEX
  8
0
 10
929.529607
 20
168.307325
 42
-0.098486
  0
VERTEX
  8
0
 10
928.661331
 20
168.213185
 42
-0.039412
  0
VERTEX
  8
0
 10
927.476956
 20
168.412983
 42
0.034207
  0
VERTEX
  8
0
 10
926.522295
 20
168.584254
 42
0.059364
  0
VERTEX
  8
0
 10
925.717912
 20
168.576643
 42
0.088918
  0
VERTEX
  8
0
 10
925.175877
 20
168.405747
 42
0.278914
  0
VERTEX
  8
0
 10
924.986274
 20
168.092294
 42
-0.261060
  0
VERTEX
  8
0
 10
924.331897
 20
166.924401
 42
-0.032988
  0
VERTEX
  8
0
 10
921.676084
 20
165.530251
 42
-0.035934
  0
VERTEX
  8
0
 10
918.779658
 20
164.487352
 42
-0.146307
  0
VERTEX
  8
0
 10
916.928243
 20
164.518418
 42
0.083515
  0
VERTEX
  8
0
 10
916.191470
 20
164.622763
 42
0.103396
  0
VERTEX
  8
0
 10
915.518544
 20
164.463771
 42
0.104679
  0
VERTEX
  8
0
 10
914.971624
 20
164.050864
 42
0.087502
  0
VERTEX
  8
0
 10
914.596269
 20
163.426047
 42
-0.084925
  0
VERTEX
  8
0
 10
914.250164
 20
162.843186
 42
-0.093464
  0
VERTEX
  8
0
 10
913.739715
 20
162.431153
 42
-0.100422
  0
VERTEX
  8
0
 10
913.146142
 20
162.252371
 42
-0.115203
  0
VERTEX
  8
0
 10
912.560603
 20
162.333104
 42
0.109252
  0
VERTEX
  8
0
 10
911.977522
 20
162.420492
 42
0.099804
  0
VERTEX
  8
0
 10
911.390875
 20
162.259507
 42
0.095246
  0
VERTEX
  8
0
 10
910.891039
 20
161.874225
 42
0.089684
  0
VERTEX
  8
0
 10
910.556881
 20
161.323404
 42
-0.099729
  0
VERTEX
  8
0
 10
910.175236
 20
160.721657
 42
-0.105124
  0
VERTEX
  8
0
 10
909.596671
 20
160.328120
 42
-0.094728
  0
VERTEX
  8
0
 10
908.856475
 20
160.178893
 42
-0.066554
  0
VERTEX
  8
0
 10
908.010890
 20
160.283312
 42
0.076648
  0
VERTEX
  8
0
 10
907.174498
 20
160.369581
 42
0.060510
  0
VERTEX
  8
0
 10
906.276748
 20
160.214470
 42
0.061390
  0
VERTEX
  8
0
 10
905.456072
 20
159.853294
 42
0.085422
  0
VERTEX
  8
0
 10
904.847244
 20
159.332480
 42
-0.086323
  0
VERTEX
  8
0
 10
904.186953
 20
158.769684
 42
-0.072723
  0
VERTEX
  8
0
 10
903.335681
 20
158.421311
 42
-0.066908
  0
VERTEX
  8
0
 10
902.353361
 20
158.313178
 42
-0.055539
  0
VERTEX
  8
0
 10
901.310477
 20
158.454766
 42
0.036767
  0
VERTEX
  8
0
 10
900.419746
 20
158.609871
 42
0.063488
  0
VERTEX
  8
0
 10
899.669008
 20
158.588917
 42
0.095652
  0
VERTEX
  8
0
 10
899.165822
 20
158.407840
 42
0.264587
  0
VERTEX
  8
0
 10
898.986274
 20
158.092294
 42
-0.261060
  0
VERTEX
  8
0
 10
898.331897
 20
156.924401
 42
-0.032988
  0
VERTEX
  8
0
 10
895.676084
 20
155.530251
 42
-0.035934
  0
VERTEX
  8
0
 10
892.779658
 20
154.487352
 42
-0.146307
  0
VERTEX
  8
0
 10
890.928243
 20
154.518418
 42
0.083515
  0
VERTEX
  8
0
 10
890.191470
 20
154.622763
 42
0.103396
  0
VERTEX
  8
0
 10
889.518544
 20
154.463771
 42
0.104679
  0
VERTEX
  8
0
 10
888.971624
 20
154.050864
 42
0.087502
  0
VERTEX
  8
0
 10
888.596269
 20
153.426047
 42
-0.084925
  0
VERTEX
  8
0
 10
888.250164
 20
152.843186
 42
-0.093464
  0
VERTEX
  8
0
 10
887.739715
 20
152.431153
 42
-0.100422
  0
VERTEX
  8
0
 10
887.146142
 20
152.252371
 42
-0.115203
  0
VERTEX
  8
0
 10
886.560603
 20
152.333104
 42
0.109252
  0
VERTEX
  8
0
 10
885.977522
 20
152.420492
 42
0.099804
  0
VERTEX
  8
0
 10
885.390875
 20
152.259507
 42
0.095246
  0
VERTEX
  8
0
 10
884.891039
 20
151.874225
 42
0.089684
  0
VERTEX
  8
0
 10
884.556881
 20
151.323404
 42
-0.099729
  0
VERTEX
  8
0
 10
884.175236
 20
150.721657
 42
-0.105124
  0
VERTEX
  8
0
 10
883.596671
 20
150.328120
 42
-0.094728
  0
VERTEX
  8
0
 10
882.856475
 20
150.178893
 42
-0.066554
  0
VERTEX
  8
0
 10
882.010890
 20
150.283312
 42
0.075750
  0
VERTEX
  8
0
 10
881.175657
 20
150.370970
 42
0.060375
  0
VERTEX
  8
0
 10
880.281326
 20
150.219986
 42
0.061442
  0
VERTEX
  8
0
 10
879.465665
 20
149.864912
 42
0.086405
  0
VERTEX
  8
0
 10
878.862828
 20
149.351256
 42
-0.063292
  0
VERTEX
  8
0
 10
878.311380
 20
148.835821
 42
-0.063178
  0
VERTEX
  8
0
 10
877.648208
 20
148.474345
 42
-0.069103
  0
VERTEX
  8
0
 10
876.978556
 20
148.314103
 42
-0.116345
  0
VERTEX
  8
0
 10
876.408819
 20
148.391349
 42
0.122556
  0
VERTEX
  8
0
 10
875.883619
 20
148.456015
 42
0.100764
  0
VERTEX
  8
0
 10
875.346288
 20
148.276616
 42
0.091124
  0
VERTEX
  8
0
 10
874.879027
 20
147.879174
 42
0.079621
  0
VERTEX
  8
0
 10
874.556881
 20
147.323404
 42
-0.099729
  0
VERTEX
  8
0
 10
874.175236
 20
146.721657
 42
-0.105124
  0
VERTEX
  8
0
 10
873.596671
 20
146.328120
 42
-0.094728
  0
VERTEX
  8
0
 10
872.856475
 20
146.178893
 42
-0.066554
  0
VERTEX
  8
0
 10
872.010890
 20
146.283312
 42
0.075750
  0
VERTEX
  8
0
 10
871.175657
 20
146.370970
 42
0.060375
  0
VERTEX
  8
0
 10
870.281326
 20
146.219986
 42
0.061442
  0
VERTEX
  8
0
 10
869.465665
 20
145.864912
 42
0.086405
  0
VERTEX
  8
0
 10
868.862828
 20
145.351256
 42
-0.063292
  0
VERTEX
  8
0
 10
868.311380
 20
144.835821
 42
-0.063178
  0
VERTEX
  8
0
 10
867.648208
 20
144.474345
 42
-0.069103
  0
VERTEX
  8
0
 10
866.978556
 20
144.314103
 42
-0.116345
  0
VERTEX
  8
0
 10
866.408819
 20
144.391349
 42
0.113550
  0
VERTEX
  8
0
 10
865.886977
 20
144.465035
 42
0.100282
  0
VERTEX
  8
0
 10
865.359077
 20
144.309943
 42
0.093971
  0
VERTEX
  8
0
 10
864.906261
 20
143.948954
 42
0.086202
  0
VERTEX
  8
0
 10
864.600417
 20
143.436858
 42
-0.127198
  0
VERTEX
  8
0
 10
864.208130
 20
142.886720
 42
-0.063764
  0
VERTEX
  8
0
 10
863.484751
 20
142.422077
 42
-0.057044
  0
VERTEX
  8
0
 10
862.563221
 20
142.106801
 42
-0.053971
  0
VERTEX
  8
0
 10
861.576676
 20
142.000000
 42
0.040292
  0
VERTEX
  8
0
 10
860.581040
 20
141.919637
 42
0.042977
  0
VERTEX
  8
0
 10
859.633202
 20
141.680659
 42
0.047126
  0
VERTEX
  8
0
 10
858.863796
 20
141.330523
 42
0.124633
  0
VERTEX
  8
0
 10
858.432432
 20
140.912882
 42
-0.125957
  0
VERTEX
  8
0
 10
858.038035
 20
140.533020
 42
-0.070436
  0
VERTEX
  8
0
 10
857.414372
 20
140.287246
 42
-0.063034
  0
VERTEX
  8
0
 10
856.667786
 20
140.205654
 42
-0.059753
  0
VERTEX
  8
0
 10
855.910182
 20
140.309647
 42
0.079483
  0
VERTEX
  8
0
 10
855.113473
 20
140.387289
 42
0.060880
  0
VERTEX
  8
0
 10
854.251743
 20
140.227722
 42
0.061176
  0
VERTEX
  8
0
 10
853.458280
 20
139.866791
 42
0.082428
  0
VERTEX
  8
0
 10
852.862828
 20
139.351256
 42
-0.063292
  0
VERTEX
  8
0
 10
852.311380
 20
138.835821
 42
-0.063178
  0
VERTEX
  8
0
 10
851.648208
 20
138.474345
 42
-0.069103
  0
VERTEX
  8
0
 10
850.978556
 20
138.314103
 42
-0.116345
  0
VERTEX
  8
0
 10
850.408819
 20
138.391349
 42
0.122556
  0
VERTEX
  8
0
 10
849.883619
 20
138.456015
 42
0.100764
  0
VERTEX
  8
0
 10
849.346288
 20
138.276616
 42
0.091124
  0
VERTEX
  8
0
 10
848.879027
 20
137.879174
 42
0.079621
  0
VERTEX
  8
0
 10
848.556881
 20
137.323404
 42
-0.099729
  0
VERTEX
  8
0
 10
848.175236
 20
136.721657
 42
-0.105124
  0
VERTEX
  8
0
 10
847.596671
 20
136.328120
 42
-0.094728
  0
VERTEX
  8
0
 10
846.856475
 20
136.178893
 42
-0.066554
  0
VERTEX
  8
0
 10
846.010890
 20
136.283312
 42
0.076898
  0
VERTEX
  8
0
 10
845.174175
 20
136.369194
 42
0.060546
  0
VERTEX
  8
0
 10
844.275471
 20
136.212932
 42
0.061374
  0
VERTEX
  8
0
 10
843.453396
 20
135.850054
 42
0.085151
  0
VERTEX
  8
0
 10
842.842898
 20
135.327243
 42
-0.079971
  0
VERTEX
  8
0
 10
842.242124
 20
134.801948
 42
-0.060935
  0
VERTEX
  8
0
 10
841.449164
 20
134.431397
 42
-0.061132
  0
VERTEX
  8
0
 10
840.593254
 20
134.263842
 42
-0.081929
  0
VERTEX
  8
0
 10
839.807126
 20
134.336597
 42
0.047238
  0
VERTEX
  8
0
 10
839.072724
 20
134.456149
 42
0.055712
  0
VERTEX
  8
0
 10
838.369548
 20
134.424949
 42
0.064744
  0
VERTEX
  8
0
 10
837.799025
 20
134.257824
 42
0.151891
  0
VERTEX
  8
0
 10
837.467389
 20
133.969444
 42
-0.127511
  0
VERTEX
  8
0
 10
836.166578
 20
132.724218
 42
-0.035401
  0
VERTEX
  8
0
 10
833.589327
 20
131.513589
 42
-0.035607
  0
VERTEX
  8
0
 10
830.857315
 20
130.676888
 42
-0.121031
  0
VERTEX
  8
0
 10
829.008598
 20
130.704413
 42
0.047023
  0
VERTEX
  8
0
 10
828.234034
 20
130.830844
 42
0.079409
  0
VERTEX
  8
0
 10
827.580332
 20
130.771417
 42
0.117482
  0
VERTEX
  8
0
 10
827.147575
 20
130.544447
 42
0.216770
  0
VERTEX
  8
0
 10
826.986274
 20
130.189873
 42
-0.251691
  0
VERTEX
  8
0
 10
826.406524
 20
129.111124
 42
-0.026726
  0
VERTEX
  8
0
 10
823.862545
 20
127.616880
 42
-0.032214
  0
VERTEX
  8
0
 10
821.037314
 20
126.378074
 42
-0.087428
  0
VERTEX
  8
0
 10
818.891653
 20
126.000000
 42
0.054512
  0
VERTEX
  8
0
 10
818.158410
 20
125.919821
 42
0.049262
  0
VERTEX
  8
0
 10
817.433083
 20
125.682448
 42
0.052390
  0
VERTEX
  8
0
 10
816.822122
 20
125.333119
 42
0.098601
  0
VERTEX
  8
0
 10
816.436196
 20
124.918973
 42
-0.148288
  0
VERTEX
  8
0
 10
816.013967
 20
124.546558
 42
-0.064688
  0
VERTEX
  8
0
 10
815.292640
 20
124.324084
 42
-0.055947
  0
VERTEX
  8
0
 10
814.405690
 20
124.272412
 42
-0.048117
  0
VERTEX
  8
0
 10
813.481438
 20
124.411858
 42
0.047805
  0
VERTEX
  8
0
 10
812.426705
 20
124.571661
 42
0.098807
  0
VERTEX
  8
0
 10
811.604862
 20
124.454048
 42
0.121213
  0
VERTEX
  8
0
 10
810.998392
 20
124.056389
 42
0.095986
  0
VERTEX
  8
0
 10
810.582103
 20
123.389131
 42
-0.086975
  0
VERTEX
  8
0
 10
810.241298
 20
122.820480
 42
-0.094267
  0
VERTEX
  8
0
 10
809.735554
 20
122.420309
 42
-0.100188
  0
VERTEX
  8
0
 10
809.145051
 20
122.249424
 42
-0.112570
  0
VERTEX
  8
0
 10
808.560603
 20
122.333104
 42
0.109252
  0
VERTEX
  8
0
 10
807.977522
 20
122.420492
 42
0.099804
  0
VERTEX
  8
0
 10
807.390875
 20
122.259507
 42
0.095246
  0
VERTEX
  8
0
 10
806.891039
 20
121.874225
 42
0.089684
  0
VERTEX
  8
0
 10
806.556881
 20
121.323404
 42
-0.099729
  0
VERTEX
  8
0
 10
806.175236
 20
120.721657
 42
-0.105124
  0
VERTEX
  8
0
 10
805.596671
 20
120.328120
 42
-0.094728
  0
VERTEX
  8
0
 10
804.856475
 20
120.178893
 42
-0.066554
  0
VERTEX
  8
0
 10
804.010890
 20
120.283312
 42
0.073558
  0
VERTEX
  8
0
 10
803.178467
 20
120.374344
 42
0.060008
  0
VERTEX
  8
0
 10
802.292420
 20
120.233354
 42
0.061533
  0
VERTEX
  8
0
 10
801.488904
 20
119.893079
 42
0.088877
  0
VERTEX
  8
0
 10
800.900597
 20
119.396765
 42
-0.066429
  0
VERTEX
  8
0
 10
800.321284
 20
118.862026
 42
-0.044483
  0
VERTEX
  8
0
 10
799.539306
 20
118.410300
 42
-0.044364
  0
VERTEX
  8
0
 10
798.686492
 20
118.102606
 42
-0.064487
  0
VERTEX
  8
0
 10
797.894245
 20
118.000000
 42
0.069856
  0
VERTEX
  8
0
 10
796.943014
 20
117.866449
 42
0.019587
  0
VERTEX
  8
0
 10
795.514093
 20
117.395866
 42
0.019351
  0
VERTEX
  8
0
 10
793.922869
 20
116.730584
 42
0.019266
  0
VERTEX
  8
0
 10
792.385452
 20
115.943372
 42
-0.024145
  0
VERTEX
  8
0
 10
790.885560
 20
115.193750
 42
-0.028921
  0
VERTEX
  8
0
 10
789.406742
 20
114.641559
 42
-0.029753
  0
VERTEX
  8
0
 10
788.134191
 20
114.330073
 42
-0.137602
  0
VERTEX
  8
0
 10
787.387061
 20
114.399698
 42
0.071221
  0
VERTEX
  8
0
 10
786.833098
 20
114.526024
 42
0.074293
  0
VERTEX
  8
0
 10
786.274230
 20
114.488912
 42
0.081643
  0
VERTEX
  8
0
 10
785.796273
 20
114.299367
 42
0.119755
  0
VERTEX
  8
0
 10
785.475820
 20
113.983086
 42
-0.129701
  0
VERTEX
  8
0
 10
784.253216
 20
112.822779
 42
-0.021538
  0
VERTEX
  8
0
 10
781.318510
 20
111.375247
 42
-0.016546
  0
VERTEX
  8
0
 10
778.272913
 20
110.151476
 42
-0.291451
  0
VERTEX
  8
0
 10
777.281668
 20
110.371272
 42
0.230935
  0
VERTEX
  8
0
 10
776.911165
 20
110.498795
 42
0.066351
  0
VERTEX
  8
0
 10
776.307587
 20
110.341501
 42
0.052008
  0
VERTEX
  8
0
 10
775.587928
 20
109.956384
 42
0.035085
  0
VERTEX
  8
0
 10
774.854670
 20
109.380901
 42
-0.054377
  0
VERTEX
  8
0
 10
774.056742
 20
108.802879
 42
-0.052870
  0
VERTEX
  8
0
 10
773.145566
 20
108.404002
 42
-0.057424
  0
VERTEX
  8
0
 10
772.262872
 20
108.232168
 42
-0.111446
  0
VERTEX
  8
0
 10
771.555544
 20
108.335045
 42
0.060733
  0
VERTEX
  8
0
 10
770.938861
 20
108.489289
 42
0.069087
  0
VERTEX
  8
0
 10
770.330360
 20
108.480661
 42
0.079511
  0
VERTEX
  8
0
 10
769.822411
 20
108.317491
 42
0.137790
  0
VERTEX
  8
0
 10
769.498418
 20
108.019650
 42
-0.124561
  0
VERTEX
  8
0
 10
768.357797
 20
106.915006
 42
-0.021154
  0
VERTEX
  8
0
 10
765.649515
 20
105.507696
 42
-0.023044
  0
VERTEX
  8
0
 10
762.794547
 20
104.331317
 42
-0.086406
  0
VERTEX
  8
0
 10
760.891653
 20
104.000000
 42
0.054512
  0
VERTEX
  8
0
 10
760.158410
 20
103.919821
 42
0.049262
  0
VERTEX
  8
0
 10
759.433083
 20
103.682448
 42
0.052390
  0
VERTEX
  8
0
 10
758.822122
 20
103.333119
 42
0.098601
  0
VERTEX
  8
0
 10
758.436196
 20
102.918973
 42
-0.153269
  0
VERTEX
  8
0
 10
758.007279
 20
102.548024
 42
-0.063318
  0
VERTEX
  8
0
 10
757.262014
 20
102.331771
 42
-0.054518
  0
VERTEX
  8
0
 10
756.341342
 20
102.288450
 42
-0.046031
  0
VERTEX
  8
0
 10
755.377179
 20
102.438025
 42
0.035696
  0
VERTEX
  8
0
 10
754.460832
 20
102.599611
 42
0.061775
  0
VERTEX
  8
0
 10
753.688602
 20
102.583999
 42
0.092915
  0
VERTEX
  8
0
 10
753.169931
 20
102.406975
 42
0.270468
  0
VERTEX
  8
0
 10
752.986274
 20
102.092294
 42
-0.261060
  0
VERTEX
  8
0
 10
752.331897
 20
100.924401
 42
-0.032988
  0
VERTEX
  8
0
 10
749.676084
 20
99.530251
 42
-0.035934
  0
VERTEX
  8
0
 10
746.779658
 20
98.487352
 42
-0.146307
  0
VERTEX
  8
0
 10
744.928243
 20
98.518418
 42
0.082807
  0
VERTEX
  8
0
 10
744.196311
 20
98.623128
 42
0.101544
  0
VERTEX
  8
0
 10
743.524416
 20
98.468968
 42
0.103991
  0
VERTEX
  8
0
 10
742.979127
 20
98.067058
 42
0.090744
  0
VERTEX
  8
0
 10
742.609624
 20
97.460850
 42
-0.089761
  0
VERTEX
  8
0
 10
742.227891
 20
96.831822
 42
-0.113278
  0
VERTEX
  8
0
 10
741.675610
 20
96.436952
 42
-0.105754
  0
VERTEX
  8
0
 10
740.975551
 20
96.306384
 42
-0.070365
  0
VERTEX
  8
0
 10
740.167655
 20
96.442432
 42
0.138400
  0
VERTEX
  8
0
 10
738.304705
 20
96.502587
 42
0.040321
  0
VERTEX
  8
0
 10
735.557037
 20
95.581747
 42
0.040972
  0
VERTEX
  8
0
 10
732.851760
 20
94.153112
 42
0.077733
  0
VERTEX
  8
0
 10
731.008880
 20
92.527239
 42
0.082944
  0
VERTEX
  8
0
 10
730.602077
 20
91.828484
 42
0.052295
  0
VERTEX
  8
0
 10
730.361364
 20
90.913366
 42
0.050878
  0
VERTEX
  8
0
 10
730.311347
 20
89.934440
 42
0.064267
  0
VERTEX
  8
0
 10
730.472606
 20
89.043062
 42
-0.054057
  0
VERTEX
  8
0
 10
730.666177
 20
88.084816
 42
-0.112553
  0
VERTEX
  8
0
 10
730.565790
 20
87.333615
 42
-0.129146
  0
VERTEX
  8
0
 10
730.165840
 20
86.766080
 42
-0.083603
  0
VERTEX
  8
0
 10
729.470131
 20
86.355432
 42
0.102481
  0
VERTEX
  8
0
 10
728.715169
 20
85.870826
 42
0.133323
  0
VERTEX
  8
0
 10
728.300989
 20
85.165244
 42
0.087143
  0
VERTEX
  8
0
 10
728.203775
 20
84.110174
 42
0.025876
  0
VERTEX
  8
0
 10
728.420512
 20
82.498847
 42
-0.032173
  0
VERTEX
  8
0
 10
728.600996
 20
81.016047
 42
-0.058179
  0
VERTEX
  8
0
 10
728.528452
 20
79.796778
 42
-0.073441
  0
VERTEX
  8
0
 10
728.207998
 20
78.837089
 42
-0.102653
  0
VERTEX
  8
0
 10
727.645492
 20
78.132139
 42
0.099234
  0
VERTEX
  8
0
 10
727.135838
 20
77.502220
 42
0.060042
  0
VERTEX
  8
0
 10
726.794410
 20
76.601943
 42
0.055073
  0
VERTEX
  8
0
 10
726.654850
 20
75.554942
 42
0.052890
  0
VERTEX
  8
0
 10
726.743835
 20
74.487904
 42
-0.054914
  0
VERTEX
  8
0
 10
726.829041
 20
73.413838
 42
-0.043284
  0
VERTEX
  8
0
 10
726.692696
 20
72.254496
 42
-0.044627
  0
VERTEX
  8
0
 10
726.370881
 20
71.186906
 42
-0.077845
  0
VERTEX
  8
0
 10
725.898804
 20
70.394605
 42
0.092180
  0
VERTEX
  8
0
 10
725.405031
 20
69.509541
 42
0.034476
  0
VERTEX
  8
0
 10
725.043336
 20
68.128344
 42
0.032481
  0
VERTEX
  8
0
 10
724.845769
 20
66.520397
 42
0.032360
  0
VERTEX
  8
0
 10
724.857741
 20
64.898366
 42
-0.023130
  0
VERTEX
  8
0
 10
724.905295
 20
63.057406
 42
-0.062936
  0
VERTEX
  8
0
 10
724.715752
 20
61.769595
 42
-0.096912
  0
VERTEX
  8
0
 10
724.286147
 20
60.913408
 42
-0.137382
  0
VERTEX
  8
0
 10
723.605977
 20
60.407561
 42
0.113193
  0
VERTEX
  8
0
 10
722.942060
 20
59.961265
 42
0.122509
  0
VERTEX
  8
0
 10
722.562356
 20
59.282016
 42
0.084619
  0
VERTEX
  8
0
 10
722.466393
 20
58.296743
 42
0.031423
  0
VERTEX
  8
0
 10
722.653868
 20
56.912028
 42
-0.043063
  0
VERTEX
  8
0
 10
722.799417
 20
55.609992
 42
-0.048363
  0
VERTEX
  8
0
 10
722.709526
 20
54.353149
 42
-0.052699
  0
VERTEX
  8
0
 10
722.398209
 20
53.242769
 42
-0.078680
  0
VERTEX
  8
0
 10
721.884577
 20
52.377463
 42
0.077112
  0
VERTEX
  8
0
 10
721.388167
 20
51.547076
 42
0.039051
  0
VERTEX
  8
0
 10
721.019300
 20
50.382819
 42
0.037606
  0
VERTEX
  8
0
 10
720.819748
 20
49.093746
 42
0.045761
  0
VERTEX
  8
0
 10
720.835688
 20
47.872613
 42
-0.038840
  0
VERTEX
  8
0
 10
720.870877
 20
46.563320
 42
-0.077922
  0
VERTEX
  8
0
 10
720.659538
 20
45.553479
 42
-0.101223
  0
VERTEX
  8
0
 10
720.202471
 20
44.830227
 42
-0.110203
  0
VERTEX
  8
0
 10
719.510282
 20
44.370839
 42
0.099550
  0
VERTEX
  8
0
 10
718.781112
 20
43.908741
 42
0.134666
  0
VERTEX
  8
0
 10
718.381982
 20
43.242551
 42
0.092480
  0
VERTEX
  8
0
 10
718.296439
 20
42.268734
 42
0.029855
  0
VERTEX
  8
0
 10
718.523118
 20
40.832248
 42
-0.040864
  0
VERTEX
  8
0
 10
718.700541
 20
39.521306
 42
-0.049522
  0
VERTEX
  8
0
 10
718.643362
 20
38.282468
 42
-0.055021
  0
VERTEX
  8
0
 10
718.361476
 20
37.201171
 42
-0.082128
  0
VERTEX
  8
0
 10
717.869580
 20
36.359392
 42
0.094352
  0
VERTEX
  8
0
 10
717.390976
 20
35.492763
 42
0.033318
  0
VERTEX
  8
0
 10
717.038743
 20
34.112257
 42
0.031661
  0
VERTEX
  8
0
 10
716.845299
 20
32.506690
 42
0.032182
  0
VERTEX
  8
0
 10
716.857741
 20
30.898366
 42
-0.023289
  0
VERTEX
  8
0
 10
716.904258
 20
29.075017
 42
-0.061267
  0
VERTEX
  8
0
 10
716.717654
 20
27.783080
 42
-0.093644
  0
VERTEX
  8
0
 10
716.298255
 20
26.920525
 42
-0.142216
  0
VERTEX
  8
0
 10
715.638415
 20
26.420009
 42
0.127449
  0
VERTEX
  8
0
 10
714.979035
 20
25.949331
 42
0.116360
  0
VERTEX
  8
0
 10
714.603484
 20
25.201971
 42
0.074040
  0
VERTEX
  8
0
 10
714.506547
 20
24.079664
 42
0.024811
  0
VERTEX
  8
0
 10
714.689770
 20
22.439715
 42
-0.024494
  0
VERTEX
  8
0
 10
714.879483
 20
20.751382
 42
-0.080751
  0
VERTEX
  8
0
 10
714.769959
 20
19.640024
 42
-0.126402
  0
VERTEX
  8
0
 10
714.357058
 20
18.903332
 42
-0.110968
  0
VERTEX
  8
0
 10
713.621356
 20
18.413462
 42
0.093333
  0
VERTEX
  8
0
 10
712.942694
 20
17.995001
 42
0.121005
  0
VERTEX
  8
0
 10
712.536567
 20
17.390138
 42
0.100238
  0
VERTEX
  8
0
 10
712.412749
 20
16.574467
 42
0.049226
  0
VERTEX
  8
0
 10
712.567780
 20
15.531277
 42
-0.048952
  0
VERTEX
  8
0
 10
712.721950
 20
14.497760
 42
-0.097395
  0
VERTEX
  8
0
 10
712.603714
 20
13.681933
 42
-0.119082
  0
VERTEX
  8
0
 10
712.211864
 20
13.077464
 42
-0.098364
  0
VERTEX
  8
0
 10
711.560665
 20
12.666920
 42
0.144820
  0
VERTEX
  8
0
 10
710.845803
 20
12.118899
 42
0.083099
  0
VERTEX
  8
0
 10
710.356466
 20
11.139346
 42
0.054195
  0
VERTEX
  8
0
 10
710.072220
 20
9.654862
 42
0.020229
  0
VERTEX
  8
0
 10
709.986274
 20
7.531385
 42
-0.020799
  0
VERTEX
  8
0
 10
709.913997
 20
5.794588
 42
-0.033517
  0
VERTEX
  8
0
 10
709.692524
 20
4.331094
 42
-0.036587
  0
VERTEX
  8
0
 10
709.374870
 20
3.267944
 42
-0.311341
  0
VERTEX
  8
0
 10
708.986274
 20
3.000000
 42
0.148195
  0
VERTEX
  8
0
 10
708.604920
 20
2.884432
 42
0.098894
  0
VERTEX
  8
0
 10
708.280024
 20
2.559375
 42
0.082425
  0
VERTEX
  8
0
 10
708.060968
 20
2.073457
 42
0.064853
  0
VERTEX
  8
0
 10
707.986274
 20
1.500000
 42
0.137309
  0
VERTEX
  8
0
 10
708.156585
 20
0.891517
 42
0.114538
  0
VERTEX
  8
0
 10
708.627334
 20
0.409822
 42
0.089290
  0
VERTEX
  8
0
 10
709.374013
 20
0.102284
 42
0.053199
  0
VERTEX
  8
0
 10
710.332636
 20
0.000000
 42
0.077028
  0
VERTEX
  8
0
 10
712.720503
 20
0.370063
 42
0.033569
  0
VERTEX
  8
0
 10
715.714445
 20
1.547243
 42
0.027988
  0
VERTEX
  8
0
 10
718.372557
 20
2.991426
 42
0.259912
  0
VERTEX
  8
0
 10
718.986274
 20
4.092294
 42
-0.285894
  0
VERTEX
  8
0
 10
719.180831
 20
4.404744
 42
-0.085563
  0
VERTEX
  8
0
 10
719.743281
 20
4.570276
 42
-0.057412
  0
VERTEX
  8
0
 10
720.575499
 20
4.570953
 42
-0.033017
  0
VERTEX
  8
0
 10
721.563320
 20
4.391306
 42
0.098350
  0
VERTEX
  8
0
 10
723.771848
 20
4.281151
 42
0.056469
  0
VERTEX
  8
0
 10
726.358268
 20
4.966565
 42
0.055268
  0
VERTEX
  8
0
 10
728.801536
 20
6.245678
 42
0.078674
  0
VERTEX
  8
0
 10
730.591666
 20
7.912480
 42
-0.082982
  0
VERTEX
  8
0
 10
731.132021
 20
8.407040
 42
-0.070605
  0
VERTEX
  8
0
 10
731.833976
 20
8.732901
 42
-0.071976
  0
VERTEX
  8
0
 10
732.585027
 20
8.846363
 42
-0.093431
  0
VERTEX
  8
0
 10
733.268553
 20
8.721921
 42
0.099395
  0
VERTEX
  8
0
 10
733.962707
 20
8.604002
 42
0.070014
  0
VERTEX
  8
0
 10
734.745288
 20
8.738073
 42
0.067079
  0
VERTEX
  8
0
 10
735.493936
 20
9.093661
 42
0.075314
  0
VERTEX
  8
0
 10
736.088958
 20
9.623727
 42
-0.082754
  0
VERTEX
  8
0
 10
736.752486
 20
10.197450
 42
-0.070396
  0
VERTEX
  8
0
 10
737.603480
 20
10.564538
 42
-0.066738
  0
VERTEX
  8
0
 10
738.566717
 20
10.693810
 42
-0.061587
  0
VERTEX
  8
0
 10
739.557812
 20
10.571401
 42
0.051132
  0
VERTEX
  8
0
 10
740.571422
 20
10.424703
 42
0.098789
  0
VERTEX
  8
0
 10
741.377832
 20
10.551024
 42
0.118293
  0
VERTEX
  8
0
 10
741.979661
 20
10.952081
 42
0.095559
  0
VERTEX
  8
0
 10
742.391333
 20
11.613185
 42
-0.096100
  0
VERTEX
  8
0
 10
742.815187
 20
12.292229
 42
-0.125507
  0
VERTEX
  8
0
 10
743.428702
 20
12.686736
 42
-0.098851
  0
VERTEX
  8
0
 10
744.273392
 20
12.792609
 42
-0.043410
  0
VERTEX
  8
0
 10
745.391333
 20
12.613185
 42
0.043024
  0
VERTEX
  8
0
 10
746.484183
 20
12.436922
 42
0.092077
  0
VERTEX
  8
0
 10
747.330470
 20
12.530154
 42
0.119934
  0
VERTEX
  8
0
 10
747.944629
 20
12.891723
 42
0.108820
  0
VERTEX
  8
0
 10
748.350630
 20
13.507115
 42
-0.123391
  0
VERTEX
  8
0
 10
748.751684
 20
14.078560
 42
-0.064464
  0
VERTEX
  8
0
 10
749.481481
 20
14.561465
 42
-0.058054
  0
VERTEX
  8
0
 10
750.407755
 20
14.888942
 42
-0.056020
  0
VERTEX
  8
0
 10
751.395872
 20
15.000000
 42
0.039616
  0
VERTEX
  8
0
 10
752.390648
 20
15.078942
 42
0.042588
  0
VERTEX
  8
0
 10
753.335906
 20
15.313776
 42
0.046722
  0
VERTEX
  8
0
 10
754.101976
 20
15.657726
 42
0.126123
  0
VERTEX
  8
0
 10
754.528407
 20
16.068174
 42
-0.103775
  0
VERTEX
  8
0
 10
754.880103
 20
16.437920
 42
-0.081683
  0
VERTEX
  8
0
 10
755.381252
 20
16.674218
 42
-0.078343
  0
VERTEX
  8
0
 10
755.952123
 20
16.743766
 42
-0.083008
  0
VERTEX
  8
0
 10
756.504666
 20
16.631316
 42
0.116488
  0
VERTEX
  8
0
 10
757.052167
 20
16.557243
 42
0.100514
  0
VERTEX
  8
0
 10
757.608077
 20
16.727872
 42
0.093065
  0
VERTEX
  8
0
 10
758.087082
 20
17.118213
 42
0.083955
  0
VERTEX
  8
0
 10
758.412833
 20
17.669212
 42
-0.102552
  0
VERTEX
  8
0
 10
758.827203
 20
18.314554
 42
-0.122785
  0
VERTEX
  8
0
 10
759.440802
 20
18.691821
 42
-0.095330
  0
VERTEX
  8
0
 10
760.286251
 20
18.791046
 42
-0.043189
  0
VERTEX
  8
0
 10
761.391333
 20
18.613185
 42
0.043442
  0
VERTEX
  8
0
 10
762.510907
 20
18.433571
 42
0.099306
  0
VERTEX
  8
0
 10
763.355510
 20
18.540315
 42
0.125831
  0
VERTEX
  8
0
 10
763.969053
 20
18.937070
 42
0.095291
  0
VERTEX
  8
0
 10
764.394167
 20
19.620569
 42
-0.093794
  0
VERTEX
  8
0
 10
764.785281
 20
20.253583
 42
-0.107109
  0
VERTEX
  8
0
 10
765.365048
 20
20.664778
 42
-0.098029
  0
VERTEX
  8
0
 10
766.106064
 20
20.821221
 42
-0.067203
  0
VERTEX
  8
0
 10
766.961658
 20
20.716688
 42
0.073091
  0
VERTEX
  8
0
 10
767.793484
 20
20.624938
 42
0.059923
  0
VERTEX
  8
0
 10
768.677771
 20
20.763806
 42
0.061546
  0
VERTEX
  8
0
 10
769.478710
 20
21.100937
 42
0.089419
  0
VERTEX
  8
0
 10
770.063929
 20
21.593568
 42
-0.093294
  0
VERTEX
  8
0
 10
770.701794
 20
22.122195
 42
-0.071787
  0
VERTEX
  8
0
 10
771.548941
 20
22.443626
 42
-0.064494
  0
VERTEX
  8
0
 10
772.540451
 20
22.533612
 42
-0.051948
  0
VERTEX
  8
0
 10
773.600696
 20
22.381926
 42
0.036823
  0
VERTEX
  8
0
 10
774.539863
 20
22.218495
 42
0.070019
  0
VERTEX
  8
0
 10
775.304740
 20
22.249974
 42
0.110333
  0
VERTEX
  8
0
 10
775.802310
 20
22.460765
 42
0.242148
  0
VERTEX
  8
0
 10
775.986274
 20
22.818350
 42
-0.255946
  0
VERTEX
  8
0
 10
776.652496
 20
24.034583
 42
-0.035478
  0
VERTEX
  8
0
 10
779.273352
 20
25.458218
 42
-0.038073
  0
VERTEX
  8
0
 10
782.156778
 20
26.512608
 42
-0.146482
  0
VERTEX
  8
0
 10
784.044305
 20
26.481582
 42
0.083715
  0
VERTEX
  8
0
 10
784.782395
 20
26.377350
 42
0.103900
  0
VERTEX
  8
0
 10
785.455614
 20
26.537686
 42
0.104848
  0
VERTEX
  8
0
 10
786.003009
 20
26.953645
 42
0.086630
  0
VERTEX
  8
0
 10
786.380001
 20
27.583653
 42
-0.090060
  0
VERTEX
  8
0
 10
786.780597
 20
28.242881
 42
-0.110346
  0
VERTEX
  8
0
 10
787.363668
 20
28.663839
 42
-0.100834
  0
VERTEX
  8
0
 10
788.113611
 20
28.819396
 42
-0.064920
  0
VERTEX
  8
0
 10
788.997429
 20
28.707334
 42
0.043256
  0
VERTEX
  8
0
 10
789.796150
 20
28.570787
 42
0.052810
  0
VERTEX
  8
0
 10
790.553651
 20
28.587956
 42
0.061789
  0
VERTEX
  8
0
 10
791.162951
 20
28.744578
 42
0.161943
  0
VERTEX
  8
0
 10
791.505158
 20
29.030556
 42
-0.128278
  0
VERTEX
  8
0
 10
792.804119
 20
30.270254
 42
-0.030716
  0
VERTEX
  8
0
 10
795.517885
 20
31.566069
 42
-0.030091
  0
VERTEX
  8
0
 10
798.354503
 20
32.518414
 42
-0.143747
  0
VERTEX
  8
0
 10
800.044305
 20
32.481582
 42
0.083715
  0
VERTEX
  8
0
 10
800.782395
 20
32.377350
 42
0.103900
  0
VERTEX
  8
0
 10
801.455614
 20
32.537686
 42
0.104848
  0
VERTEX
  8
0
 10
802.003009
 20
32.953645
 42
0.086630
  0
VERTEX
  8
0
 10
802.380001
 20
33.583653
 42
-0.090060
  0
VERTEX
  8
0
 10
802.780597
 20
34.242881
 42
-0.110346
  0
VERTEX
  8
0
 10
803.363668
 20
34.663839
 42
-0.100834
  0
VERTEX
  8
0
 10
804.113611
 20
34.819396
 42
-0.064920
  0
VERTEX
  8
0
 10
804.997429
 20
34.707334
 42
0.043256
  0
VERTEX
  8
0
 10
805.796150
 20
34.570787
 42
0.052810
  0
VERTEX
  8
0
 10
806.553651
 20
34.587956
 42
0.061789
  0
VERTEX
  8
0
 10
807.162951
 20
34.744578
 42
0.161943
  0
VERTEX
  8
0
 10
807.505158
 20
35.030556
 42
-0.128436
  0
VERTEX
  8
0
 10
808.814759
 20
36.279636
 42
-0.031361
  0
VERTEX
  8
0
 10
811.531585
 20
37.570550
 42
-0.030817
  0
VERTEX
  8
0
 10
814.373990
 20
38.510155
 42
-0.142191
  0
VERTEX
  8
0
 10
816.088510
 20
38.467552
 42
0.075641
  0
VERTEX
  8
0
 10
816.818887
 20
38.352427
 42
0.071329
  0
VERTEX
  8
0
 10
817.566085
 20
38.455494
 42
0.075502
  0
VERTEX
  8
0
 10
818.215588
 20
38.753535
 42
0.106060
  0
VERTEX
  8
0
 10
818.662054
 20
39.206169
 42
-0.090329
  0
VERTEX
  8
0
 10
820.021297
 20
40.672910
 42
-0.053987
  0
VERTEX
  8
0
 10
822.072501
 20
41.889622
 42
-0.055074
  0
VERTEX
  8
0
 10
824.241018
 20
42.602181
 42
-0.129409
  0
VERTEX
  8
0
 10
825.930397
 20
42.517735
 42
0.071835
  0
VERTEX
  8
0
 10
826.737893
 20
42.384182
 42
0.107611
  0
VERTEX
  8
0
 10
827.436687
 20
42.521412
 42
0.113396
  0
VERTEX
  8
0
 10
827.990009
 20
42.928365
 42
0.086319
  0
VERTEX
  8
0
 10
828.377167
 20
43.576268
 42
-0.092585
  0
VERTEX
  8
0
 10
828.814470
 20
44.287850
 42
-0.131161
  0
VERTEX
  8
0
 10
829.435437
 20
44.689621
 42
-0.100662
  0
VERTEX
  8
0
 10
830.303063
 20
44.787897
 42
-0.039532
  0
VERTEX
  8
0
 10
831.495592
 20
44.587017
 42
0.034207
  0
VERTEX
  8
0
 10
832.450253
 20
44.415746
 42
0.059364
  0
VERTEX
  8
0
 10
833.254636
 20
44.423357
 42
0.088918
  0
VERTEX
  8
0
 10
833.796671
 20
44.594253
 42
0.278914
  0
VERTEX
  8
0
 10
833.986274
 20
44.907706
 42
-0.257162
  0
VERTEX
  8
0
 10
834.549672
 20
45.930678
 42
-0.023975
  0
VERTEX
  8
0
 10
837.145086
 20
47.403040
 42
-0.029949
  0
VERTEX
  8
0
 10
839.984784
 20
48.631201
 42
-0.087302
  0
VERTEX
  8
0
 10
842.080895
 20
49.000000
 42
0.054512
  0
VERTEX
  8
0
 10
842.814137
 20
49.080179
 42
0.049262
  0
VERTEX
  8
0
 10
843.539465
 20
49.317552
 42
0.052390
  0
VERTEX
  8
0
 10
844.150425
 20
49.666881
 42
0.098601
  0
VERTEX
  8
0
 10
844.536351
 20
50.081027
 42
-0.153269
  0
VERTEX
  8
0
 10
844.965269
 20
50.451976
 42
-0.063318
  0
VERTEX
  8
0
 10
845.710533
 20
50.668229
 42
-0.054518
  0
VERTEX
  8
0
 10
846.631206
 20
50.711550
 42
-0.046031
  0
VERTEX
  8
0
 10
847.595368
 20
50.561975
 42
0.036735
  0
VERTEX
  8
0
 10
848.511664
 20
50.402358
 42
0.063436
  0
VERTEX
  8
0
 10
849.283945
 20
50.423734
 42
0.095571
  0
VERTEX
  8
0
 10
849.801602
 20
50.609729
 42
0.264763
  0
VERTEX
  8
0
 10
849.986274
 20
50.934031
 42
-0.265139
  0
VERTEX
  8
0
 10
850.593170
 20
51.998063
 42
-0.021740
  0
VERTEX
  8
0
 10
853.523240
 20
53.563270
 42
-0.021285
  0
VERTEX
  8
0
 10
856.572636
 20
54.869047
 42
-0.294991
  0
VERTEX
  8
0
 10
857.690879
 20
54.628728
 42
0.230935
  0
VERTEX
  8
0
 10
858.061382
 20
54.501205
 42
0.066351
  0
VERTEX
  8
0
 10
858.664960
 20
54.658499
 42
0.052008
  0
VERTEX
  8
0
 10
859.384619
 20
55.043616
 42
0.035085
  0
VERTEX
  8
0
 10
860.117877
 20
55.619099
 42
-0.054377
  0
VERTEX
  8
0
 10
860.915805
 20
56.197121
 42
-0.052870
  0
VERTEX
  8
0
 10
861.826982
 20
56.595998
 42
-0.057424
  0
VERTEX
  8
0
 10
862.709675
 20
56.767832
 42
-0.111446
  0
VERTEX
  8
0
 10
863.417004
 20
56.664955
 42
0.060733
  0
VERTEX
  8
0
 10
864.033686
 20
56.510711
 42
0.069087
  0
VERTEX
  8
0
 10
864.642188
 20
56.519339
 42
0.079511
  0
VERTEX
  8
0
 10
865.150136
 20
56.682509
 42
0.137790
  0
VERTEX
  8
0
 10
865.474129
 20
56.980350
 42
-0.124561
  0
VERTEX
  8
0
 10
866.614751
 20
58.084994
 42
-0.021154
  0
VERTEX
  8
0
 10
869.323033
 20
59.492304
 42
-0.023044
  0
VERTEX
  8
0
 10
872.178000
 20
60.668683
 42
-0.086406
  0
VERTEX
  8
0
 10
874.080895
 20
61.000000
 42
0.053908
  0
VERTEX
  8
0
 10
874.813548
 20
61.079222
 42
0.049062
  0
VERTEX
  8
0
 10
875.537131
 20
61.313776
 42
0.052270
  0
VERTEX
  8
0
 10
876.145631
 20
61.658922
 42
0.099531
  0
VERTEX
  8
0
 10
876.528407
 20
62.068174
 42
-0.103775
  0
VERTEX
  8
0
 10
876.880103
 20
62.437920
 42
-0.081683
  0
VERTEX
  8
0
 10
877.381252
 20
62.674218
 42
-0.078343
  0
VERTEX
  8
0
 10
877.952123
 20
62.743766
 42
-0.083008
  0
VERTEX
  8
0
 10
878.504666
 20
62.631316
 42
0.117049
  0
VERTEX
  8
0
 10
879.052385
 20
62.557831
 42
0.100550
  0
VERTEX
  8
0
 10
879.608909
 20
62.730042
 42
0.092889
  0
VERTEX
  8
0
 10
880.088854
 20
63.122755
 42
0.083537
  0
VERTEX
  8
0
 10
880.415666
 20
63.676596
 42
-0.099729
  0
VERTEX
  8
0
 10
880.797312
 20
64.278343
 42
-0.105124
  0
VERTEX
  8
0
 10
881.375877
 20
64.671880
 42
-0.094728
  0
VERTEX
  8
0
 10
882.116072
 20
64.821107
 42
-0.066554
  0
VERTEX
  8
0
 10
882.961658
 20
64.716688
 42
0.076898
  0
VERTEX
  8
0
 10
883.798372
 20
64.630806
 42
0.060546
  0
VERTEX
  8
0
 10
884.697076
 20
64.787068
 42
0.061374
  0
VERTEX
  8
0
 10
885.519152
 20
65.149946
 42
0.085151
  0
VERTEX
  8
0
 10
886.129650
 20
65.672757
 42
-0.079971
  0
VERTEX
  8
0
 10
886.730423
 20
66.198052
 42
-0.060935
  0
VERTEX
  8
0
 10
887.523383
 20
66.568603
 42
-0.061132
  0
VERTEX
  8
0
 10
888.379294
 20
66.736158
 42
-0.081929
  0
VERTEX
  8
0
 10
889.165421
 20
66.663403
 42
0.047238
  0
VERTEX
  8
0
 10
889.899824
 20
66.543851
 42
0.055712
  0
VERTEX
  8
0
 10
890.602999
 20
66.575051
 42
0.064744
  0
VERTEX
  8
0
 10
891.173522
 20
66.742176
 42
0.151891
  0
VERTEX
  8
0
 10
891.505158
 20
67.030556
 42
-0.125934
  0
VERTEX
  8
0
 10
892.687587
 20
68.169511
 42
-0.025887
  0
VERTEX
  8
0
 10
895.298659
 20
69.477380
 42
-0.022135
  0
VERTEX
  8
0
 10
898.001900
 20
70.520704
 42
-0.223003
  0
VERTEX
  8
0
 10
899.170750
 20
70.385988
 42
0.149885
  0
VERTEX
  8
0
 10
899.653034
 20
70.259743
 42
0.060586
  0
VERTEX
  8
0
 10
900.331272
 20
70.370977
 42
0.052640
  0
VERTEX
  8
0
 10
901.084198
 20
70.679384
 42
0.045082
  0
VERTEX
  8
0
 10
901.799287
 20
71.152039
 42
-0.026626
  0
VERTEX
  8
0
 10
904.265859
 20
72.916350
 42
-0.046086
  0
VERTEX
  8
0
 10
906.505139
 20
74.069555
 42
-0.058082
  0
VERTEX
  8
0
 10
908.457479
 20
74.604476
 42
-0.115187
  0
VERTEX
  8
0
 10
910.048822
 20
74.480148
 42
0.046679
  0
VERTEX
  8
0
 10
910.791044
 20
74.318811
 42
0.081955
  0
VERTEX
  8
0
 10
911.417147
 20
74.345622
 42
0.125102
  0
VERTEX
  8
0
 10
911.829894
 20
74.547681
 42
0.220114
  0
VERTEX
  8
0
 10
911.986274
 20
74.885695
 42
-0.262376
  0
VERTEX
  8
0
 10
912.614267
 20
76.000053
 42
-0.025430
  0
VERTEX
  8
0
 10
915.447772
 20
77.524460
 42
-0.026231
  0
VERTEX
  8
0
 10
918.431193
 20
78.751786
 42
-0.226615
  0
VERTEX
  8
0
 10
919.822696
 20
78.601097
 42
0.157814
  0
VERTEX
  8
0
 10
920.272842
 20
78.490687
 42
0.080573
  0
VERTEX
  8
0
 10
920.845072
 20
78.626676
 42
0.067070
  0
VERTEX
  8
0
 10
921.448238
 20
78.978509
 42
0.054071
  0
VERTEX
  8
0
 10
921.987389
 20
79.501344
 42
-0.084664
  0
VERTEX
  8
0
 10
922.663287
 20
80.081296
 42
-0.075437
  0
VERTEX
  8
0
 10
923.520177
 20
80.433159
 42
-0.068618
  0
VERTEX
  8
0
 10
924.516708
 20
80.535183
 42
-0.052775
  0
VERTEX
  8
0
 10
925.600696
 20
80.381926
 42
0.036418
  0
VERTEX
  8
0
 10
926.553905
 20
80.215257
 42
0.073103
  0
VERTEX
  8
0
 10
927.315442
 20
80.250046
 42
0.117608
  0
VERTEX
  8
0
 10
927.803404
 20
80.471324
 42
0.231750
  0
VERTEX
  8
0
 10
927.986274
 20
80.844675
 42
-0.260591
  0
VERTEX
  8
0
 10
928.630316
 20
81.996494
 42
-0.027290
  0
VERTEX
  8
0
 10
931.449812
 20
83.524163
 42
-0.028087
  0
VERTEX
  8
0
 10
934.431320
 20
84.735175
 42
-0.224468
  0
VERTEX
  8
0
 10
935.866904
 20
84.573774
 42
0.096025
  0
VERTEX
  8
0
 10
936.286266
 20
84.414914
 42
0.097186
  0
VERTEX
  8
0
 10
936.732741
 20
84.425236
 42
0.098621
  0
VERTEX
  8
0
 10
937.137021
 20
84.602627
 42
0.102135
  0
VERTEX
  8
0
 10
937.436615
 20
84.919650
 42
-0.137268
  0
VERTEX
  8
0
 10
939.115462
 20
86.466162
 42
-0.016871
  0
VERTEX
  8
0
 10
943.677388
 20
88.601700
 42
-0.015131
  0
VERTEX
  8
0
 10
948.386775
 20
90.449041
 42
-0.179380
  0
VERTEX
  8
0
 10
950.315899
 20
90.427005
 42
0.053361
  0
VERTEX
  8
0
 10
950.955642
 20
90.256966
 42
0.096323
  0
VERTEX
  8
0
 10
951.495601
 20
90.277974
 42
0.144783
  0
VERTEX
  8
0
 10
951.849624
 20
90.479973
 42
0.193544
  0
VERTEX
  8
0
 10
951.986274
 20
90.819769
 42
-0.256656
  0
VERTEX
  8
0
 10
952.667135
 20
92.058806
 42
-0.037176
  0
VERTEX
  8
0
 10
955.299032
 20
93.467860
 42
-0.039676
  0
VERTEX
  8
0
 10
958.212165
 20
94.491523
 42
-0.142437
  0
VERTEX
  8
0
 10
960.162729
 20
94.443995
 42
0.048447
  0
VERTEX
  8
0
 10
960.861226
 20
94.294741
 42
0.084616
  0
VERTEX
  8
0
 10
961.450608
 20
94.327269
 42
0.127834
  0
VERTEX
  8
0
 10
961.838884
 20
94.528548
 42
0.212686
  0
VERTEX
  8
0
 10
961.986274
 20
94.859370
 42
-0.256301
  0
VERTEX
  8
0
 10
962.648040
 20
96.065559
 42
-0.040142
  0
VERTEX
  8
0
 10
965.132550
 20
97.381064
 42
-0.042582
  0
VERTEX
  8
0
 10
967.936202
 20
98.315146
 42
-0.123691
  0
VERTEX
  8
0
 10
969.963949
 20
98.295587
 42
0.047008
  0
VERTEX
  8
0
 10
970.738515
 20
98.169132
 42
0.079388
  0
VERTEX
  8
0
 10
971.392216
 20
98.228492
 42
0.117460
  0
VERTEX
  8
0
 10
971.824975
 20
98.455361
 42
0.216830
  0
VERTEX
  8
0
 10
971.986274
 20
98.809820
 42
-0.276294
  0
VERTEX
  8
0
 10
972.821844
 20
100.206492
 42
-0.016260
  0
VERTEX
  8
0
 10
977.436237
 20
102.492714
 42
-0.018756
  0
VERTEX
  8
0
 10
982.178390
 20
104.441896
 42
-0.181681
  0
VERTEX
  8
0
 10
984.315899
 20
104.427005
 42
0.053361
  0
VERTEX
  8
0
 10
984.955642
 20
104.256966
 42
0.096323
  0
VERTEX
  8
0
 10
985.495601
 20
104.277974
 42
0.144783
  0
VERTEX
  8
0
 10
985.849624
 20
104.479973
 42
0.193544
  0
VERTEX
  8
0
 10
985.986274
 20
104.819769
 42
-0.252233
  0
VERTEX
  8
0
 10
986.564489
 20
105.893038
 42
-0.026451
  0
VERTEX
  8
0
 10
989.113407
 20
107.385083
 42
-0.031991
  0
VERTEX
  8
0
 10
991.940001
 20
108.622821
 42
-0.087416
  0
VERTEX
  8
0
 10
994.080895
 20
109.000000
 42
0.053908
  0
VERTEX
  8
0
 10
994.813548
 20
109.079222
 42
0.049062
  0
VERTEX
  8
0
 10
995.537131
 20
109.313776
 42
0.052270
  0
VERTEX
  8
0
 10
996.145631
 20
109.658922
 42
0.099531
  0
VERTEX
  8
0
 10
996.528407
 20
110.068174
 42
-0.109884
  0
VERTEX
  8
0
 10
996.886367
 20
110.435515
 42
-0.081902
  0
VERTEX
  8
0
 10
997.405563
 20
110.664890
 42
-0.076891
  0
VERTEX
  8
0
 10
998.003277
 20
110.724310
 42
-0.078162
  0
VERTEX
  8
0
 10
998.587424
 20
110.599558
 42
0.055370
  0
VERTEX
  8
0
 10
999.123085
 20
110.459479
 42
0.099296
  0
VERTEX
  8
0
 10
999.575362
 20
110.483377
 42
0.146720
  0
VERTEX
  8
0
 10
999.871995
 20
110.662034
 42
0.186452
  0
VERTEX
  8
0
 10
999.986274
 20
110.957836
 42
-0.280356
  0
VERTEX
  8
0
 10
1000.756513
 20
112.223547
 42
-0.013164
  0
VERTEX
  8
0
 10
1005.447911
 20
114.496211
 42
-0.015474
  0
VERTEX
  8
0
 10
1010.221680
 20
116.479973
 42
-0.184374
  0
VERTEX
  8
0
 10
1012.186857
 20
116.476523
 42
0.095480
  0
VERTEX
  8
0
 10
1012.853350
 20
116.357977
 42
0.110965
  0
VERTEX
  8
0
 10
1013.478299
 20
116.507859
 42
0.106202
  0
VERTEX
  8
0
 10
1013.998958
 20
116.918678
 42
0.081369
  0
VERTEX
  8
0
 10
1014.365661
 20
117.546284
 42
-0.082292
  0
VERTEX
  8
0
 10
1014.726285
 20
118.160894
 42
-0.101146
  0
VERTEX
  8
0
 10
1015.244839
 20
118.575409
 42
-0.107305
  0
VERTEX
  8
0
 10
1015.859068
 20
118.738122
 42
-0.103258
  0
VERTEX
  8
0
 10
1016.494703
 20
118.635139
 42
0.051598
  0
VERTEX
  8
0
 10
1017.066046
 20
118.481126
 42
0.093637
  0
VERTEX
  8
0
 10
1017.548125
 20
118.493919
 42
0.142789
  0
VERTEX
  8
0
 10
1017.864148
 20
118.665302
 42
0.200164
  0
VERTEX
  8
0
 10
1017.986274
 20
118.958143
 42
-0.258918
  0
VERTEX
  8
0
 10
1018.533229
 20
119.943569
 42
-0.022777
  0
VERTEX
  8
0
 10
1021.110773
 20
121.391559
 42
-0.023294
  0
VERTEX
  8
0
 10
1023.812967
 20
122.597347
 42
-0.235912
  0
VERTEX
  8
0
 10
1025.002952
 20
122.489692
 42
0.186126
  0
VERTEX
  8
0
 10
1025.342738
 20
122.425917
 42
0.116444
  0
VERTEX
  8
0
 10
1025.717851
 20
122.590898
 42
0.085087
  0
VERTEX
  8
0
 10
1026.073635
 20
122.969125
 42
0.054719
  0
VERTEX
  8
0
 10
1026.350104
 20
123.505744
 42
-0.097469
  0
VERTEX
  8
0
 10
1026.708883
 20
124.077075
 42
-0.066866
  0
VERTEX
  8
0
 10
1027.304691
 20
124.561062
 42
-0.064139
  0
VERTEX
  8
0
 10
1028.036424
 20
124.888337
 42
-0.073248
  0
VERTEX
  8
0
 10
1028.794561
 20
125.000000
 42
0.094249
  0
VERTEX
  8
0
 10
1029.972528
 20
125.224034
 42
0.007064
  0
VERTEX
  8
0
 10
1033.002047
 20
126.469378
 42
0.009572
  0
VERTEX
  8
0
 10
1036.590919
 20
128.086225
 42
0.007125
  0
VERTEX
  8
0
 10
1040.490474
 20
130.002139
 42
-0.005663
  0
VERTEX
  8
0
 10
1044.292734
 20
131.884069
 42
-0.009147
  0
VERTEX
  8
0
 10
1047.574913
 20
133.389264
 42
-0.003477
  0
VERTEX
  8
0
 10
1050.383524
 20
134.592423
 42
-0.304734
  0
VERTEX
  8
0
 10
1050.811107
 20
134.508500
 42
0.312076
  0
VERTEX
  8
0
 10
1051.098530
 20
134.456078
 42
0.061373
  0
VERTEX
  8
0
 10
1051.571695
 20
134.744350
 42
0.045627
  0
VERTEX
  8
0
 10
1052.132758
 20
135.278653
 42
0.026911
  0
VERTEX
  8
0
 10
1052.704145
 20
136.007592
 42
-0.065960
  0
VERTEX
  8
0
 10
1053.530196
 20
136.907304
 42
-0.022269
  0
VERTEX
  8
0
 10
1054.947889
 20
137.989066
 42
-0.021706
  0
VERTEX
  8
0
 10
1056.639722
 20
139.058883
 42
-0.023253
  0
VERTEX
  8
0
 10
1058.380312
 20
139.951729
 42
0.016672
  0
VERTEX
  8
0
 10
1060.112733
 20
140.811787
 42
0.016784
  0
VERTEX
  8
0
 10
1061.780044
 20
141.783565
 42
0.016845
  0
VERTEX
  8
0
 10
1063.172988
 20
142.726256
 42
0.062438
  0
VERTEX
  8
0
 10
1063.945191
 20
143.450498
 42
-0.041900
  0
VERTEX
  8
0
 10
1064.527584
 20
144.043378
 42
-0.039331
  0
VERTEX
  8
0
 10
1065.212538
 20
144.544834
 42
-0.041830
  0
VERTEX
  8
0
 10
1065.893458
 20
144.890474
 42
-0.096827
  0
VERTEX
  8
0
 10
1066.453731
 20
145.000000
 42
0.112611
  0
VERTEX
  8
0
 10
1067.047559
 20
145.135462
 42
0.034191
  0
VERTEX
  8
0
 10
1067.855318
 20
145.594647
 42
0.032320
  0
VERTEX
  8
0
 10
1068.717075
 20
146.249604
 42
0.030191
  0
VERTEX
  8
0
 10
1069.508293
 20
147.024331
 42
-0.032395
  0
VERTEX
  8
0
 10
1070.281846
 20
147.775120
 42
-0.040874
  0
VERTEX
  8
0
 10
1071.091047
 20
148.357712
 42
-0.045810
  0
VERTEX
  8
0
 10
1071.821921
 20
148.711429
 42
-0.171897
  0
VERTEX
  8
0
 10
1072.323805
 20
148.720823
 42
0.235655
  0
VERTEX
  8
0
 10
1072.904990
 20
148.803385
 42
0.018505
  0
VERTEX
  8
0
 10
1074.195297
 20
149.766053
 42
0.022081
  0
VERTEX
  8
0
 10
1075.707277
 20
151.097910
 42
0.014947
  0
VERTEX
  8
0
 10
1077.313731
 20
152.739423
 42
-0.019182
  0
VERTEX
  8
0
 10
1078.937163
 20
154.370425
 42
-0.027688
  0
VERTEX
  8
0
 10
1080.501119
 20
155.671771
 42
-0.026606
  0
VERTEX
  8
0
 10
1081.841591
 20
156.560464
 42
-0.228520
  0
VERTEX
  8
0
 10
1082.538393
 20
156.618373
 42
0.260784
  0
VERTEX
  8
0
 10
1084.018075
 20
156.832626
 42
0.042939
  0
VERTEX
  8
0
 10
1086.231053
 20
158.852577
 42
0.043088
  0
VERTEX
  8
0
 10
1088.079826
 20
161.239521
 42
0.234942
  0
VERTEX
  8
0
 10
1088.256158
 20
162.816068
 42
-0.153636
  0
VERTEX
  8
0
 10
1088.231113
 20
163.369266
 42
-0.114645
  0
VERTEX
  8
0
 10
1088.519170
 20
163.912010
 42
-0.089969
  0
VERTEX
  8
0
 10
1089.094189
 20
164.372372
 42
-0.060041
  0
VERTEX
  8
0
 10
1089.880918
 20
164.682700
 42
0.054852
  0
VERTEX
  8
0
 10
1090.686095
 20
164.990719
 42
0.062330
  0
VERTEX
  8
0
 10
1091.367825
 20
165.456579
 42
0.071804
  0
VERTEX
  8
0
 10
1091.830321
 20
166.001820
 42
0.140950
  0
VERTEX
  8
0
 10
1091.986274
 20
166.544051
 42
-0.122768
  0
VERTEX
  8
0
 10
1092.142901
 20
167.172333
 42
-0.037320
  0
VERTEX
  8
0
 10
1092.670696
 20
168.008162
 42
-0.034872
  0
VERTEX
  8
0
 10
1093.424546
 20
168.889565
 42
-0.031763
  0
VERTEX
  8
0
 10
1094.316221
 20
169.687577
 42
0.038774
  0
VERTEX
  8
0
 10
1095.177437
 20
170.480324
 42
0.047889
  0
VERTEX
  8
0
 10
1095.840397
 20
171.345997
 42
0.055340
  0
VERTEX
  8
0
 10
1096.228539
 20
172.155115
 42
0.166120
  0
VERTEX
  8
0
 10
1096.233063
 20
172.759631
 42
-0.126311
  0
VERTEX
  8
0
 10
1096.196419
 20
173.278848
 42
-0.095843
  0
VERTEX
  8
0
 10
1096.404673
 20
173.812709
 42
-0.085559
  0
VERTEX
  8
0
 10
1096.825764
 20
174.279719
 42
-0.075128
  0
VERTEX
  8
0
 10
1097.397372
 20
174.604259
 42
0.055723
  0
VERTEX
  8
0
 10
1097.963141
 20
174.897179
 42
0.086225
  0
VERTEX
  8
0
 10
1098.360608
 20
175.275780
 42
0.117275
  0
VERTEX
  8
0
 10
1098.531924
 20
175.676286
 42
0.183077
  0
VERTEX
  8
0
 10
1098.461382
 20
176.040276
 42
-0.197325
  0
VERTEX
  8
0
 10
1098.374469
 20
176.565704
 42
-0.025563
  0
VERTEX
  8
0
 10
1098.691914
 20
177.682972
 42
-0.026652
  0
VERTEX
  8
0
 10
1099.231239
 20
179.028423
 42
-0.019309
  0
VERTEX
  8
0
 10
1099.967125
 20
180.465908
 42
0.019599
  0
VERTEX
  8
0
 10
1100.739989
 20
181.977784
 42
0.019525
  0
VERTEX
  8
0
 10
1101.393149
 20
183.547421
 42
0.019799
  0
VERTEX
  8
0
 10
1101.854614
 20
184.960307
 42
0.069134
  0
VERTEX
  8
0
 10
1101.986274
 20
185.907972
 42
-0.064487
  0
VERTEX
  8
0
 10
1102.088880
 20
186.700218
 42
-0.044364
  0
VERTEX
  8
0
 10
1102.396574
 20
187.553032
 42
-0.044483
  0
VERTEX
  8
0
 10
1102.848300
 20
188.335010
 42
-0.066429
  0
VERTEX
  8
0
 10
1103.383039
 20
188.914323
 42
0.088877
  0
VERTEX
  8
0
 10
1103.879353
 20
189.502630
 42
0.061533
  0
VERTEX
  8
0
 10
1104.219628
 20
190.306147
 42
0.060008
  0
VERTEX
  8
0
 10
1104.360618
 20
191.192193
 42
0.073558
  0
VERTEX
  8
0
 10
1104.269585
 20
192.024616
 42
-0.066782
  0
VERTEX
  8
0
 10
1104.165105
 20
192.873859
 42
-0.095928
  0
VERTEX
  8
0
 10
1104.316920
 20
193.614333
 42
-0.105880
  0
VERTEX
  8
0
 10
1104.716804
 20
194.193276
 42
-0.097544
  0
VERTEX
  8
0
 10
1105.329729
 20
194.578302
 42
0.108395
  0
VERTEX
  8
0
 10
1106.016637
 20
195.030658
 42
0.125106
  0
VERTEX
  8
0
 10
1106.407772
 20
195.708161
 42
0.086845
  0
VERTEX
  8
0
 10
1106.507826
 20
196.691483
 42
0.031396
  0
VERTEX
  8
0
 10
1106.318679
 20
198.087972
 42
-0.043063
  0
VERTEX
  8
0
 10
1106.173130
 20
199.390008
 42
-0.048363
  0
VERTEX
  8
0
 10
1106.263021
 20
200.646851
 42
-0.052699
  0
VERTEX
  8
0
 10
1106.574338
 20
201.757231
 42
-0.078680
  0
VERTEX
  8
0
 10
1107.087971
 20
202.622537
 42
0.077112
  0
VERTEX
  8
0
 10
1107.584380
 20
203.452924
 42
0.039051
  0
VERTEX
  8
0
 10
1107.953248
 20
204.617181
 42
0.037606
  0
VERTEX
  8
0
 10
1108.152799
 20
205.906254
 42
0.045761
  0
VERTEX
  8
0
 10
1108.136860
 20
207.127387
 42
-0.038916
  0
VERTEX
  8
0
 10
1108.102364
 20
208.418135
 42
-0.074775
  0
VERTEX
  8
0
 10
1108.307906
 20
209.430305
 42
-0.097387
  0
VERTEX
  8
0
 10
1108.747610
 20
210.157595
 42
-0.117143
  0
VERTEX
  8
0
 10
1109.405674
 20
210.607445
 42
0.123796
  0
VERTEX
  8
0
 10
1110.127638
 20
211.114994
 42
0.126567
  0
VERTEX
  8
0
 10
1110.516329
 20
211.899678
 42
0.072863
  0
VERTEX
  8
0
 10
1110.593416
 20
213.128433
 42
0.018939
  0
VERTEX
  8
0
 10
1110.354347
 20
215.099657
 42
-0.026749
  0
VERTEX
  8
0
 10
1110.163362
 20
216.910516
 42
-0.045854
  0
VERTEX
  8
0
 10
1110.224121
 20
218.426734
 42
-0.056131
  0
VERTEX
  8
0
 10
1110.531254
 20
219.661236
 42
-0.084384
  0
VERTEX
  8
0
 10
1111.085533
 20
220.619600
 42
0.073446
  0
VERTEX
  8
0
 10
1111.583851
 20
221.439545
 42
0.039423
  0
VERTEX
  8
0
 10
1111.957848
 20
222.565632
 42
0.038219
  0
VERTEX
  8
0
 10
1112.163889
 20
223.799559
 42
0.048429
  0
VERTEX
  8
0
 10
1112.154959
 20
224.954840
 42
-0.053183
  0
VERTEX
  8
0
 10
1112.156942
 20
226.085084
 42
-0.047774
  0
VERTEX
  8
0
 10
1112.393750
 20
227.232669
 42
-0.050645
  0
VERTEX
  8
0
 10
1112.815977
 20
228.230842
 42
-0.094452
  0
VERTEX
  8
0
 10
1113.372656
 20
228.905705
 42
0.106572
  0
VERTEX
  8
0
 10
1114.052731
 20
229.771681
 42
0.076338
  0
VERTEX
  8
0
 10
1114.418905
 20
230.951205
 42
0.050023
  0
VERTEX
  8
0
 10
1114.500056
 20
232.617345
 42
0.016649
  0
VERTEX
  8
0
 10
1114.293380
 20
235.054777
 42
-0.013419
  0
VERTEX
  8
0
 10
1114.059681
 20
237.614414
 42
-0.061549
  0
VERTEX
  8
0
 10
1114.147059
 20
239.100503
 42
-0.119296
  0
VERTEX
  8
0
 10
1114.550633
 20
240.006303
 42
-0.137807
  0
VERTEX
  8
0
 10
1115.306392
 20
240.569346
 42
0.105489
  0
VERTEX
  8
0
 10
1116.007914
 20
241.025568
 42
0.126635
  0
VERTEX
  8
0
 10
1116.406200
 20
241.702136
 42
0.088233
  0
VERTEX
  8
0
 10
1116.508829
 20
242.684277
 42
0.031386
  0
VERTEX
  8
0
 10
1116.318679
 20
244.087972
 42
-0.043129
  0
VERTEX
  8
0
 10
1116.172835
 20
245.394232
 42
-0.048791
  0
VERTEX
  8
0
 10
1116.264206
 20
246.651951
 42
-0.053150
  0
VERTEX
  8
0
 10
1116.579446
 20
247.764014
 42
-0.077730
  0
VERTEX
  8
0
 10
1117.099595
 20
248.636544
 42
0.069551
  0
VERTEX
  8
0
 10
1117.598261
 20
249.442913
 42
0.041275
  0
VERTEX
  8
0
 10
1117.967757
 20
250.513047
 42
0.040481
  0
VERTEX
  8
0
 10
1118.164239
 20
251.664286
 42
0.054660
  0
VERTEX
  8
0
 10
1118.141982
 20
252.719546
 42
-0.116593
  0
VERTEX
  8
0
 10
1118.358274
 20
254.836097
 42
-0.084035
  0
VERTEX
  8
0
 10
1119.504115
 20
256.925330
 42
-0.086801
  0
VERTEX
  8
0
 10
1121.229222
 20
258.463886
 42
-0.139681
  0
VERTEX
  8
0
 10
1123.110845
 20
259.000000
 42
0.069458
  0
VERTEX
  8
0
 10
1124.043381
 20
259.130172
 42
0.019705
  0
VERTEX
  8
0
 10
1125.438398
 20
259.587500
 42
0.019447
  0
VERTEX
  8
0
 10
1126.989841
 20
260.234465
 42
0.019449
  0
VERTEX
  8
0
 10
1128.486274
 20
261.000000
 42
-0.015633
  0
VERTEX
  8
0
 10
1129.955094
 20
261.765605
 42
-0.017183
  0
VERTEX
  8
0
 10
1131.423867
 20
262.412500
 42
-0.016822
  0
VERTEX
  8
0
 10
1132.710045
 20
262.877429
 42
-0.078467
  0
VERTEX
  8
0
 10
1133.486274
 20
263.000000
 42
0.079163
  0
VERTEX
  8
0
 10
1134.265510
 20
263.124151
 42
0.016581
  0
VERTEX
  8
0
 10
1135.567973
 20
263.598336
 42
0.017001
  0
VERTEX
  8
0
 10
1137.057989
 20
264.257154
 42
0.015363
  0
VERTEX
  8
0
 10
1138.551951
 20
265.036889
 42
-0.030372
  0
VERTEX
  8
0
 10
1140.108245
 20
265.790646
 42
-0.034222
  0
VERTEX
  8
0
 10
1141.684408
 20
266.316276
 42
-0.037228
  0
VERTEX
  8
0
 10
1143.089127
 20
266.570513
 42
-0.103356
  0
VERTEX
  8
0
 10
1144.082367
 20
266.469501
 42
0.047566
  0
VERTEX
  8
0
 10
1144.811693
 20
266.312319
 42
0.083298
  0
VERTEX
  8
0
 10
1145.427001
 20
266.342494
 42
0.126511
  0
VERTEX
  8
0
 10
1145.832482
 20
266.546885
 42
0.216336
  0
VERTEX
  8
0
 10
1145.986274
 20
266.885695
 42
-0.262766
  0
VERTEX
  8
0
 10
1146.601886
 20
267.976219
 42
-0.022686
  0
VERTEX
  8
0
 10
1149.515978
 20
269.559133
 42
-0.022190
  0
VERTEX
  8
0
 10
1152.554511
 20
270.872068
 42
-0.295391
  0
VERTEX
  8
0
 10
1153.690879
 20
270.628728
 42
0.230935
  0
VERTEX
  8
0
 10
1154.061382
 20
270.501205
 42
0.066351
  0
VERTEX
  8
0
 10
1154.664960
 20
270.658499
 42
0.052008
  0
VERTEX
  8
0
 10
1155.384619
 20
271.043616
 42
0.035085
  0
VERTEX
  8
0
 10
1156.117877
 20
271.619099
 42
-0.054377
  0
VERTEX
  8
0
 10
1156.915805
 20
272.197121
 42
-0.052870
  0
VERTEX
  8
0
 10
1157.826982
 20
272.595998
 42
-0.057424
  0
VERTEX
  8
0
 10
1158.709675
 20
272.767832
 42
-0.111446
  0
VERTEX
  8
0
 10
1159.417004
 20
272.664955
 42
0.060733
  0
VERTEX
  8
0
 10
1160.033686
 20
272.510711
 42
0.069087
  0
VERTEX
  8
0
 10
1160.642188
 20
272.519339
 42
0.079511
  0
VERTEX
  8
0
 10
1161.150136
 20
272.682509
 42
0.137790
  0
VERTEX
  8
0
 10
1161.474129
 20
272.980350
 42
-0.126461
  0
VERTEX
  8
0
 10
1162.791873
 20
274.247010
 42
-0.031561
  0
VERTEX
  8
0
 10
1165.502164
 20
275.559392
 42
-0.030875
  0
VERTEX
  8
0
 10
1168.337410
 20
276.518240
 42
-0.143910
  0
VERTEX
  8
0
 10
1170.044305
 20
276.481582
 42
0.081133
  0
VERTEX
  8
0
 10
1170.763452
 20
276.376259
 42
0.096676
  0
VERTEX
  8
0
 10
1171.432974
 20
276.518433
 42
0.101714
  0
VERTEX
  8
0
 10
1171.974807
 20
276.892894
 42
0.099560
  0
VERTEX
  8
0
 10
1172.329995
 20
277.453340
 42
-0.093533
  0
VERTEX
  8
0
 10
1172.660601
 20
277.989043
 42
-0.096480
  0
VERTEX
  8
0
 10
1173.160550
 20
278.360484
 42
-0.099129
  0
VERTEX
  8
0
 10
1173.751479
 20
278.510745
 42
-0.104831
  0
VERTEX
  8
0
 10
1174.342148
 20
278.416932
 42
0.311037
  0
VERTEX
  8
0
 10
1175.851680
 20
278.781057
 42
0.073236
  0
VERTEX
  8
0
 10
1177.364018
 20
281.065447
 42
0.063061
  0
VERTEX
  8
0
 10
1178.360791
 20
284.149333
 42
0.096311
  0
VERTEX
  8
0
 10
1178.345750
 20
286.952618
 42
-0.038599
  0
VERTEX
  8
0
 10
1178.208516
 20
288.088487
 42
-0.049224
  0
VERTEX
  8
0
 10
1178.266782
 20
289.141198
 42
-0.057649
  0
VERTEX
  8
0
 10
1178.497080
 20
289.977125
 42
-0.159641
  0
VERTEX
  8
0
 10
1178.885530
 20
290.437737
 42
0.173059
  0
VERTEX
  8
0
 10
1179.312701
 20
290.971966
 42
0.030337
  0
VERTEX
  8
0
 10
1179.662930
 20
292.231955
 42
0.029775
  0
VERTEX
  8
0
 10
1179.905684
 20
293.828112
 42
0.022853
  0
VERTEX
  8
0
 10
1179.986274
 20
295.590402
 42
-0.021663
  0
VERTEX
  8
0
 10
1180.072235
 20
297.573489
 42
-0.047358
  0
VERTEX
  8
0
 10
1180.346166
 20
299.067958
 42
-0.066835
  0
VERTEX
  8
0
 10
1180.790295
 20
300.091487
 42
-0.166904
  0
VERTEX
  8
0
 10
1181.407008
 20
300.607957
 42
0.159865
  0
VERTEX
  8
0
 10
1182.038554
 20
301.122282
 42
0.096489
  0
VERTEX
  8
0
 10
1182.398081
 20
302.027906
 42
0.056487
  0
VERTEX
  8
0
 10
1182.501110
 20
303.443055
 42
0.017338
  0
VERTEX
  8
0
 10
1182.340670
 20
305.582500
 42
-0.016462
  0
VERTEX
  8
0
 10
1182.167024
 20
307.844860
 42
-0.066090
  0
VERTEX
  8
0
 10
1182.289116
 20
309.223897
 42
-0.118389
  0
VERTEX
  8
0
 10
1182.712863
 20
310.087907
 42
-0.128891
  0
VERTEX
  8
0
 10
1183.471543
 20
310.632721
 42
0.100631
  0
VERTEX
  8
0
 10
1184.194821
 20
311.093258
 42
0.134130
  0
VERTEX
  8
0
 10
1184.591176
 20
311.759687
 42
0.091933
  0
VERTEX
  8
0
 10
1184.675688
 20
312.733960
 42
0.029854
  0
VERTEX
  8
0
 10
1184.449429
 20
314.167752
 42
-0.040864
  0
VERTEX
  8
0
 10
1184.272007
 20
315.478694
 42
-0.049522
  0
VERTEX
  8
0
 10
1184.329186
 20
316.717532
 42
-0.055021
  0
VERTEX
  8
0
 10
1184.611071
 20
317.798829
 42
-0.082128
  0
VERTEX
  8
0
 10
1185.102968
 20
318.640608
 42
0.094352
  0
VERTEX
  8
0
 10
1185.581572
 20
319.507237
 42
0.033318
  0
VERTEX
  8
0
 10
1185.933804
 20
320.887743
 42
0.031661
  0
VERTEX
  8
0
 10
1186.127249
 20
322.493310
 42
0.032182
  0
VERTEX
  8
0
 10
1186.114807
 20
324.101634
 42
-0.023581
  0
VERTEX
  8
0
 10
1186.070116
 20
325.894343
 42
-0.058445
  0
VERTEX
  8
0
 10
1186.251829
 20
327.193340
 42
-0.087905
  0
VERTEX
  8
0
 10
1186.654080
 20
328.067885
 42
-0.150606
  0
VERTEX
  8
0
 10
1187.280358
 20
328.559356
 42
0.155015
  0
VERTEX
  8
0
 10
1187.929137
 20
329.077580
 42
0.100591
  0
VERTEX
  8
0
 10
1188.295937
 20
329.973182
 42
0.058063
  0
VERTEX
  8
0
 10
1188.397720
 20
331.380185
 42
0.017117
  0
VERTEX
  8
0
 10
1188.228919
 20
333.539617
 42
-0.016466
  0
VERTEX
  8
0
 10
1188.049980
 20
335.791061
 42
-0.065304
  0
VERTEX
  8
0
 10
1188.166215
 20
337.170869
 42
-0.117056
  0
VERTEX
  8
0
 10
1188.581404
 20
338.035852
 42
-0.131709
  0
VERTEX
  8
0
 10
1189.326116
 20
338.576915
 42
0.128882
  0
VERTEX
  8
0
 10
1190.074508
 20
339.114322
 42
0.124439
  0
VERTEX
  8
0
 10
1190.475269
 20
339.956648
 42
0.067492
  0
VERTEX
  8
0
 10
1190.558862
 20
341.309795
 42
0.015785
  0
VERTEX
  8
0
 10
1190.320949
 20
343.574932
 42
-0.015589
  0
VERTEX
  8
0
 10
1190.078687
 20
345.872806
 42
-0.070386
  0
VERTEX
  8
0
 10
1190.168353
 20
347.215641
 42
-0.130181
  0
VERTEX
  8
0
 10
1190.587946
 20
348.049662
 42
-0.120417
  0
VERTEX
  8
0
 10
1191.376602
 20
348.596288
 42
0.102755
  0
VERTEX
  8
0
 10
1192.136563
 20
349.084687
 42
0.134591
  0
VERTEX
  8
0
 10
1192.550074
 20
349.794939
 42
0.086631
  0
VERTEX
  8
0
 10
1192.643066
 20
350.863254
 42
0.024866
  0
VERTEX
  8
0
 10
1192.417540
 20
352.514692
 42
-0.027576
  0
VERTEX
  8
0
 10
1192.199987
 20
354.174771
 42
-0.083587
  0
VERTEX
  8
0
 10
1192.303872
 20
355.305504
 42
-0.116310
  0
VERTEX
  8
0
 10
1192.739719
 20
356.122671
 42
-0.084961
  0
VERTEX
  8
0
 10
1193.542700
 20
356.771640
 42
0.095263
  0
VERTEX
  8
0
 10
1194.366277
 20
357.465551
 42
0.112309
  0
VERTEX
  8
0
 10
1194.815183
 20
358.378470
 42
0.071830
  0
VERTEX
  8
0
 10
1194.935359
 20
359.711453
 42
0.019961
  0
VERTEX
  8
0
 10
1194.739127
 20
361.805949
 42
-0.019308
  0
VERTEX
  8
0
 10
1194.554549
 20
363.748779
 42
-0.059889
  0
VERTEX
  8
0
 10
1194.637995
 20
365.060555
 42
-0.100197
  0
VERTEX
  8
0
 10
1194.980598
 20
365.911176
 42
-0.156707
  0
VERTEX
  8
0
 10
1195.590420
 20
366.401591
 42
0.150974
  0
VERTEX
  8
0
 10
1196.126915
 20
366.823229
 42
0.058070
  0
VERTEX
  8
0
 10
1196.576982
 20
367.669031
 42
0.050539
  0
VERTEX
  8
0
 10
1196.883293
 20
368.767221
 42
0.042780
  0
VERTEX
  8
0
 10
1196.986274
 20
369.968615
 42
0.030250
  0
VERTEX
  8
0
 10
1196.895200
 20
371.472577
 42
0.112612
  0
VERTEX
  8
0
 10
1196.576200
 20
372.359555
 42
0.164527
  0
VERTEX
  8
0
 10
1195.982715
 20
372.834734
 42
0.087475
  0
VERTEX
  8
0
 10
1195.045291
 20
373.000000
 42
0.046881
  0
VERTEX
  8
0
 10
1194.256978
 20
372.925923
 42
0.046318
  0
VERTEX
  8
0
 10
1193.492924
 20
372.706250
 42
0.050262
  0
VERTEX
  8
0
 10
1192.862297
 20
372.383556
 42
0.111412
  0
VERTEX
  8
0
 10
1192.486274
 20
372.000000
 42
-0.157098
  0
VERTEX
  8
0
 10
1192.032616
 20
371.613547
 42
-0.036539
  0
VERTEX
  8
0
 10
1191.070426
 20
371.293750
 42
-0.034212
  0
VERTEX
  8
0
 10
1189.855915
 20
371.073454
 42
-0.027767
  0
VERTEX
  8
0
 10
1188.534246
 20
371.000000
 42
0.035173
  0
VERTEX
  8
0
 10
1187.091197
 20
370.898360
 42
0.059479
  0
VERTEX
  8
0
 10
1185.921141
 20
370.587784
 42
0.076116
  0
VERTEX
  8
0
 10
1185.075926
 20
370.092317
 42
0.131306
  0
VERTEX
  8
0
 10
1184.600325
 20
369.436618
 42
-0.079172
  0
VERTEX
  8
0
 10
1184.282379
 20
368.886965
 42
-0.110301
  0
VERTEX
  8
0
 10
1183.837956
 20
368.535849
 42
-0.126483
  0
VERTEX
  8
0
 10
1183.333696
 20
368.435047
 42
-0.125464
  0
VERTEX
  8
0
 10
1182.841633
 20
368.589393
 42
0.153568
  0
VERTEX
  8
0
 10
1182.299966
 20
368.727022
 42
0.088640
  0
VERTEX
  8
0
 10
1181.639584
 20
368.570479
 42
0.073688
  0
VERTEX
  8
0
 10
1180.962478
 20
368.149092
 42
0.058976
  0
VERTEX
  8
0
 10
1180.376756
 20
367.519338
 42
-0.070782
  0
VERTEX
  8
0
 10
1179.597776
 20
366.720321
 42
-0.096033
  0
VERTEX
  8
0
 10
1178.699388
 20
366.269285
 42
-0.080818
  0
VERTEX
  8
0
 10
1177.579722
 20
366.142763
 42
-0.037175
  0
VERTEX
  8
0
 10
1176.118913
 20
366.323472
 42
0.030396
  0
VERTEX
  8
0
 10
1174.696714
 20
366.518993
 42
0.086001
  0
VERTEX
  8
0
 10
1173.702684
 20
366.423542
 42
0.125590
  0
VERTEX
  8
0
 10
1173.021233
 20
366.035914
 42
0.109771
  0
VERTEX
  8
0
 10
1172.567409
 20
365.350840
 42
-0.100177
  0
VERTEX
  8
0
 10
1172.149660
 20
364.693456
 42
-0.123814
  0
VERTEX
  8
0
 10
1171.536152
 20
364.309979
 42
-0.096604
  0
VERTEX
  8
0
 10
1170.690996
 20
364.208368
 42
-0.043264
  0
VERTEX
  8
0
 10
1169.581214
 20
364.386815
 42
0.043410
  0
VERTEX
  8
0
 10
1168.463274
 20
364.566240
 42
0.098851
  0
VERTEX
  8
0
 10
1167.618584
 20
364.460367
 42
0.125507
  0
VERTEX
  8
0
 10
1167.005069
 20
364.065860
 42
0.096100
  0
VERTEX
  8
0
 10
1166.581214
 20
363.386815
 42
-0.096100
  0
VERTEX
  8
0
 10
1166.157360
 20
362.707771
 42
-0.125507
  0
VERTEX
  8
0
 10
1165.543845
 20
362.313264
 42
-0.098851
  0
VERTEX
  8
0
 10
1164.699155
 20
362.207391
 42
-0.043410
  0
VERTEX
  8
0
 10
1163.581214
 20
362.386815
 42
0.043442
  0
VERTEX
  8
0
 10
1162.461641
 20
362.566429
 42
0.099306
  0
VERTEX
  8
0
 10
1161.617037
 20
362.459685
 42
0.125831
  0
VERTEX
  8
0
 10
1161.003495
 20
362.062930
 42
0.095291
  0
VERTEX
  8
0
 10
1160.578381
 20
361.379431
 42
-0.093794
  0
VERTEX
  8
0
 10
1160.187266
 20
360.746417
 42
-0.107109
  0
VERTEX
  8
0
 10
1159.607500
 20
360.335222
 42
-0.098029
  0
VERTEX
  8
0
 10
1158.866483
 20
360.178779
 42
-0.067203
  0
VERTEX
  8
0
 10
1158.010890
 20
360.283312
 42
0.076898
  0
VERTEX
  8
0
 10
1157.174175
 20
360.369194
 42
0.060546
  0
VERTEX
  8
0
 10
1156.275471
 20
360.212932
 42
0.061374
  0
VERTEX
  8
0
 10
1155.453396
 20
359.850054
 42
0.085151
  0
VERTEX
  8
0
 10
1154.842898
 20
359.327243
 42
-0.078549
  0
VERTEX
  8
0
 10
1154.244767
 20
358.801268
 42
-0.060767
  0
VERTEX
  8
0
 10
1153.459672
 20
358.428649
 42
-0.061255
  0
VERTEX
  8
0
 10
1152.615334
 20
358.258026
 42
-0.083396
  0
VERTEX
  8
0
 10
1151.842898
 20
358.327243
 42
0.083131
  0
VERTEX
  8
0
 10
1151.070783
 20
358.396842
 42
0.061234
  0
VERTEX
  8
0
 10
1150.227400
 20
358.227375
 42
0.060799
  0
VERTEX
  8
0
 10
1149.443709
 20
357.856454
 42
0.078804
  0
VERTEX
  8
0
 10
1148.847244
 20
357.332480
 42
-0.086483
  0
VERTEX
  8
0
 10
1148.201519
 20
356.782453
 42
-0.068988
  0
VERTEX
  8
0
 10
1147.356016
 20
356.429713
 42
-0.064960
  0
VERTEX
  8
0
 10
1146.395776
 20
356.306374
 42
-0.061054
  0
VERTEX
  8
0
 10
1145.414735
 20
356.428599
 42
0.051153
  0
VERTEX
  8
0
 10
1144.400467
 20
356.575349
 42
0.098986
  0
VERTEX
  8
0
 10
1143.594060
 20
356.448636
 42
0.118423
  0
VERTEX
  8
0
 10
1142.992196
 20
356.046581
 42
0.095212
  0
VERTEX
  8
0
 10
1142.579971
 20
355.383575
 42
-0.110434
  0
VERTEX
  8
0
 10
1142.095591
 20
354.654453
 42
-0.132265
  0
VERTEX
  8
0
 10
1141.375057
 20
354.259483
 42
-0.082598
  0
VERTEX
  8
0
 10
1140.282169
 20
354.178895
 42
-0.023562
  0
VERTEX
  8
0
 10
1138.591737
 20
354.414237
 42
0.023501
  0
VERTEX
  8
0
 10
1136.888569
 20
354.651562
 42
0.084530
  0
VERTEX
  8
0
 10
1135.798658
 20
354.567252
 42
0.134778
  0
VERTEX
  8
0
 10
1135.080195
 20
354.161781
 42
0.106057
  0
VERTEX
  8
0
 10
1134.590147
 20
353.410093
 42
-0.090761
  0
VERTEX
  8
0
 10
1134.193817
 20
352.759924
 42
-0.108033
  0
VERTEX
  8
0
 10
1133.613213
 20
352.339165
 42
-0.099769
  0
VERTEX
  8
0
 10
1132.871694
 20
352.178791
 42
-0.067576
  0
VERTEX
  8
0
 10
1132.010890
 20
352.283312
 42
0.076648
  0
VERTEX
  8
0
 10
1131.174498
 20
352.369581
 42
0.060510
  0
VERTEX
  8
0
 10
1130.276748
 20
352.214470
 42
0.061390
  0
VERTEX
  8
0
 10
1129.456072
 20
351.853294
 42
0.085422
  0
VERTEX
  8
0
 10
1128.847244
 20
351.332480
 42
-0.086483
  0
VERTEX
  8
0
 10
1128.201519
 20
350.782453
 42
-0.068988
  0
VERTEX
  8
0
 10
1127.356016
 20
350.429713
 42
-0.064960
  0
VERTEX
  8
0
 10
1126.395776
 20
350.306374
 42
-0.061054
  0
VERTEX
  8
0
 10
1125.414735
 20
350.428599
 42
0.051180
  0
VERTEX
  8
0
 10
1124.399629
 20
350.575414
 42
0.099238
  0
VERTEX
  8
0
 10
1123.593223
 20
350.448200
 42
0.118587
  0
VERTEX
  8
0
 10
1122.991312
 20
350.044871
 42
0.094771
  0
VERTEX
  8
0
 10
1122.578381
 20
349.379431
 42
-0.093794
  0
VERTEX
  8
0
 10
1122.187266
 20
348.746417
 42
-0.107109
  0
VERTEX
  8
0
 10
1121.607500
 20
348.335222
 42
-0.098029
  0
VERTEX
  8
0
 10
1120.866483
 20
348.178779
 42
-0.067203
  0
VERTEX
  8
0
 10
1120.010890
 20
348.283312
 42
0.073558
  0
VERTEX
  8
0
 10
1119.178467
 20
348.374344
 42
0.060008
  0
VERTEX
  8
0
 10
1118.292420
 20
348.233354
 42
0.061533
  0
VERTEX
  8
0
 10
1117.488904
 20
347.893079
 42
0.088877
  0
VERTEX
  8
0
 10
1116.900597
 20
347.396765
 42
-0.079997
  0
VERTEX
  8
0
 10
1116.288373
 20
346.861515
 42
-0.044242
  0
VERTEX
  8
0
 10
1115.400832
 20
346.410300
 42
-0.042695
  0
VERTEX
  8
0
 10
1114.395629
 20
346.103126
 42
-0.052858
  0
VERTEX
  8
0
 10
1113.422846
 20
346.000000
 42
0.039551
  0
VERTEX
  8
0
 10
1112.490042
 20
345.926099
 42
0.042550
  0
VERTEX
  8
0
 10
1111.603831
 20
345.706250
 42
0.046682
  0
VERTEX
  8
0
 10
1110.885726
 20
345.384260
 42
0.126268
  0
VERTEX
  8
0
 10
1110.486274
 20
345.000000
 42
-0.130646
  0
VERTEX
  8
0
 10
1110.079610
 20
344.615492
 42
-0.045439
  0
VERTEX
  8
0
 10
1109.332748
 20
344.293750
 42
-0.041396
  0
VERTEX
  8
0
 10
1108.406933
 20
344.073842
 42
-0.037634
  0
VERTEX
  8
0
 10
1107.427257
 20
344.000000
 42
0.039081
  0
VERTEX
  8
0
 10
1106.492554
 20
343.926830
 42
0.058208
  0
VERTEX
  8
0
 10
1105.703312
 20
343.706250
 42
0.076538
  0
VERTEX
  8
0
 10
1105.165650
 20
343.382793
 42
0.222681
  0
VERTEX
  8
0
 10
1104.986274
 20
343.000000
 42
-0.284252
  0
VERTEX
  8
0
 10
1104.511986
 20
342.233136
 42
-0.235718
  0
VERTEX
  8
0
 10
1103.535470
 20
342.233116
 42
-0.074672
  0
VERTEX
  8
0
 10
1101.887480
 20
343.389920
 42
-0.022295
  0
VERTEX
  8
0
 10
1099.754140
 20
345.611605
 42
-0.020226
  0
VERTEX
  8
0
 10
1097.296380
 20
348.650359
 42
-0.032072
  0
VERTEX
  8
0
 10
1095.475030
 20
351.457698
 42
-0.034445
  0
VERTEX
  8
0
 10
1094.375651
 20
353.777653
 42
-0.236055
  0
VERTEX
  8
0
 10
1094.485837
 20
354.999293
 42
0.182115
  0
VERTEX
  8
0
 10
1094.553642
 20
355.345704
 42
0.117530
  0
VERTEX
  8
0
 10
1094.392220
 20
355.726470
 42
0.086586
  0
VERTEX
  8
0
 10
1094.016255
 20
356.086028
 42
0.056045
  0
VERTEX
  8
0
 10
1093.480530
 20
356.363830
 42
-0.073618
  0
VERTEX
  8
0
 10
1092.909292
 20
356.685896
 42
-0.064227
  0
VERTEX
  8
0
 10
1092.425212
 20
357.173111
 42
-0.066865
  0
VERTEX
  8
0
 10
1092.097726
 20
357.744597
 42
-0.097010
  0
VERTEX
  8
0
 10
1091.986274
 20
358.313628
 42
0.103819
  0
VERTEX
  8
0
 10
1091.849046
 20
358.967403
 42
0.036698
  0
VERTEX
  8
0
 10
1091.398774
 20
359.817388
 42
0.034530
  0
VERTEX
  8
0
 10
1090.751618
 20
360.705816
 42
0.034176
  0
VERTEX
  8
0
 10
1089.986274
 20
361.500000
 42
-0.030542
  0
VERTEX
  8
0
 10
1089.220866
 20
362.282795
 42
-0.032529
  0
VERTEX
  8
0
 10
1088.573774
 20
363.137424
 42
-0.034438
  0
VERTEX
  8
0
 10
1088.120446
 20
363.939965
 42
-0.111796
  0
VERTEX
  8
0
 10
1087.986274
 20
364.532543
 42
0.093650
  0
VERTEX
  8
0
 10
1087.881130
 20
365.088984
 42
0.042435
  0
VERTEX
  8
0
 10
1087.551744
 20
365.756609
 42
0.040037
  0
VERTEX
  8
0
 10
1087.073018
 20
366.422690
 42
0.043743
  0
VERTEX
  8
0
 10
1086.507023
 20
366.982780
 42
-0.074486
  0
VERTEX
  8
0
 10
1085.054737
 20
368.607640
 42
-0.029300
  0
VERTEX
  8
0
 10
1083.553665
 20
371.216630
 42
-0.023319
  0
VERTEX
  8
0
 10
1082.387023
 20
373.851100
 42
-0.235153
  0
VERTEX
  8
0
 10
1082.493739
 20
375.012079
 42
0.263931
  0
VERTEX
  8
0
 10
1082.508975
 20
375.418412
 42
0.054988
  0
VERTEX
  8
0
 10
1082.097611
 20
376.034821
 42
0.044425
  0
VERTEX
  8
0
 10
1081.397651
 20
376.732350
 42
0.028715
  0
VERTEX
  8
0
 10
1080.477688
 20
377.413669
 42
-0.034124
  0
VERTEX
  8
0
 10
1079.524246
 20
378.135867
 42
-0.038451
  0
VERTEX
  8
0
 10
1078.718127
 20
378.954903
 42
-0.041882
  0
VERTEX
  8
0
 10
1078.155559
 20
379.748149
 42
-0.134084
  0
VERTEX
  8
0
 10
1077.986274
 20
380.368065
 42
0.106529
  0
VERTEX
  8
0
 10
1077.850032
 20
381.000267
 42
0.035963
  0
VERTEX
  8
0
 10
1077.398774
 20
381.833379
 42
0.033860
  0
VERTEX
  8
0
 10
1076.751638
 20
382.709847
 42
0.032896
  0
VERTEX
  8
0
 10
1075.986274
 20
383.500000
 42
-0.033669
  0
VERTEX
  8
0
 10
1075.220922
 20
384.292585
 42
-0.034269
  0
VERTEX
  8
0
 10
1074.573774
 20
385.176267
 42
-0.036414
  0
VERTEX
  8
0
 10
1074.123122
 20
386.019549
 42
-0.104880
  0
VERTEX
  8
0
 10
1073.986274
 20
386.664775
 42
0.106571
  0
VERTEX
  8
0
 10
1073.848490
 20
387.303873
 42
0.038302
  0
VERTEX
  8
0
 10
1073.398774
 20
388.124636
 42
0.035886
  0
VERTEX
  8
0
 10
1072.751598
 20
388.976740
 42
0.035365
  0
VERTEX
  8
0
 10
1071.986274
 20
389.732028
 42
-0.028755
  0
VERTEX
  8
0
 10
1071.220811
 20
390.467753
 42
-0.032008
  0
VERTEX
  8
0
 10
1070.573774
 20
391.261832
 42
-0.033809
  0
VERTEX
  8
0
 10
1070.118178
 20
392.001388
 42
-0.121730
  0
VERTEX
  8
0
 10
1069.986274
 20
392.535150
 42
0.141869
  0
VERTEX
  8
0
 10
1069.816008
 20
393.123151
 42
0.021010
  0
VERTEX
  8
0
 10
1069.105024
 20
394.149725
 42
0.022267
  0
VERTEX
  8
0
 10
1068.134999
 20
395.319614
 42
0.017506
  0
VERTEX
  8
0
 10
1066.986274
 20
396.500000
 42
-0.019916
  0
VERTEX
  8
0
 10
1065.837704
 20
397.691663
 42
-0.024415
  0
VERTEX
  8
0
 10
1064.867524
 20
398.895486
 42
-0.024012
  0
VERTEX
  8
0
 10
1064.165202
 20
399.963956
 42
-0.134168
  0
VERTEX
  8
0
 10
1063.986274
 20
400.618761
 42
0.162111
  0
VERTEX
  8
0
 10
1063.748260
 20
401.333574
 42
0.013436
  0
VERTEX
  8
0
 10
1062.516126
 20
402.889681
 42
0.016851
  0
VERTEX
  8
0
 10
1060.898571
 20
404.696099
 42
0.012181
  0
VERTEX
  8
0
 10
1058.981516
 20
406.601845
 42
-0.012866
  0
VERTEX
  8
0
 10
1057.081556
 20
408.495775
 42
-0.018815
  0
VERTEX
  8
0
 10
1055.517879
 20
410.265612
 42
-0.014565
  0
VERTEX
  8
0
 10
1054.350894
 20
411.778983
 42
-0.215202
  0
VERTEX
  8
0
 10
1054.218370
 20
412.420175
 42
0.236847
  0
VERTEX
  8
0
 10
1053.830353
 20
413.972120
 42
0.019760
  0
VERTEX
  8
0
 10
1050.920490
 20
417.097933
 42
0.019192
  0
VERTEX
  8
0
 10
1047.775754
 20
419.988250
 42
0.262447
  0
VERTEX
  8
0
 10
1046.306115
 20
420.273280
 42
-0.208002
  0
VERTEX
  8
0
 10
1045.702885
 20
420.326749
 42
-0.043205
  0
VERTEX
  8
0
 10
1044.795209
 20
420.927831
 42
-0.038644
  0
VERTEX
  8
0
 10
1043.785236
 20
421.865939
 42
-0.028073
  0
VERTEX
  8
0
 10
1042.809721
 20
423.050576
 42
0.061985
  0
VERTEX
  8
0
 10
1040.284913
 20
425.725320
 42
0.089257
  0
VERTEX
  8
0
 10
1037.454232
 20
427.317516
 42
0.062120
  0
VERTEX
  8
0
 10
1033.516599
 20
428.157822
 42
0.016864
  0
VERTEX
  8
0
 10
1027.144175
 20
428.492330
 42
0.006341
  0
VERTEX
  8
0
 10
1022.106503
 20
428.522746
 42
0.052784
  0
VERTEX
  8
0
 10
1019.841148
 20
428.267694
 42
0.114357
  0
VERTEX
  8
0
 10
1018.447747
 20
427.602644
 42
0.079598
  0
SEQEND
  0
POLYLINE
  8
0
 66
1
 70
1
  0
VERTEX
  8
0
 10
1037.349960
 20
411.882494
 42
-0.049836
  0
VERTEX
  8
0
 10
1043.580970
 20
406.795997
 42
-0.020099
  0
VERTEX
  8
0
 10
1051.045777
 20
398.725025
 42
-0.018129
  0
VERTEX
  8
0
 10
1059.065530
 20
388.601342
 42
-0.013905
  0
VERTEX
  8
0
 10
1067.103160
 20
377.000000
 42
-0.000847
  0
VERTEX
  8
0
 10
1073.769494
 20
366.744370
 42
-0.004183
  0
VERTEX
  8
0
 10
1077.467669
 20
360.927778
 42
-0.007352
  0
VERTEX
  8
0
 10
1079.822297
 20
357.028516
 42
-0.016708
  0
VERTEX
  8
0
 10
1081.457724
 20
354.000000
 42
0.057204
  0
VERTEX
  8
0
 10
1083.988852
 20
350.102860
 42
0.021476
  0
VERTEX
  8
0
 10
1088.353382
 20
345.257526
 42
0.015619
  0
VERTEX
  8
0
 10
1092.942488
 20
340.866225
 42
0.185107
  0
VERTEX
  8
0
 10
1095.202114
 20
340.000000
 42
-0.069126
  0
VERTEX
  8
0
 10
1095.884030
 20
339.905271
 42
-0.085294
  0
VERTEX
  8
0
 10
1096.462177
 20
339.628671
 42
-0.099966
  0
VERTEX
  8
0
 10
1096.848743
 20
339.217950
 42
-0.139862
  0
VERTEX
  8
0
 10
1096.986274
 20
338.735900
 42
0.204169
  0
VERTEX
  8
0
 10
1097.242761
 20
338.133958
 42
0.033416
  0
VERTEX
  8
0
 10
1098.234711
 20
337.301186
 42
0.032152
  0
VERTEX
  8
0
 10
1099.608645
 20
336.425772
 42
0.023370
  0
VERTEX
  8
0
 10
1101.236274
 20
335.626888
 42
0.026974
  0
VERTEX
  8
0
 10
1104.027923
 20
334.590050
 42
0.079137
  0
VERTEX
  8
0
 10
1106.051852
 20
334.297115
 42
0.049139
  0
VERTEX
  8
0
 10
1108.548763
 20
334.578973
 42
0.005847
  0
VERTEX
  8
0
 10
1113.986274
 20
335.808047
 42
0.001623
  0
VERTEX
  8
0
 10
1122.205134
 20
337.795323
 42
0.005436
  0
VERTEX
  8
0
 10
1127.573876
 20
339.173960
 42
0.007665
  0
VERTEX
  8
0
 10
1131.254352
 20
340.222576
 42
0.029505
  0
VERTEX
  8
0
 10
1133.486274
 20
341.042050
 42
-0.022699
  0
VERTEX
  8
0
 10
1134.735333
 20
341.520033
 42
-0.002727
  0
VERTEX
  8
0
 10
1137.542524
 20
342.433631
 42
-0.003242
  0
VERTEX
  8
0
 10
1140.893700
 20
343.480195
 42
-0.002661
  0
VERTEX
  8
0
 10
1144.486274
 20
344.555767
 42
0.001652
  0
VERTEX
  8
0
 10
1148.478748
 20
345.742287
 42
0.001100
  0
VERTEX
  8
0
 10
1153.046650
 20
347.127220
 42
0.001107
  0
VERTEX
  8
0
 10
1157.472440
 20
348.490428
 42
0.002169
  0
VERTEX
  8
0
 10
1160.989683
 20
349.599073
 42
-0.027491
  0
VERTEX
  8
0
 10
1170.096525
 20
351.970217
 42
-0.133024
  0
VERTEX
  8
0
 10
1175.382149
 20
351.627498
 42
-0.242720
  0
VERTEX
  8
0
 10
1178.025333
 20
348.875997
 42
-0.102768
  0
VERTEX
  8
0
 10
1178.468758
 20
343.626827
 42
-0.019614
  0
VERTEX
  8
0
 10
1176.862948
 20
333.661388
 42
-0.004727
  0
VERTEX
  8
0
 10
1173.402044
 20
317.298814
 42
-0.003379
  0
VERTEX
  8
0
 10
1169.649282
 20
300.875971
 42
-0.043484
  0
VERTEX
  8
0
 10
1167.680442
 20
294.901240
 42
-0.075682
  0
VERTEX
  8
0
 10
1164.794124
 20
290.259539
 42
-0.073391
  0
VERTEX
  8
0
 10
1160.630376
 20
286.630503
 42
-0.041303
  0
VERTEX
  8
0
 10
1153.742502
 20
282.975931
 42
-0.008290
  0
VERTEX
  8
0
 10
1140.878644
 20
277.708122
 42
0.018439
  0
VERTEX
  8
0
 10
1124.296644
 20
270.521432
 42
0.074121
  0
VERTEX
  8
0
 10
1115.167148
 20
264.358208
 42
0.096775
  0
VERTEX
  8
0
 10
1109.502061
 20
256.686567
 42
0.044667
  0
VERTEX
  8
0
 10
1105.185189
 20
245.000000
 42
0.007626
  0
VERTEX
  8
0
 10
1104.324589
 20
241.619949
 42
0.004799
  0
VERTEX
  8
0
 10
1103.417488
 20
237.646875
 42
0.004817
  0
VERTEX
  8
0
 10
1102.600125
 20
233.720357
 42
0.008800
  0
VERTEX
  8
0
 10
1102.020765
 20
230.500000
 42
-0.015141
  0
VERTEX
  8
0
 10
1100.118001
 20
220.642452
 42
-0.007175
  0
VERTEX
  8
0
 10
1097.100639
 20
208.057017
 42
-0.006614
  0
VERTEX
  8
0
 10
1093.868294
 20
196.045974
 42
-0.027945
  0
VERTEX
  8
0
 10
1091.439197
 20
189.000000
 42
-0.044564
  0
VERTEX
  8
0
 10
1086.455356
 20
179.354859
 42
-0.043408
  0
VERTEX
  8
0
 10
1079.802772
 20
170.653861
 42
-0.038277
  0
VERTEX
  8
0
 10
1070.977001
 20
162.353108
 42
-0.023258
  0
VERTEX
  8
0
 10
1059.409833
 20
153.888673
 42
-0.019460
  0
VERTEX
  8
0
 10
1050.508759
 20
148.476545
 42
-0.006471
  0
VERTEX
  8
0
 10
1037.070927
 20
141.232015
 42
-0.006656
  0
VERTEX
  8
0
 10
1022.859843
 20
134.045519
 42
-0.011955
  0
VERTEX
  8
0
 10
1010.986274
 20
128.586052
 42
0.000143
  0
VERTEX
  8
0
 10
1007.327123
 20
127.007182
 42
0.000029
  0
VERTEX
  8
0
 10
1000.814399
 20
124.194377
 42
0.000030
  0
VERTEX
  8
0
 10
993.237088
 20
120.920720
 42
0.000028
  0
VERTEX
  8
0
 10
985.486274
 20
117.571021
 42
-0.002108
  0
VERTEX
  8
0
 10
977.224344
 20
114.041143
 42
-0.001582
  0
VERTEX
  8
0
 10
968.101899
 20
110.222986
 42
-0.001599
  0
VERTEX
  8
0
 10
959.494442
 20
106.684563
 42
-0.003672
  0
VERTEX
  8
0
 10
952.986274
 20
104.088996
 42
0.000625
  0
VERTEX
  8
0
 10
942.950712
 20
100.157355
 42
0.001804
  0
VERTEX
  8
0
 10
936.008586
 20
97.398651
 42
0.001471
  0
VERTEX
  8
0
 10
928.365860
 20
94.303417
 42
0.000307
  0
VERTEX
  8
0
 10
914.986274
 20
88.829336
 42
-0.002944
  0
VERTEX
  8
0
 10
901.202072
 20
83.274388
 42
-0.001859
  0
VERTEX
  8
0
 10
885.055456
 20
76.947015
 42
-0.001496
  0
VERTEX
  8
0
 10
865.364578
 20
69.382798
 42
-0.000754
  0
VERTEX
  8
0
 10
840.486274
 20
59.954134
 42
0.000306
  0
VERTEX
  8
0
 10
829.071405
 20
55.639711
 42
0.000216
  0
VERTEX
  8
0
 10
816.248774
 20
50.777924
 42
0.000218
  0
VERTEX
  8
0
 10
803.992749
 20
46.118821
 42
0.000459
  0
VERTEX
  8
0
 10
794.486274
 20
42.490231
 42
-0.001799
  0
VERTEX
  8
0
 10
786.095745
 20
39.313340
 42
-0.001642
  0
VERTEX
  8
0
 10
777.423774
 20
36.097959
 42
-0.001642
  0
VERTEX
  8
0
 10
769.657067
 20
33.276114
 42
-0.005346
  0
VERTEX
  8
0
 10
764.486274
 20
31.478827
 42
0.000877
  0
VERTEX
  8
0
 10
759.968648
 20
29.953694
 42
0.000533
  0
VERTEX
  8
0
 10
754.633149
 20
28.135677
 42
0.000534
  0
VERTEX
  8
0
 10
749.345352
 20
26.321311
 42
0.000944
  0
VERTEX
  8
0
 10
744.986274
 20
24.811192
 42
-0.011126
  0
VERTEX
  8
0
 10
741.143662
 20
23.567028
 42
-0.013118
  0
VERTEX
  8
0
 10
737.453838
 20
22.567083
 42
-0.012033
  0
VERTEX
  8
0
 10
734.313258
 20
21.883410
 42
-0.076273
  0
VERTEX
  8
0
 10
732.684365
 20
21.821431
 42
-0.210023
  0
VERTEX
  8
0
 10
729.725131
 20
23.548340
 42
-0.138884
  0
VERTEX
  8
0
 10
728.345641
 20
27.298150
 42
-0.067560
  0
VERTEX
  8
0
 10
728.718474
 20
33.674805
 42
-0.018509
  0
VERTEX
  8
0
 10
731.022414
 20
43.500000
 42
0.007398
  0
VERTEX
  8
0
 10
731.904328
 20
46.917475
 42
0.003129
  0
VERTEX
  8
0
 10
732.991168
 20
51.528125
 42
0.003095
  0
VERTEX
  8
0
 10
734.090805
 20
56.467589
 42
0.004040
  0
VERTEX
  8
0
 10
735.032155
 20
61.000000
 42
-0.027478
  0
VERTEX
  8
0
 10
737.870700
 20
72.040927
 42
-0.055793
  0
VERTEX
  8
0
 10
741.505533
 20
80.223050
 42
-0.075895
  0
VERTEX
  8
0
 10
745.886045
 20
85.628706
 42
-0.131816
  0
VERTEX
  8
0
 10
750.986274
 20
88.259035
 42
0.033649
  0
VERTEX
  8
0
 10
752.486090
 20
88.692428
 42
0.004121
  0
VERTEX
  8
0
 10
755.689399
 20
89.886529
 42
0.004865
  0
VERTEX
  8
0
 10
759.474202
 20
91.375394
 42
0.003998
  0
VERTEX
  8
0
 10
763.486274
 20
93.036374
 42
-0.004018
  0
VERTEX
  8
0
 10
767.718161
 20
94.788162
 42
-0.003529
  0
VERTEX
  8
0
 10
772.164399
 20
96.550552
 42
-0.003548
  0
VERTEX
  8
0
 10
776.199989
 20
98.084446
 42
-0.010632
  0
VERTEX
  8
0
 10
778.986274
 20
99.053997
 42
0.011339
  0
VERTEX
  8
0
 10
781.828312
 20
100.047452
 42
0.003418
  0
VERTEX
  8
0
 10
786.101899
 20
101.684373
 42
0.003423
  0
VERTEX
  8
0
 10
790.871469
 20
103.586512
 42
0.003714
  0
VERTEX
  8
0
 10
795.486274
 20
105.503727
 42
-0.005081
  0
VERTEX
  8
0
 10
800.318783
 20
107.495915
 42
-0.003656
  0
VERTEX
  8
0
 10
805.751899
 20
109.625410
 42
-0.003692
  0
VERTEX
  8
0
 10
810.951001
 20
111.575531
 42
-0.007970
  0
VERTEX
  8
0
 10
814.986274
 20
112.982664
 42
0.002272
  0
VERTEX
  8
0
 10
818.423845
 20
114.137607
 42
0.002543
  0
VERTEX
  8
0
 10
821.723774
 20
115.281782
 42
0.002338
  0
VERTEX
  8
0
 10
824.524711
 20
116.283676
 42
0.013537
  0
VERTEX
  8
0
 10
825.986274
 20
116.859436
 42
-0.008235
  0
VERTEX
  8
0
 10
827.795973
 20
117.594598
 42
-0.000238
  0
VERTEX
  8
0
 10
835.536274
 20
120.587191
 42
-0.000480
  0
VERTEX
  8
0
 10
844.651206
 20
124.096206
 42
-0.000331
  0
VERTEX
  8
0
 10
854.986274
 20
128.055700
 42
0.000981
  0
VERTEX
  8
0
 10
865.216113
 20
131.990154
 42
0.001538
  0
VERTEX
  8
0
 10
873.995649
 20
135.417705
 42
0.000388
  0
VERTEX
  8
0
 10
881.658503
 20
138.443375
 42
0.058762
  0
VERTEX
  8
0
 10
882.486274
 20
138.889397
 42
-0.047520
  0
VERTEX
  8
0
 10
883.162597
 20
139.273624
 42
-0.004244
  0
VERTEX
  8
0
 10
884.955024
 20
140.059465
 42
-0.005502
  0
VERTEX
  8
0
 10
887.115408
 20
140.956842
 42
-0.004265
  0
VERTEX
  8
0
 10
889.486274
 20
141.887778
 42
0.001758
  0
VERTEX
  8
0
 10
892.147739
 20
142.917450
 42
0.001169
  0
VERTEX
  8
0
 10
895.192524
 20
144.115964
 42
0.001177
  0
VERTEX
  8
0
 10
898.142256
 20
145.293079
 42
0.002301
  0
VERTEX
  8
0
 10
900.486274
 20
146.247430
 42
-0.005460
  0
VERTEX
  8
0
 10
902.692613
 20
147.129517
 42
-0.003842
  0
VERTEX
  8
0
 10
905.192524
 20
148.075419
 42
-0.003877
  0
VERTEX
  8
0
 10
907.598773
 20
148.943658
 42
-0.008119
  0
VERTEX
  8
0
 10
909.486274
 20
149.573969
 42
0.015948
  0
VERTEX
  8
0
 10
918.802275
 20
152.847926
 42
0.002148
  0
VERTEX
  8
0
 10
938.118942
 20
160.432291
 42
0.002499
  0
VERTEX
  8
0
 10
957.446109
 20
168.228850
 42
0.010183
  0
VERTEX
  8
0
 10
969.071902
 20
173.265160
 42
-0.005486
  0
VERTEX
  8
0
 10
972.263204
 20
174.683389
 42
-0.005025
  0
VERTEX
  8
0
 10
975.579099
 20
176.074275
 42
-0.005028
  0
VERTEX
  8
0
 10
978.563661
 20
177.256192
 42
-0.016384
  0
VERTEX
  8
0
 10
980.571902
 20
177.953596
 42
0.019903
  0
VERTEX
  8
0
 10
986.679106
 20
180.122722
 42
0.002900
  0
VERTEX
  8
0
 10
998.880339
 20
185.093617
 42
0.003558
  0
VERTEX
  8
0
 10
1011.712982
 20
190.516043
 42
0.006619
  0
VERTEX
  8
0
 10
1022.025593
 20
195.123195
 42
-0.002732
  0
VERTEX
  8
0
 10
1026.123270
 20
196.992178
 42
-0.004150
  0
VERTEX
  8
0
 10
1029.706793
 20
198.567439
 42
-0.001608
  0
VERTEX
  8
0
 10
1032.794857
 20
199.882681
 42
-0.100190
  0
VERTEX
  8
0
 10
1033.374464
 20
200.000000
 42
0.107780
  0
VERTEX
  8
0
 10
1035.738029
 20
200.515477
 42
0.001737
  0
VERTEX
  8
0
 10
1048.188919
 20
206.270008
 42
0.005152
  0
VERTEX
  8
0
 10
1060.517018
 20
212.175239
 42
0.009263
  0
VERTEX
  8
0
 10
1070.486274
 20
217.308971
 42
0.033652
  0
VERTEX
  8
0
 10
1079.918862
 20
223.240421
 42
0.060135
  0
VERTEX
  8
0
 10
1086.620144
 20
229.467661
 42
0.080630
  0
VERTEX
  8
0
 10
1090.286446
 20
235.569969
 42
0.158547
  0
VERTEX
  8
0
 10
1090.653770
 20
241.159407
 42
0.071295
  0
VERTEX
  8
0
 10
1090.153637
 20
242.371965
 42
0.015990
  0
VERTEX
  8
0
 10
1088.952809
 20
244.263989
 42
0.016273
  0
VERTEX
  8
0
 10
1087.411384
 20
246.377874
 42
0.015109
  0
VERTEX
  8
0
 10
1085.698506
 20
248.441408
 42
0.014642
  0
VERTEX
  8
0
 10
1082.856112
 20
251.478423
 42
0.082526
  0
VERTEX
  8
0
 10
1081.060494
 20
252.772641
 42
0.084085
  0
VERTEX
  8
0
 10
1078.957323
 20
253.405003
 42
0.015509
  0
VERTEX
  8
0
 10
1074.912155
 20
253.783438
 42
0.028805
  0
VERTEX
  8
0
 10
1071.163240
 20
253.800951
 42
0.018947
  0
VERTEX
  8
0
 10
1066.865311
 20
253.409575
 42
0.014968
  0
VERTEX
  8
0
 10
1061.642511
 20
252.574036
 42
0.007161
  0
VERTEX
  8
0
 10
1054.986274
 20
251.204713
 42
-0.006274
  0
VERTEX
  8
0
 10
1041.543287
 20
248.414359
 42
-0.016490
  0
VERTEX
  8
0
 10
1031.822730
 20
246.854259
 42
-0.021143
  0
VERTEX
  8
0
 10
1023.556512
 20
246.159252
 42
-0.019176
  0
VERTEX
  8
0
 10
1014.986274
 20
246.131366
 42
-0.008310
  0
VERTEX
  8
0
 10
1009.239799
 20
246.428797
 42
-0.028773
  0
VERTEX
  8
0
 10
1005.546094
 20
246.896166
 42
-0.040182
  0
VERTEX
  8
0
 10
1002.626579
 20
247.684443
 42
-0.032055
  0
VERTEX
  8
0
 10
999.632340
 20
248.979162
 42
-0.039189
  0
VERTEX
  8
0
 10
995.900949
 20
251.269726
 42
-0.044877
  0
VERTEX
  8
0
 10
992.751718
 20
254.023929
 42
-0.045432
  0
VERTEX
  8
0
 10
990.175658
 20
257.264042
 42
-0.041995
  0
VERTEX
  8
0
 10
988.149346
 20
261.000000
 42
-0.089830
  0
VERTEX
  8
0
 10
986.664445
 20
267.233482
 42
-0.009431
  0
VERTEX
  8
0
 10
986.125287
 20
282.280616
 42
-0.012476
  0
VERTEX
  8
0
 10
986.248291
 20
297.664022
 42
-0.033923
  0
VERTEX
  8
0
 10
987.343897
 20
308.500000
 42
0.000205
  0
VERTEX
  8
0
 10
988.078915
 20
312.829302
 42
0.000092
  0
VERTEX
  8
0
 10
989.042961
 20
318.528125
 42
0.000091
  0
VERTEX
  8
0
 10
990.060432
 20
324.556141
 42
0.000123
  0
VERTEX
  8
0
 10
990.976905
 20
330.000000
 42
-0.020014
  0
VERTEX
  8
0
 10
994.822944
 20
348.353617
 42
-0.011355
  0
VERTEX
  8
0
 10
1000.863701
 20
370.240432
 42
-0.010264
  0
VERTEX
  8
0
 10
1007.432009
 20
390.568136
 42
-0.047956
  0
VERTEX
  8
0
 10
1012.543574
 20
401.746169
 42
-0.025712
  0
VERTEX
  8
0
 10
1013.925351
 20
403.873035
 42
-0.013854
  0
VERTEX
  8
0
 10
1015.830562
 20
406.352000
 42
-0.013765
  0
VERTEX
  8
0
 10
1017.917010
 20
408.776958
 42
-0.021010
  0
VERTEX
  8
0
 10
1019.869045
 20
410.750000
 42
-0.057451
  0
VERTEX
  8
0
 10
1024.165814
 20
413.908975
 42
-0.114114
  0
VERTEX
  8
0
 10
1028.191276
 20
415.118731
 42
-0.110764
  0
VERTEX
  8
0
 10
1032.420378
 20
414.453867
 42
-0.052162
  0
SEQEND
  0
POLYLINE
  8
0
 66
1
 70
1
  0
VERTEX
  8
0
 10
936.986274
 20
89.500000
 42
-0.099038
  0
VERTEX
  8
0
 10
936.871760
 20
88.927543
 42
-0.097945
  0
VERTEX
  8
0
 10
936.545649
 20
88.440625
 42
-0.097945
  0
VERTEX
  8
0
 10
936.058731
 20
88.114514
 42
-0.099038
  0
VERTEX
  8
0
 10
935.486274
 20
88.000000
 42
-0.099038
  0
VERTEX
  8
0
 10
934.913816
 20
88.114514
 42
-0.097945
  0
VERTEX
  8
0
 10
934.426899
 20
88.440625
 42
-0.097945
  0
VERTEX
  8
0
 10
934.100787
 20
88.927543
 42
-0.099038
  0
VERTEX
  8
0
 10
933.986274
 20
89.500000
 42
-0.099038
  0
VERTEX
  8
0
 10
934.100787
 20
90.072457
 42
-0.097945
  0
VERTEX
  8
0
 10
934.426899
 20
90.559375
 42
-0.097945
  0
VERTEX
  8
0
 10
934.913816
 20
90.885486
 42
-0.099038
  0
VERTEX
  8
0
 10
935.486274
 20
91.000000
 42
-0.099038
  0
VERTEX
  8
0
 10
936.058731
 20
90.885486
 42
-0.097945
  0
VERTEX
  8
0
 10
936.545649
 20
90.559375
 42
-0.097945
  0
VERTEX
  8
0
 10
936.871760
 20
90.072457
 42
-0.099038
  0
SEQEND
  0
POLYLINE
  8
0
 66
1
 70
1
  0
VERTEX
  8
0
 10
714.057222
 20
393.585487
 42
0.039286
  0
VERTEX
  8
0
 10
713.177823
 20
392.338425
 42
0.255999
  0
VERTEX
  8
0
 10
713.152335
 20
391.598346
 42
0.376034
  0
VERTEX
  8
0
 10
713.703212
 20
391.375352
 42
0.054769
  0
VERTEX
  8
0
 10
714.887119
 20
391.938719
 42
0.074984
  0
VERTEX
  8
0
 10
715.369672
 20
392.347867
 42
0.072906
  0
VERTEX
  8
0
 10
715.715581
 20
392.884821
 42
0.077907
  0
VERTEX
  8
0
 10
715.876463
 20
393.463346
 42
0.109810
  0
VERTEX
  8
0
 10
715.821607
 20
393.993999
 42
0.109881
  0
VERTEX
  8
0
 10
715.551180
 20
394.444492
 42
0.265701
  0
VERTEX
  8
0
 10
715.192148
 20
394.552366
 42
0.135550
  0
VERTEX
  8
0
 10
714.714880
 20
394.293502
 42
0.027916
  0
SEQEND
  0
POLYLINE
  8
0
 66
1
 70
1
  0
VERTEX
  8
0
 10
340.701365
 20
385.152199
 42
-0.108019
  0
VERTEX
  8
0
 10
340.015307
 20
384.618396
 42
-0.064610
  0
VERTEX
  8
0
 10
339.029243
 20
384.294926
 42
-0.053112
  0
VERTEX
  8
0
 10
337.793636
 20
384.193608
 42
-0.034155
  0
VERTEX
  8
0
 10
336.360667
 20
384.326670
 42
0.027644
  0
VERTEX
  8
0
 10
334.814401
 20
384.490567
 42
0.078693
  0
VERTEX
  8
0
 10
333.740728
 20
384.375531
 42
0.118378
  0
VERTEX
  8
0
 10
333.014871
 20
383.979504
 42
0.117859
  0
VERTEX
  8
0
 10
332.546559
 20
383.296504
 42
-0.120051
  0
VERTEX
  8
0
 10
332.067695
 20
382.604548
 42
-0.120958
  0
VERTEX
  8
0
 10
331.325491
 20
382.212731
 42
-0.076962
  0
VERTEX
  8
0
 10
330.208047
 20
382.110359
 42
-0.024658
  0
VERTEX
  8
0
 10
328.546559
 20
382.296504
 42
0.024658
  0
VERTEX
  8
0
 10
326.885071
 20
382.482649
 42
0.076962
  0
VERTEX
  8
0
 10
325.767627
 20
382.380277
 42
0.120958
  0
VERTEX
  8
0
 10
325.025422
 20
381.988460
 42
0.120051
  0
VERTEX
  8
0
 10
324.546559
 20
381.296504
 42
-0.120051
  0
VERTEX
  8
0
 10
324.067695
 20
380.604548
 42
-0.120958
  0
VERTEX
  8
0
 10
323.325491
 20
380.212731
 42
-0.076962
  0
VERTEX
  8
0
 10
322.208047
 20
380.110359
 42
-0.024658
  0
VERTEX
  8
0
 10
320.546559
 20
380.296504
 42
0.024698
  0
VERTEX
  8
0
 10
318.891032
 20
380.481845
 42
0.076143
  0
VERTEX
  8
0
 10
317.772239
 20
380.381003
 42
0.119704
  0
VERTEX
  8
0
 10
317.028673
 20
379.993744
 42
0.122090
  0
VERTEX
  8
0
 10
316.552128
 20
379.311017
 42
-0.101114
  0
VERTEX
  8
0
 10
316.172567
 20
378.716168
 42
-0.104629
  0
VERTEX
  8
0
 10
315.594204
 20
378.326569
 42
-0.093976
  0
VERTEX
  8
0
 10
314.854173
 20
378.178943
 42
-0.066417
  0
VERTEX
  8
0
 10
314.010890
 20
378.283312
 42
0.073558
  0
VERTEX
  8
0
 10
313.178467
 20
378.374344
 42
0.060008
  0
VERTEX
  8
0
 10
312.292420
 20
378.233354
 42
0.061533
  0
VERTEX
  8
0
 10
311.488904
 20
377.893079
 42
0.088877
  0
VERTEX
  8
0
 10
310.900597
 20
377.396765
 42
-0.079997
  0
VERTEX
  8
0
 10
310.288373
 20
376.861515
 42
-0.044242
  0
VERTEX
  8
0
 10
309.400832
 20
376.410300
 42
-0.042695
  0
VERTEX
  8
0
 10
308.395629
 20
376.103126
 42
-0.052858
  0
VERTEX
  8
0
 10
307.422846
 20
376.000000
 42
0.043725
  0
VERTEX
  8
0
 10
306.485036
 20
375.917831
 42
0.044816
  0
VERTEX
  8
0
 10
305.583822
 20
375.673875
 42
0.048932
  0
VERTEX
  8
0
 10
304.846016
 20
375.315908
 42
0.117465
  0
VERTEX
  8
0
 10
304.418159
 20
374.889788
 42
-0.166205
  0
VERTEX
  8
0
 10
303.923848
 20
374.483622
 42
-0.053764
  0
VERTEX
  8
0
 10
302.993681
 20
374.245122
 42
-0.044943
  0
VERTEX
  8
0
 10
301.791581
 20
374.180448
 42
-0.031210
  0
VERTEX
  8
0
 10
300.437148
 20
374.314259
 42
0.026387
  0
VERTEX
  8
0
 10
298.849285
 20
374.486599
 42
0.077168
  0
VERTEX
  8
0
 10
297.756339
 20
374.378394
 42
0.118287
  0
VERTEX
  8
0
 10
297.022501
 20
373.988676
 42
0.120761
  0
VERTEX
  8
0
 10
296.552128
 20
373.311017
 42
-0.101073
  0
VERTEX
  8
0
 10
296.169390
 20
372.711082
 42
-0.106685
  0
VERTEX
  8
0
 10
295.588589
 20
372.323128
 42
-0.094624
  0
VERTEX
  8
0
 10
294.840031
 20
372.180990
 42
-0.063771
  0
VERTEX
  8
0
 10
293.975118
 20
372.292666
 42
0.045128
  0
VERTEX
  8
0
 10
293.174750
 20
372.426419
 42
0.054211
  0
VERTEX
  8
0
 10
292.412258
 20
372.401303
 42
0.063259
  0
VERTEX
  8
0
 10
291.796482
 20
372.232477
 42
0.157093
  0
VERTEX
  8
0
 10
291.444791
 20
371.932880
 42
-0.133479
  0
VERTEX
  8
0
 10
290.078758
 20
370.655603
 42
-0.029329
  0
VERTEX
  8
0
 10
287.128437
 20
369.310361
 42
-0.028364
  0
VERTEX
  8
0
 10
284.060313
 20
368.319262
 42
-0.156803
  0
VERTEX
  8
0
 10
282.349757
 20
368.414013
 42
0.102396
  0
VERTEX
  8
0
 10
281.576169
 20
368.540701
 42
0.060507
  0
VERTEX
  8
0
 10
280.649174
 20
368.388608
 42
0.056031
  0
VERTEX
  8
0
 10
279.705217
 20
367.994581
 42
0.057108
  0
VERTEX
  8
0
 10
278.878901
 20
367.402829
 42
-0.052286
  0
VERTEX
  8
0
 10
278.074788
 20
366.815198
 42
-0.051985
  0
VERTEX
  8
0
 10
277.164753
 20
366.405812
 42
-0.056813
  0
VERTEX
  8
0
 10
276.289661
 20
366.223538
 42
-0.115069
  0
VERTEX
  8
0
 10
275.596632
 20
366.319278
 42
0.101218
  0
VERTEX
  8
0
 10
274.948129
 20
366.427035
 42
0.070018
  0
VERTEX
  8
0
 10
274.213750
 20
366.295753
 42
0.066707
  0
VERTEX
  8
0
 10
273.508469
 20
365.955131
 42
0.073867
  0
VERTEX
  8
0
 10
272.944964
 20
365.450225
 42
-0.089049
  0
VERTEX
  8
0
 10
272.289047
 20
364.897256
 42
-0.073633
  0
VERTEX
  8
0
 10
271.437532
 20
364.561277
 42
-0.066496
  0
VERTEX
  8
0
 10
270.443702
 20
364.465559
 42
-0.052329
  0
VERTEX
  8
0
 10
269.371851
 20
364.618074
 42
0.036418
  0
VERTEX
  8
0
 10
268.418643
 20
364.784743
 42
0.073103
  0
VERTEX
  8
0
 10
267.657105
 20
364.749954
 42
0.117608
  0
VERTEX
  8
0
 10
267.169143
 20
364.528676
 42
0.231750
  0
VERTEX
  8
0
 10
266.986274
 20
364.155325
 42
-0.265571
  0
VERTEX
  8
0
 10
266.224878
 20
362.822923
 42
-0.037609
  0
VERTEX
  8
0
 10
263.281691
 20
361.374623
 42
-0.040702
  0
VERTEX
  8
0
 10
259.981347
 20
360.350974
 42
-0.116853
  0
VERTEX
  8
0
 10
257.598159
 20
360.382563
 42
0.042751
  0
VERTEX
  8
0
 10
256.467865
 20
360.565496
 42
0.099255
  0
VERTEX
  8
0
 10
255.619413
 20
360.460730
 42
0.126511
  0
VERTEX
  8
0
 10
255.004677
 20
360.064615
 42
0.095362
  0
VERTEX
  8
0
 10
254.578381
 20
359.379431
 42
-0.093794
  0
VERTEX
  8
0
 10
254.187266
 20
358.746417
 42
-0.107109
  0
VERTEX
  8
0
 10
253.607500
 20
358.335222
 42
-0.098029
  0
VERTEX
  8
0
 10
252.866483
 20
358.178779
 42
-0.067203
  0
VERTEX
  8
0
 10
252.010890
 20
358.283312
 42
0.075750
  0
VERTEX
  8
0
 10
251.175657
 20
358.370970
 42
0.060375
  0
VERTEX
  8
0
 10
250.281326
 20
358.219986
 42
0.061442
  0
VERTEX
  8
0
 10
249.465665
 20
357.864912
 42
0.086405
  0
VERTEX
  8
0
 10
248.862828
 20
357.351256
 42
-0.063292
  0
VERTEX
  8
0
 10
248.311380
 20
356.835821
 42
-0.063178
  0
VERTEX
  8
0
 10
247.648208
 20
356.474345
 42
-0.069103
  0
VERTEX
  8
0
 10
246.978556
 20
356.314103
 42
-0.116345
  0
VERTEX
  8
0
 10
246.408819
 20
356.391349
 42
0.121974
  0
VERTEX
  8
0
 10
245.883838
 20
356.456600
 42
0.100753
  0
VERTEX
  8
0
 10
245.347121
 20
356.278785
 42
0.091314
  0
VERTEX
  8
0
 10
244.880799
 20
355.883715
 42
0.080020
  0
VERTEX
  8
0
 10
244.559715
 20
355.330788
 42
-0.102552
  0
VERTEX
  8
0
 10
244.145344
 20
354.685446
 42
-0.122785
  0
VERTEX
  8
0
 10
243.531745
 20
354.308179
 42
-0.095330
  0
VERTEX
  8
0
 10
242.686296
 20
354.208954
 42
-0.043189
  0
VERTEX
  8
0
 10
241.581214
 20
354.386815
 42
0.043410
  0
VERTEX
  8
0
 10
240.463274
 20
354.566240
 42
0.098851
  0
VERTEX
  8
0
 10
239.618584
 20
354.460367
 42
0.125507
  0
VERTEX
  8
0
 10
239.005069
 20
354.065860
 42
0.096100
  0
VERTEX
  8
0
 10
238.581214
 20
353.386815
 42
-0.096100
  0
VERTEX
  8
0
 10
238.157360
 20
352.707771
 42
-0.125507
  0
VERTEX
  8
0
 10
237.543845
 20
352.313264
 42
-0.098851
  0
VERTEX
  8
0
 10
236.699155
 20
352.207391
 42
-0.043410
  0
VERTEX
  8
0
 10
235.581214
 20
352.386815
 42
0.043410
  0
VERTEX
  8
0
 10
234.463274
 20
352.566240
 42
0.098851
  0
VERTEX
  8
0
 10
233.618584
 20
352.460367
 42
0.125507
  0
VERTEX
  8
0
 10
233.005069
 20
352.065860
 42
0.096100
  0
VERTEX
  8
0
 10
232.581214
 20
351.386815
 42
-0.096100
  0
VERTEX
  8
0
 10
232.157360
 20
350.707771
 42
-0.125507
  0
VERTEX
  8
0
 10
231.543845
 20
350.313264
 42
-0.098851
  0
VERTEX
  8
0
 10
230.699155
 20
350.207391
 42
-0.043410
  0
VERTEX
  8
0
 10
229.581214
 20
350.386815
 42
0.043024
  0
VERTEX
  8
0
 10
228.488365
 20
350.563078
 42
0.092077
  0
VERTEX
  8
0
 10
227.642078
 20
350.469846
 42
0.119934
  0
VERTEX
  8
0
 10
227.027918
 20
350.108277
 42
0.108820
  0
VERTEX
  8
0
 10
226.621917
 20
349.492885
 42
-0.123391
  0
VERTEX
  8
0
 10
226.220863
 20
348.921440
 42
-0.064464
  0
VERTEX
  8
0
 10
225.491067
 20
348.438535
 42
-0.058054
  0
VERTEX
  8
0
 10
224.564792
 20
348.111058
 42
-0.056020
  0
VERTEX
  8
0
 10
223.576676
 20
348.000000
 42
0.040292
  0
VERTEX
  8
0
 10
222.581040
 20
347.919637
 42
0.042977
  0
VERTEX
  8
0
 10
221.633202
 20
347.680659
 42
0.047126
  0
VERTEX
  8
0
 10
220.863796
 20
347.330523
 42
0.124633
  0
VERTEX
  8
0
 10
220.432432
 20
346.912882
 42
-0.125957
  0
VERTEX
  8
0
 10
220.038035
 20
346.533020
 42
-0.070436
  0
VERTEX
  8
0
 10
219.414372
 20
346.287246
 42
-0.063034
  0
VERTEX
  8
0
 10
218.667786
 20
346.205654
 42
-0.059753
  0
VERTEX
  8
0
 10
217.910182
 20
346.309647
 42
0.079483
  0
VERTEX
  8
0
 10
217.113473
 20
346.387289
 42
0.060880
  0
VERTEX
  8
0
 10
216.251743
 20
346.227722
 42
0.061176
  0
VERTEX
  8
0
 10
215.458280
 20
345.866791
 42
0.082428
  0
VERTEX
  8
0
 10
214.862828
 20
345.351256
 42
-0.063292
  0
VERTEX
  8
0
 10
214.311380
 20
344.835821
 42
-0.063178
  0
VERTEX
  8
0
 10
213.648208
 20
344.474345
 42
-0.069103
  0
VERTEX
  8
0
 10
212.978556
 20
344.314103
 42
-0.116345
  0
VERTEX
  8
0
 10
212.408819
 20
344.391349
 42
0.113550
  0
VERTEX
  8
0
 10
211.886977
 20
344.465035
 42
0.100282
  0
VERTEX
  8
0
 10
211.359077
 20
344.309943
 42
0.093971
  0
VERTEX
  8
0
 10
210.906261
 20
343.948954
 42
0.086202
  0
VERTEX
  8
0
 10
210.600417
 20
343.436858
 42
-0.127198
  0
VERTEX
  8
0
 10
210.208130
 20
342.886720
 42
-0.063764
  0
VERTEX
  8
0
 10
209.484751
 20
342.422077
 42
-0.057044
  0
VERTEX
  8
0
 10
208.563221
 20
342.106801
 42
-0.053971
  0
VERTEX
  8
0
 10
207.576676
 20
342.000000
 42
0.040075
  0
VERTEX
  8
0
 10
206.581317
 20
341.920094
 42
0.042853
  0
VERTEX
  8
0
 10
205.634308
 20
341.682448
 42
0.046998
  0
VERTEX
  8
0
 10
204.865977
 20
341.334301
 42
0.125109
  0
VERTEX
  8
0
 10
204.436196
 20
340.918973
 42
-0.153269
  0
VERTEX
  8
0
 10
204.007279
 20
340.548024
 42
-0.063318
  0
VERTEX
  8
0
 10
203.262014
 20
340.331771
 42
-0.054518
  0
VERTEX
  8
0
 10
202.341342
 20
340.288450
 42
-0.046031
  0
VERTEX
  8
0
 10
201.377179
 20
340.438025
 42
0.036735
  0
VERTEX
  8
0
 10
200.460884
 20
340.597642
 42
0.063436
  0
VERTEX
  8
0
 10
199.688602
 20
340.576266
 42
0.095571
  0
VERTEX
  8
0
 10
199.170945
 20
340.390271
 42
0.264763
  0
VERTEX
  8
0
 10
198.986274
 20
340.065969
 42
-0.264862
  0
VERTEX
  8
0
 10
198.366508
 20
338.978069
 42
-0.024366
  0
VERTEX
  8
0
 10
195.515266
 20
337.470393
 42
-0.025233
  0
VERTEX
  8
0
 10
192.521779
 20
336.249599
 42
-0.226337
  0
VERTEX
  8
0
 10
191.149852
 20
336.398903
 42
0.158665
  0
VERTEX
  8
0
 10
190.699139
 20
336.508659
 42
0.080363
  0
VERTEX
  8
0
 10
190.125119
 20
336.370485
 42
0.066805
  0
VERTEX
  8
0
 10
189.519348
 20
336.015543
 42
0.053713
  0
VERTEX
  8
0
 10
188.977136
 20
335.488990
 42
-0.076023
  0
VERTEX
  8
0
 10
188.335014
 20
334.918586
 42
-0.044492
  0
VERTEX
  8
0
 10
187.423316
 20
334.437391
 42
-0.043312
  0
VERTEX
  8
0
 10
186.401259
 20
334.109833
 42
-0.055952
  0
VERTEX
  8
0
 10
185.422846
 20
334.000000
 42
0.039551
  0
VERTEX
  8
0
 10
184.490042
 20
333.926099
 42
0.042550
  0
VERTEX
  8
0
 10
183.603831
 20
333.706250
 42
0.046682
  0
VERTEX
  8
0
 10
182.885726
 20
333.384260
 42
0.126268
  0
VERTEX
  8
0
 10
182.486274
 20
333.000000
 42
-0.128561
  0
VERTEX
  8
0
 10
182.083063
 20
332.615613
 42
-0.046040
  0
VERTEX
  8
0
 10
181.350085
 20
332.293750
 42
-0.041947
  0
VERTEX
  8
0
 10
180.443358
 20
332.073871
 42
-0.038534
  0
VERTEX
  8
0
 10
179.486274
 20
332.000000
 42
0.041061
  0
VERTEX
  8
0
 10
178.526100
 20
331.921015
 42
0.043408
  0
VERTEX
  8
0
 10
177.610086
 20
331.686224
 42
0.047566
  0
VERTEX
  8
0
 10
176.865124
 20
331.342097
 42
0.122970
  0
VERTEX
  8
0
 10
176.444140
 20
330.931826
 42
-0.103775
  0
VERTEX
  8
0
 10
176.092444
 20
330.562080
 42
-0.081683
  0
VERTEX
  8
0
 10
175.591295
 20
330.325782
 42
-0.078343
  0
VERTEX
  8
0
 10
175.020424
 20
330.256234
 42
-0.083008
  0
VERTEX
  8
0
 10
174.467882
 20
330.368684
 42
0.117049
  0
VERTEX
  8
0
 10
173.920162
 20
330.442169
 42
0.100550
  0
VERTEX
  8
0
 10
173.363638
 20
330.269958
 42
0.092889
  0
VERTEX
  8
0
 10
172.883693
 20
329.877245
 42
0.083537
  0
VERTEX
  8
0
 10
172.556881
 20
329.323404
 42
-0.099680
  0
VERTEX
  8
0
 10
172.172057
 20
328.716516
 42
-0.107190
  0
VERTEX
  8
0
 10
171.591073
 20
328.324635
 42
-0.095383
  0
VERTEX
  8
0
 10
170.842376
 20
328.180911
 42
-0.063898
  0
VERTEX
  8
0
 10
169.975118
 20
328.292666
 42
0.043256
  0
VERTEX
  8
0
 10
169.176398
 20
328.429213
 42
0.052810
  0
VERTEX
  8
0
 10
168.418896
 20
328.412044
 42
0.061789
  0
VERTEX
  8
0
 10
167.809597
 20
328.255422
 42
0.161943
  0
VERTEX
  8
0
 10
167.467389
 20
327.969444
 42
-0.126306
  0
VERTEX
  8
0
 10
166.348004
 20
326.892792
 42
-0.020292
  0
VERTEX
  8
0
 10
163.629521
 20
325.497904
 42
-0.022303
  0
VERTEX
  8
0
 10
160.771943
 20
324.326936
 42
-0.086290
  0
VERTEX
  8
0
 10
158.891653
 20
324.000000
 42
0.053908
  0
VERTEX
  8
0
 10
158.158999
 20
323.920778
 42
0.049062
  0
VERTEX
  8
0
 10
157.435416
 20
323.686224
 42
0.052270
  0
VERTEX
  8
0
 10
156.826916
 20
323.341078
 42
0.099531
  0
VERTEX
  8
0
 10
156.444140
 20
322.931826
 42
-0.120278
  0
VERTEX
  8
0
 10
156.075354
 20
322.568591
 42
-0.081610
  0
VERTEX
  8
0
 10
155.524503
 20
322.351412
 42
-0.074149
  0
VERTEX
  8
0
 10
154.879901
 20
322.309672
 42
-0.070879
  0
VERTEX
  8
0
 10
154.240505
 20
322.455937
 42
0.109186
  0
VERTEX
  8
0
 10
153.518459
 20
322.564249
 42
0.057766
  0
VERTEX
  8
0
 10
152.623923
 20
322.397754
 42
0.053408
  0
VERTEX
  8
0
 10
151.704870
 20
322.002518
 42
0.055736
  0
VERTEX
  8
0
 10
150.904669
 20
321.426149
 42
-0.042037
  0
VERTEX
  8
0
 10
150.148073
 20
320.849142
 42
-0.052363
  0
VERTEX
  8
0
 10
149.357329
 20
320.454525
 42
-0.061651
  0
VERTEX
  8
0
 10
148.649747
 20
320.285033
 42
-0.167936
  0
VERTEX
  8
0
 10
148.154072
 20
320.396295
 42
0.149652
  0
VERTEX
  8
0
 10
147.744125
 20
320.503804
 42
0.123529
  0
VERTEX
  8
0
 10
147.308887
 20
320.375611
 42
0.099430
  0
VERTEX
  8
0
 10
146.913261
 20
320.021233
 42
0.069041
  0
VERTEX
  8
0
 10
146.622443
 20
319.494256
 42
-0.123301
  0
VERTEX
  8
0
 10
146.221176
 20
318.922290
 42
-0.064480
  0
VERTEX
  8
0
 10
145.491222
 20
318.438938
 42
-0.058078
  0
VERTEX
  8
0
 10
144.564831
 20
318.111162
 42
-0.056071
  0
VERTEX
  8
0
 10
143.576676
 20
318.000000
 42
0.040292
  0
VERTEX
  8
0
 10
142.581040
 20
317.919637
 42
0.042977
  0
VERTEX
  8
0
 10
141.633202
 20
317.680659
 42
0.047126
  0
VERTEX
  8
0
 10
140.863796
 20
317.330523
 42
0.124633
  0
VERTEX
  8
0
 10
140.432432
 20
316.912882
 42
-0.125957
  0
VERTEX
  8
0
 10
140.038035
 20
316.533020
 42
-0.070436
  0
VERTEX
  8
0
 10
139.414372
 20
316.287246
 42
-0.063034
  0
VERTEX
  8
0
 10
138.667786
 20
316.205654
 42
-0.059753
  0
VERTEX
  8
0
 10
137.910182
 20
316.309647
 42
0.079483
  0
VERTEX
  8
0
 10
137.113473
 20
316.387289
 42
0.060880
  0
VERTEX
  8
0
 10
136.251743
 20
316.227722
 42
0.061176
  0
VERTEX
  8
0
 10
135.458280
 20
315.866791
 42
0.082428
  0
VERTEX
  8
0
 10
134.862828
 20
315.351256
 42
-0.063292
  0
VERTEX
  8
0
 10
134.311380
 20
314.835821
 42
-0.063178
  0
VERTEX
  8
0
 10
133.648208
 20
314.474345
 42
-0.069103
  0
VERTEX
  8
0
 10
132.978556
 20
314.314103
 42
-0.116345
  0
VERTEX
  8
0
 10
132.408819
 20
314.391349
 42
0.121974
  0
VERTEX
  8
0
 10
131.883838
 20
314.456600
 42
0.100753
  0
VERTEX
  8
0
 10
131.347121
 20
314.278785
 42
0.091314
  0
VERTEX
  8
0
 10
130.880799
 20
313.883715
 42
0.080020
  0
VERTEX
  8
0
 10
130.559715
 20
313.330788
 42
-0.102552
  0
VERTEX
  8
0
 10
130.145344
 20
312.685446
 42
-0.122785
  0
VERTEX
  8
0
 10
129.531745
 20
312.308179
 42
-0.095330
  0
VERTEX
  8
0
 10
128.686296
 20
312.208954
 42
-0.043189
  0
VERTEX
  8
0
 10
127.581214
 20
312.386815
 42
0.043024
  0
VERTEX
  8
0
 10
126.488365
 20
312.563078
 42
0.092077
  0
VERTEX
  8
0
 10
125.642078
 20
312.469846
 42
0.119934
  0
VERTEX
  8
0
 10
125.027918
 20
312.108277
 42
0.108820
  0
VERTEX
  8
0
 10
124.621917
 20
311.492885
 42
-0.103437
  0
VERTEX
  8
0
 10
124.253931
 20
310.921982
 42
-0.066726
  0
VERTEX
  8
0
 10
123.629540
 20
310.438535
 42
-0.062913
  0
VERTEX
  8
0
 10
122.855849
 20
310.111478
 42
-0.068678
  0
VERTEX
  8
0
 10
122.048075
 20
310.000000
 42
0.066332
  0
VERTEX
  8
0
 10
121.036155
 20
309.865161
 42
0.020589
  0
VERTEX
  8
0
 10
119.569604
 20
309.401664
 42
0.020186
  0
VERTEX
  8
0
 10
117.955878
 20
308.742762
 42
0.020938
  0
VERTEX
  8
0
 10
116.420596
 20
307.963111
 42
-0.029879
  0
VERTEX
  8
0
 10
114.901120
 20
307.225338
 42
-0.031766
  0
VERTEX
  8
0
 10
113.334888
 20
306.691024
 42
-0.033527
  0
VERTEX
  8
0
 10
111.939414
 20
306.410725
 42
-0.110073
  0
VERTEX
  8
0
 10
111.008605
 20
306.492912
 42
0.075009
  0
VERTEX
  8
0
 10
110.222275
 20
306.617869
 42
0.106462
  0
VERTEX
  8
0
 10
109.531131
 20
306.474693
 42
0.110886
  0
VERTEX
  8
0
 10
108.979793
 20
306.066538
 42
0.086780
  0
VERTEX
  8
0
 10
108.596269
 20
305.426047
 42
-0.084925
  0
VERTEX
  8
0
 10
108.250164
 20
304.843186
 42
-0.093464
  0
VERTEX
  8
0
 10
107.739715
 20
304.431153
 42
-0.100422
  0
VERTEX
  8
0
 10
107.146142
 20
304.252371
 42
-0.115203
  0
VERTEX
  8
0
 10
106.560603
 20
304.333104
 42
0.108722
  0
VERTEX
  8
0
 10
105.977739
 20
304.421084
 42
0.099733
  0
VERTEX
  8
0
 10
105.391707
 20
304.261676
 42
0.095398
  0
VERTEX
  8
0
 10
104.892813
 20
303.878768
 42
0.090131
  0
VERTEX
  8
0
 10
104.559715
 20
303.330788
 42
-0.103154
  0
VERTEX
  8
0
 10
104.138203
 20
302.676042
 42
-0.126635
  0
VERTEX
  8
0
 10
103.516927
 20
302.302536
 42
-0.094873
  0
VERTEX
  8
0
 10
102.647435
 20
302.215133
 42
-0.039247
  0
VERTEX
  8
0
 10
101.476956
 20
302.412983
 42
0.034207
  0
VERTEX
  8
0
 10
100.522295
 20
302.584254
 42
0.059364
  0
VERTEX
  8
0
 10
99.717912
 20
302.576643
 42
0.088918
  0
VERTEX
  8
0
 10
99.175877
 20
302.405747
 42
0.278914
  0
VERTEX
  8
0
 10
98.986274
 20
302.092294
 42
-0.261060
  0
VERTEX
  8
0
 10
98.331897
 20
300.924401
 42
-0.032988
  0
VERTEX
  8
0
 10
95.676084
 20
299.530251
 42
-0.035934
  0
VERTEX
  8
0
 10
92.779658
 20
298.487352
 42
-0.146307
  0
VERTEX
  8
0
 10
90.928243
 20
298.518418
 42
0.081453
  0
VERTEX
  8
0
 10
90.206482
 20
298.623654
 42
0.097667
  0
VERTEX
  8
0
 10
89.536514
 20
298.479117
 42
0.102232
  0
VERTEX
  8
0
 10
88.994072
 20
298.099224
 42
0.097729
  0
VERTEX
  8
0
 10
88.636083
 20
297.529801
 42
-0.101267
  0
VERTEX
  8
0
 10
88.262568
 20
296.944820
 42
-0.066809
  0
VERTEX
  8
0
 10
87.633702
 20
296.449379
 42
-0.063375
  0
VERTEX
  8
0
 10
86.856902
 20
296.114269
 42
-0.070290
  0
VERTEX
  8
0
 10
86.048075
 20
296.000000
 42
0.066711
  0
VERTEX
  8
0
 10
85.034198
 20
295.864122
 42
0.020485
  0
VERTEX
  8
0
 10
83.559280
 20
295.395866
 42
0.020098
  0
VERTEX
  8
0
 10
81.934186
 20
294.730578
 42
0.020752
  0
VERTEX
  8
0
 10
80.385452
 20
293.943372
 42
-0.023422
  0
VERTEX
  8
0
 10
78.888571
 20
293.192548
 42
-0.028335
  0
VERTEX
  8
0
 10
77.418812
 20
292.636927
 42
-0.028958
  0
VERTEX
  8
0
 10
76.157489
 20
292.319056
 42
-0.139744
  0
VERTEX
  8
0
 10
75.428149
 20
292.383931
 42
0.113275
  0
VERTEX
  8
0
 10
74.843670
 20
292.466785
 42
0.069417
  0
VERTEX
  8
0
 10
74.161902
 20
292.311905
 42
0.063946
  0
VERTEX
  8
0
 10
73.490768
 20
291.954179
 42
0.065253
  0
VERTEX
  8
0
 10
72.936942
 20
291.440559
 42
-0.078064
  0
VERTEX
  8
0
 10
72.310503
 20
290.888618
 42
-0.044381
  0
VERTEX
  8
0
 10
71.411509
 20
290.423164
 42
-0.043006
  0
VERTEX
  8
0
 10
70.398304
 20
290.106316
 42
-0.054335
  0
VERTEX
  8
0
 10
69.422846
 20
290.000000
 42
0.039551
  0
VERTEX
  8
0
 10
68.490042
 20
289.926099
 42
0.042550
  0
VERTEX
  8
0
 10
67.603831
 20
289.706250
 42
0.046682
  0
VERTEX
  8
0
 10
66.885726
 20
289.384260
 42
0.126268
  0
VERTEX
  8
0
 10
66.486274
 20
289.000000
 42
-0.111412
  0
VERTEX
  8
0
 10
66.110250
 20
288.616444
 42
-0.050262
  0
VERTEX
  8
0
 10
65.479623
 20
288.293750
 42
-0.046318
  0
VERTEX
  8
0
 10
64.715570
 20
288.074077
 42
-0.046881
  0
VERTEX
  8
0
 10
63.927257
 20
288.000000
 42
0.049547
  0
VERTEX
  8
0
 10
63.184496
 20
287.926216
 42
0.069539
  0
VERTEX
  8
0
 10
62.556437
 20
287.706250
 42
0.089706
  0
VERTEX
  8
0
 10
62.133739
 20
287.381787
 42
0.186414
  0
VERTEX
  8
0
 10
61.986274
 20
287.000000
 42
-0.222681
  0
VERTEX
  8
0
 10
61.806898
 20
286.617207
 42
-0.076538
  0
VERTEX
  8
0
 10
61.269235
 20
286.293750
 42
-0.058208
  0
VERTEX
  8
0
 10
60.479994
 20
286.073170
 42
-0.039081
  0
VERTEX
  8
0
 10
59.545291
 20
286.000000
 42
0.040106
  0
VERTEX
  8
0
 10
58.562528
 20
285.921043
 42
0.042871
  0
VERTEX
  8
0
 10
57.627422
 20
285.686224
 42
0.047017
  0
VERTEX
  8
0
 10
56.868691
 20
285.342212
 42
0.125040
  0
VERTEX
  8
0
 10
56.444140
 20
284.931826
 42
-0.103775
  0
VERTEX
  8
0
 10
56.092444
 20
284.562080
 42
-0.081683
  0
VERTEX
  8
0
 10
55.591295
 20
284.325782
 42
-0.078343
  0
VERTEX
  8
0
 10
55.020424
 20
284.256234
 42
-0.083008
  0
VERTEX
  8
0
 10
54.467882
 20
284.368684
 42
0.117049
  0
VERTEX
  8
0
 10
53.920162
 20
284.442169
 42
0.100550
  0
VERTEX
  8
0
 10
53.363638
 20
284.269958
 42
0.092889
  0
VERTEX
  8
0
 10
52.883693
 20
283.877245
 42
0.083537
  0
VERTEX
  8
0
 10
52.556881
 20
283.323404
 42
-0.099680
  0
VERTEX
  8
0
 10
52.172057
 20
282.716516
 42
-0.107190
  0
VERTEX
  8
0
 10
51.591073
 20
282.324635
 42
-0.095383
  0
VERTEX
  8
0
 10
50.842376
 20
282.180911
 42
-0.063898
  0
VERTEX
  8
0
 10
49.975118
 20
282.292666
 42
0.042055
  0
VERTEX
  8
0
 10
49.177451
 20
282.431001
 42
0.051877
  0
VERTEX
  8
0
 10
48.423150
 20
282.418928
 42
0.060767
  0
VERTEX
  8
0
 10
47.817939
 20
282.270148
 42
0.165175
  0
VERTEX
  8
0
 10
47.481872
 20
281.992878
 42
-0.137303
  0
VERTEX
  8
0
 10
45.969209
 20
280.599646
 42
-0.014512
  0
VERTEX
  8
0
 10
41.590321
 20
278.525299
 42
-0.012698
  0
VERTEX
  8
0
 10
37.071216
 20
276.678338
 42
-0.184294
  0
VERTEX
  8
0
 10
35.373685
 20
276.681578
 42
0.198419
  0
VERTEX
  8
0
 10
33.602459
 20
276.636681
 42
0.104310
  0
VERTEX
  8
0
 10
31.786314
 20
275.326468
 42
0.097207
  0
VERTEX
  8
0
 10
30.560227
 20
273.300218
 42
0.150179
  0
VERTEX
  8
0
 10
30.454194
 20
271.271792
 42
-0.046091
  0
VERTEX
  8
0
 10
30.617752
 20
270.216663
 42
-0.093812
  0
VERTEX
  8
0
 10
30.513209
 20
269.387393
 42
-0.118609
  0
VERTEX
  8
0
 10
30.141271
 20
268.778827
 42
-0.105307
  0
VERTEX
  8
0
 10
29.517952
 20
268.373783
 42
0.104899
  0
VERTEX
  8
0
 10
28.904545
 20
267.975883
 42
0.114543
  0
VERTEX
  8
0
 10
28.528910
 20
267.374375
 42
0.093683
  0
VERTEX
  8
0
 10
28.412506
 20
266.567745
 42
0.050644
  0
VERTEX
  8
0
 10
28.557675
 20
265.571539
 42
-0.062635
  0
VERTEX
  8
0
 10
28.680116
 20
264.562880
 42
-0.069861
  0
VERTEX
  8
0
 10
28.539789
 20
263.593781
 42
-0.072593
  0
VERTEX
  8
0
 10
28.146196
 20
262.731544
 42
-0.076376
  0
VERTEX
  8
0
 10
27.527981
 20
262.034614
 42
0.072306
  0
VERTEX
  8
0
 10
26.914544
 20
261.354245
 42
0.076676
  0
VERTEX
  8
0
 10
26.535056
 20
260.540364
 42
0.076484
  0
VERTEX
  8
0
 10
26.417890
 20
259.648175
 42
0.071430
  0
VERTEX
  8
0
 10
26.568903
 20
258.739658
 42
-0.114522
  0
VERTEX
  8
0
 10
26.698996
 20
257.102199
 42
-0.047071
  0
VERTEX
  8
0
 10
26.160152
 20
254.927085
 42
-0.041522
  0
VERTEX
  8
0
 10
25.082912
 20
252.514272
 42
-0.033560
  0
VERTEX
  8
0
 10
23.551444
 20
250.124982
 42
0.083845
  0
VERTEX
  8
0
 10
23.181372
 20
249.396082
 42
0.033949
  0
VERTEX
  8
0
 10
22.921442
 20
248.308653
 42
0.032398
  0
VERTEX
  8
0
 10
22.795207
 20
247.075138
 42
0.035445
  0
VERTEX
  8
0
 10
22.835688
 20
245.872613
 42
-0.039302
  0
VERTEX
  8
0
 10
22.867817
 20
244.634651
 42
-0.066318
  0
VERTEX
  8
0
 10
22.677050
 20
243.615603
 42
-0.085602
  0
VERTEX
  8
0
 10
22.282503
 20
242.872849
 42
-0.137178
  0
VERTEX
  8
0
 10
21.710138
 20
242.447531
 42
0.124471
  0
VERTEX
  8
0
 10
21.146757
 20
242.050346
 42
0.099698
  0
VERTEX
  8
0
 10
20.783003
 20
241.400516
 42
0.078882
  0
VERTEX
  8
0
 10
20.646554
 20
240.522278
 42
0.046428
  0
VERTEX
  8
0
 10
20.748722
 20
239.462337
 42
-0.046774
  0
VERTEX
  8
0
 10
20.854790
 20
238.353935
 42
-0.090117
  0
VERTEX
  8
0
 10
20.697556
 20
237.479064
 42
-0.111198
  0
VERTEX
  8
0
 10
20.276820
 20
236.835561
 42
-0.101306
  0
VERTEX
  8
0
 10
19.607588
 20
236.408179
 42
0.094858
  0
VERTEX
  8
0
 10
18.934127
 20
235.990109
 42
0.121646
  0
VERTEX
  8
0
 10
18.533268
 20
235.383555
 42
0.099446
  0
VERTEX
  8
0
 10
18.414406
 20
234.561763
 42
0.047863
  0
VERTEX
  8
0
 10
18.574416
 20
233.504836
 42
-0.048117
  0
VERTEX
  8
0
 10
18.713862
 20
232.580584
 42
-0.055947
  0
VERTEX
  8
0
 10
18.662190
 20
231.693634
 42
-0.064688
  0
VERTEX
  8
0
 10
18.439716
 20
230.972307
 42
-0.148288
  0
VERTEX
  8
0
 10
18.067301
 20
230.550077
 42
0.125109
  0
VERTEX
  8
0
 10
17.651973
 20
230.120297
 42
0.046998
  0
VERTEX
  8
0
 10
17.303825
 20
229.351966
 42
0.042853
  0
VERTEX
  8
0
 10
17.066180
 20
228.404957
 42
0.040075
  0
VERTEX
  8
0
 10
16.986274
 20
227.409598
 42
-0.053517
  0
VERTEX
  8
0
 10
16.880414
 20
226.423400
 42
-0.056811
  0
VERTEX
  8
0
 10
16.567835
 20
225.502919
 42
-0.063593
  0
VERTEX
  8
0
 10
16.107231
 20
224.780947
 42
-0.128067
  0
VERTEX
  8
0
 10
15.561803
 20
224.390610
 42
0.139474
  0
VERTEX
  8
0
 10
14.950602
 20
223.932146
 42
0.108633
  0
VERTEX
  8
0
 10
14.600058
 20
223.175111
 42
0.069551
  0
VERTEX
  8
0
 10
14.511330
 20
222.045067
 42
0.025094
  0
VERTEX
  8
0
 10
14.689770
 20
220.439715
 42
-0.024494
  0
VERTEX
  8
0
 10
14.879483
 20
218.751382
 42
-0.080751
  0
VERTEX
  8
0
 10
14.769959
 20
217.640024
 42
-0.126402
  0
VERTEX
  8
0
 10
14.357058
 20
216.903332
 42
-0.110968
  0
VERTEX
  8
0
 10
13.621356
 20
216.413462
 42
0.093400
  0
VERTEX
  8
0
 10
12.939710
 20
215.993036
 42
0.122194
  0
VERTEX
  8
0
 10
12.534650
 20
215.386348
 42
0.100281
  0
VERTEX
  8
0
 10
12.414144
 20
214.564615
 42
0.047942
  0
VERTEX
  8
0
 10
12.574416
 20
213.504836
 42
-0.048117
  0
VERTEX
  8
0
 10
12.713862
 20
212.580584
 42
-0.055947
  0
VERTEX
  8
0
 10
12.662190
 20
211.693634
 42
-0.064688
  0
VERTEX
  8
0
 10
12.439716
 20
210.972307
 42
-0.148288
  0
VERTEX
  8
0
 10
12.067301
 20
210.550077
 42
0.125109
  0
VERTEX
  8
0
 10
11.651973
 20
210.120297
 42
0.046998
  0
VERTEX
  8
0
 10
11.303825
 20
209.351966
 42
0.042853
  0
VERTEX
  8
0
 10
11.066180
 20
208.404957
 42
0.040075
  0
VERTEX
  8
0
 10
10.986274
 20
207.409598
 42
-0.056020
  0
VERTEX
  8
0
 10
10.875216
 20
206.421482
 42
-0.058054
  0
VERTEX
  8
0
 10
10.547739
 20
205.495207
 42
-0.064464
  0
VERTEX
  8
0
 10
10.064834
 20
204.765411
 42
-0.123391
  0
VERTEX
  8
0
 10
9.493389
 20
204.364357
 42
0.107958
  0
VERTEX
  8
0
 10
8.894293
 20
203.970570
 42
0.113213
  0
VERTEX
  8
0
 10
8.526450
 20
203.368924
 42
0.092086
  0
VERTEX
  8
0
 10
8.413059
 20
202.562158
 42
0.050515
  0
VERTEX
  8
0
 10
8.557675
 20
201.571539
 42
-0.061054
  0
VERTEX
  8
0
 10
8.679899
 20
200.590497
 42
-0.064960
  0
VERTEX
  8
0
 10
8.556561
 20
199.630258
 42
-0.068988
  0
VERTEX
  8
0
 10
8.203820
 20
198.784755
 42
-0.086483
  0
VERTEX
  8
0
 10
7.653794
 20
198.139030
 42
0.085422
  0
VERTEX
  8
0
 10
7.132980
 20
197.530202
 42
0.061390
  0
VERTEX
  8
0
 10
6.771804
 20
196.709526
 42
0.060510
  0
VERTEX
  8
0
 10
6.616693
 20
195.811775
 42
0.076648
  0
VERTEX
  8
0
 10
6.702962
 20
194.975384
 42
-0.068361
  0
VERTEX
  8
0
 10
6.807309
 20
194.104642
 42
-0.103124
  0
VERTEX
  8
0
 10
6.639087
 20
193.362009
 42
-0.109575
  0
VERTEX
  8
0
 10
6.199330
 20
192.779390
 42
-0.085091
  0
VERTEX
  8
0
 10
5.514634
 20
192.372509
 42
0.097626
  0
VERTEX
  8
0
 10
4.729645
 20
191.879220
 42
0.136424
  0
VERTEX
  8
0
 10
4.302924
 20
191.173665
 42
0.089342
  0
VERTEX
  8
0
 10
4.202681
 20
190.116710
 42
0.025454
  0
VERTEX
  8
0
 10
4.424727
 20
188.476382
 42
-0.025720
  0
VERTEX
  8
0
 10
4.637602
 20
186.897490
 42
-0.079450
  0
VERTEX
  8
0
 10
4.556138
 20
185.827346
 42
-0.124059
  0
VERTEX
  8
0
 10
4.182451
 20
185.112011
 42
-0.119598
  0
VERTEX
  8
0
 10
3.509820
 20
184.647409
 42
0.121391
  0
VERTEX
  8
0
 10
2.926711
 20
184.241591
 42
0.064801
  0
VERTEX
  8
0
 10
2.433816
 20
183.508249
 42
0.058578
  0
VERTEX
  8
0
 10
2.099662
 20
182.579380
 42
0.057139
  0
VERTEX
  8
0
 10
1.986274
 20
181.590402
 42
-0.037171
  0
VERTEX
  8
0
 10
1.912447
 20
180.598710
 42
-0.041106
  0
VERTEX
  8
0
 10
1.692524
 20
179.662745
 42
-0.045117
  0
VERTEX
  8
0
 10
1.370846
 20
178.908481
 42
-0.131736
  0
VERTEX
  8
0
 10
0.986274
 20
178.500000
 42
0.179043
  0
VERTEX
  8
0
 10
0.179659
 20
177.466868
 42
0.105189
  0
VERTEX
  8
0
 10
0.022866
 20
175.887483
 42
0.119300
  0
VERTEX
  8
0
 10
0.519564
 20
174.518854
 42
0.251400
  0
VERTEX
  8
0
 10
1.486274
 20
174.000000
 42
0.064853
  0
VERTEX
  8
0
 10
2.059730
 20
174.074694
 42
0.082425
  0
VERTEX
  8
0
 10
2.545649
 20
174.293750
 42
0.098894
  0
VERTEX
  8
0
 10
2.870706
 20
174.618646
 42
0.148195
  0
VERTEX
  8
0
 10
2.986274
 20
175.000000
 42
-0.222681
  0
VERTEX
  8
0
 10
3.165650
 20
175.382793
 42
-0.076538
  0
VERTEX
  8
0
 10
3.703312
 20
175.706250
 42
-0.058208
  0
VERTEX
  8
0
 10
4.492554
 20
175.926830
 42
-0.039081
  0
VERTEX
  8
0
 10
5.427257
 20
176.000000
 42
0.037634
  0
VERTEX
  8
0
 10
6.406933
 20
176.073842
 42
0.041396
  0
VERTEX
  8
0
 10
7.332748
 20
176.293750
 42
0.045439
  0
VERTEX
  8
0
 10
8.079610
 20
176.615492
 42
0.130646
  0
VERTEX
  8
0
 10
8.486274
 20
177.000000
 42
-0.126832
  0
VERTEX
  8
0
 10
8.886646
 20
177.384291
 42
-0.046526
  0
VERTEX
  8
0
 10
9.608371
 20
177.706250
 42
-0.042402
  0
VERTEX
  8
0
 10
10.499581
 20
177.926106
 42
-0.039298
  0
VERTEX
  8
0
 10
11.438302
 20
178.000000
 42
0.058867
  0
VERTEX
  8
0
 10
12.373193
 20
178.110450
 42
0.059349
  0
VERTEX
  8
0
 10
13.253869
 20
178.435673
 42
0.065262
  0
VERTEX
  8
0
 10
13.951393
 20
178.915594
 42
0.118398
  0
VERTEX
  8
0
 10
14.341431
 20
179.483141
 42
-0.098292
  0
VERTEX
  8
0
 10
14.677324
 20
180.016098
 42
-0.102570
  0
VERTEX
  8
0
 10
15.186840
 20
180.370735
 42
-0.100928
  0
VERTEX
  8
0
 10
15.802430
 20
180.497094
 42
-0.092181
  0
VERTEX
  8
0
 10
16.439990
 20
180.379387
 42
0.097778
  0
VERTEX
  8
0
 10
17.100924
 20
180.264932
 42
0.110916
  0
VERTEX
  8
0
 10
17.723985
 20
180.420310
 42
0.105093
  0
VERTEX
  8
0
 10
18.245269
 20
180.837336
 42
0.080230
  0
VERTEX
  8
0
 10
18.613380
 20
181.470637
 42
-0.087612
  0
VERTEX
  8
0
 10
19.041724
 20
182.183305
 42
-0.122988
  0
VERTEX
  8
0
 10
19.647488
 20
182.606761
 42
-0.103622
  0
VERTEX
  8
0
 10
20.463118
 20
182.737408
 42
-0.049598
  0
VERTEX
  8
0
 10
21.517551
 20
182.581506
 42
0.049094
  0
VERTEX
  8
0
 10
22.556246
 20
182.426863
 42
0.098909
  0
VERTEX
  8
0
 10
23.371977
 20
182.548055
 42
0.120135
  0
VERTEX
  8
0
 10
23.976614
 20
182.947479
 42
0.095658
  0
VERTEX
  8
0
 10
24.391333
 20
183.613185
 42
-0.096100
  0
VERTEX
  8
0
 10
24.815187
 20
184.292229
 42
-0.125507
  0
VERTEX
  8
0
 10
25.428702
 20
184.686736
 42
-0.098851
  0
VERTEX
  8
0
 10
26.273392
 20
184.792609
 42
-0.043410
  0
VERTEX
  8
0
 10
27.391333
 20
184.613185
 42
0.043442
  0
VERTEX
  8
0
 10
28.510907
 20
184.433571
 42
0.099306
  0
VERTEX
  8
0
 10
29.355510
 20
184.540315
 42
0.125831
  0
VERTEX
  8
0
 10
29.969053
 20
184.937070
 42
0.095291
  0
VERTEX
  8
0
 10
30.394167
 20
185.620569
 42
-0.093794
  0
VERTEX
  8
0
 10
30.785281
 20
186.253583
 42
-0.107109
  0
VERTEX
  8
0
 10
31.365048
 20
186.664778
 42
-0.098029
  0
VERTEX
  8
0
 10
32.106064
 20
186.821221
 42
-0.067203
  0
VERTEX
  8
0
 10
32.961658
 20
186.716688
 42
0.076898
  0
VERTEX
  8
0
 10
33.798372
 20
186.630806
 42
0.060546
  0
VERTEX
  8
0
 10
34.697076
 20
186.787068
 42
0.061374
  0
VERTEX
  8
0
 10
35.519152
 20
187.149946
 42
0.085151
  0
VERTEX
  8
0
 10
36.129650
 20
187.672757
 42
-0.078549
  0
VERTEX
  8
0
 10
36.727780
 20
188.198732
 42
-0.060767
  0
VERTEX
  8
0
 10
37.512875
 20
188.571351
 42
-0.061255
  0
VERTEX
  8
0
 10
38.357213
 20
188.741974
 42
-0.083396
  0
VERTEX
  8
0
 10
39.129650
 20
188.672757
 42
0.082175
  0
VERTEX
  8
0
 10
39.900612
 20
188.601786
 42
0.061154
  0
VERTEX
  8
0
 10
40.740569
 20
188.767109
 42
0.060908
  0
VERTEX
  8
0
 10
41.519227
 20
189.131938
 42
0.079730
  0
VERTEX
  8
0
 10
42.109720
 20
189.648744
 42
-0.063292
  0
VERTEX
  8
0
 10
42.661168
 20
190.164179
 42
-0.063178
  0
VERTEX
  8
0
 10
43.324340
 20
190.525655
 42
-0.069103
  0
VERTEX
  8
0
 10
43.993991
 20
190.685897
 42
-0.116345
  0
VERTEX
  8
0
 10
44.563729
 20
190.608651
 42
0.122556
  0
VERTEX
  8
0
 10
45.088928
 20
190.543985
 42
0.100764
  0
VERTEX
  8
0
 10
45.626259
 20
190.723384
 42
0.091124
  0
VERTEX
  8
0
 10
46.093520
 20
191.120826
 42
0.079621
  0
VERTEX
  8
0
 10
46.415666
 20
191.676596
 42
-0.099729
  0
VERTEX
  8
0
 10
46.797312
 20
192.278343
 42
-0.105124
  0
VERTEX
  8
0
 10
47.375877
 20
192.671880
 42
-0.094728
  0
VERTEX
  8
0
 10
48.116072
 20
192.821107
 42
-0.066554
  0
VERTEX
  8
0
 10
48.961658
 20
192.716688
 42
0.076648
  0
VERTEX
  8
0
 10
49.798049
 20
192.630419
 42
0.060510
  0
VERTEX
  8
0
 10
50.695799
 20
192.785530
 42
0.061390
  0
VERTEX
  8
0
 10
51.516476
 20
193.146706
 42
0.085422
  0
VERTEX
  8
0
 10
52.125303
 20
193.667520
 42
-0.086483
  0
VERTEX
  8
0
 10
52.771028
 20
194.217547
 42
-0.068988
  0
VERTEX
  8
0
 10
53.616531
 20
194.570287
 42
-0.064960
  0
VERTEX
  8
0
 10
54.576771
 20
194.693626
 42
-0.061054
  0
VERTEX
  8
0
 10
55.557812
 20
194.571401
 42
0.050515
  0
VERTEX
  8
0
 10
56.548432
 20
194.426785
 42
0.092086
  0
VERTEX
  8
0
 10
57.355197
 20
194.540176
 42
0.113213
  0
VERTEX
  8
0
 10
57.956844
 20
194.908019
 42
0.107958
  0
VERTEX
  8
0
 10
58.350630
 20
195.507115
 42
-0.123391
  0
VERTEX
  8
0
 10
58.751684
 20
196.078560
 42
-0.064464
  0
VERTEX
  8
0
 10
59.481481
 20
196.561465
 42
-0.058054
  0
VERTEX
  8
0
 10
60.407755
 20
196.888942
 42
-0.056020
  0
VERTEX
  8
0
 10
61.395872
 20
197.000000
 42
0.040292
  0
VERTEX
  8
0
 10
62.391507
 20
197.080363
 42
0.042977
  0
VERTEX
  8
0
 10
63.339345
 20
197.319341
 42
0.047126
  0
VERTEX
  8
0
 10
64.108751
 20
197.669477
 42
0.124633
  0
VERTEX
  8
0
 10
64.540116
 20
198.087118
 42
-0.127969
  0
VERTEX
  8
0
 10
64.937017
 20
198.466374
 42
-0.070112
  0
VERTEX
  8
0
 10
65.568683
 20
198.710007
 42
-0.062485
  0
VERTEX
  8
0
 10
66.326852
 20
198.788616
 42
-0.058638
  0
VERTEX
  8
0
 10
67.098137
 20
198.680998
 42
0.045559
  0
VERTEX
  8
0
 10
67.858298
 20
198.554638
 42
0.054525
  0
VERTEX
  8
0
 10
68.583234
 20
198.580220
 42
0.063577
  0
VERTEX
  8
0
 10
69.169232
 20
198.743157
 42
0.156007
  0
VERTEX
  8
0
 10
69.505158
 20
199.030556
 42
-0.128278
  0
VERTEX
  8
0
 10
70.804119
 20
200.270254
 42
-0.030716
  0
VERTEX
  8
0
 10
73.517885
 20
201.566069
 42
-0.030091
  0
VERTEX
  8
0
 10
76.354503
 20
202.518414
 42
-0.143747
  0
VERTEX
  8
0
 10
78.044305
 20
202.481582
 42
0.083715
  0
VERTEX
  8
0
 10
78.782395
 20
202.377350
 42
0.103900
  0
VERTEX
  8
0
 10
79.455614
 20
202.537686
 42
0.104848
  0
VERTEX
  8
0
 10
80.003009
 20
202.953645
 42
0.086630
  0
VERTEX
  8
0
 10
80.380001
 20
203.583653
 42
-0.090160
  0
VERTEX
  8
0
 10
80.777398
 20
204.237325
 42
-0.108208
  0
VERTEX
  8
0
 10
81.358187
 20
204.660027
 42
-0.100118
  0
VERTEX
  8
0
 10
82.099813
 20
204.821200
 42
-0.067654
  0
VERTEX
  8
0
 10
82.961658
 20
204.716688
 42
0.076648
  0
VERTEX
  8
0
 10
83.798049
 20
204.630419
 42
0.060510
  0
VERTEX
  8
0
 10
84.695799
 20
204.785530
 42
0.061390
  0
VERTEX
  8
0
 10
85.516476
 20
205.146706
 42
0.085422
  0
VERTEX
  8
0
 10
86.125303
 20
205.667520
 42
-0.086483
  0
VERTEX
  8
0
 10
86.771028
 20
206.217547
 42
-0.068988
  0
VERTEX
  8
0
 10
87.616531
 20
206.570287
 42
-0.064960
  0
VERTEX
  8
0
 10
88.576771
 20
206.693626
 42
-0.061054
  0
VERTEX
  8
0
 10
89.557812
 20
206.571401
 42
0.050644
  0
VERTEX
  8
0
 10
90.554019
 20
206.426232
 42
0.093683
  0
VERTEX
  8
0
 10
91.360649
 20
206.542636
 42
0.114543
  0
VERTEX
  8
0
 10
91.962157
 20
206.918271
 42
0.104899
  0
VERTEX
  8
0
 10
92.360056
 20
207.531679
 42
-0.105681
  0
VERTEX
  8
0
 10
92.770155
 20
208.161754
 42
-0.121385
  0
VERTEX
  8
0
 10
93.383977
 20
208.531065
 42
-0.093687
  0
VERTEX
  8
0
 10
94.229833
 20
208.627245
 42
-0.043101
  0
VERTEX
  8
0
 10
95.328780
 20
208.450173
 42
0.043783
  0
VERTEX
  8
0
 10
96.463537
 20
208.268915
 42
0.103619
  0
VERTEX
  8
0
 10
97.307458
 20
208.384072
 42
0.128597
  0
VERTEX
  8
0
 10
97.921668
 20
208.802394
 42
0.087897
  0
VERTEX
  8
0
 10
98.359168
 20
209.529363
 42
-0.082569
  0
VERTEX
  8
0
 10
98.711678
 20
210.129388
 42
-0.092472
  0
VERTEX
  8
0
 10
99.227806
 20
210.555748
 42
-0.100624
  0
VERTEX
  8
0
 10
99.825086
 20
210.744079
 42
-0.118368
  0
VERTEX
  8
0
 10
100.411944
 20
210.666896
 42
0.108722
  0
VERTEX
  8
0
 10
100.994808
 20
210.578916
 42
0.099733
  0
VERTEX
  8
0
 10
101.580840
 20
210.738324
 42
0.095398
  0
VERTEX
  8
0
 10
102.079734
 20
211.121232
 42
0.090131
  0
VERTEX
  8
0
 10
102.412833
 20
211.669212
 42
-0.102552
  0
VERTEX
  8
0
 10
102.827203
 20
212.314554
 42
-0.122785
  0
VERTEX
  8
0
 10
103.440802
 20
212.691821
 42
-0.095330
  0
VERTEX
  8
0
 10
104.286251
 20
212.791046
 42
-0.043189
  0
VERTEX
  8
0
 10
105.391333
 20
212.613185
 42
0.043442
  0
VERTEX
  8
0
 10
106.510907
 20
212.433571
 42
0.099306
  0
VERTEX
  8
0
 10
107.355510
 20
212.540315
 42
0.125831
  0
VERTEX
  8
0
 10
107.969053
 20
212.937070
 42
0.095291
  0
VERTEX
  8
0
 10
108.394167
 20
213.620569
 42
-0.093794
  0
VERTEX
  8
0
 10
108.785281
 20
214.253583
 42
-0.107109
  0
VERTEX
  8
0
 10
109.365048
 20
214.664778
 42
-0.098029
  0
VERTEX
  8
0
 10
110.106064
 20
214.821221
 42
-0.067203
  0
VERTEX
  8
0
 10
110.961658
 20
214.716688
 42
0.076648
  0
VERTEX
  8
0
 10
111.798049
 20
214.630419
 42
0.060510
  0
VERTEX
  8
0
 10
112.695799
 20
214.785530
 42
0.061390
  0
VERTEX
  8
0
 10
113.516476
 20
215.146706
 42
0.085422
  0
VERTEX
  8
0
 10
114.125303
 20
215.667520
 42
-0.086483
  0
VERTEX
  8
0
 10
114.771028
 20
216.217547
 42
-0.068988
  0
VERTEX
  8
0
 10
115.616531
 20
216.570287
 42
-0.064960
  0
VERTEX
  8
0
 10
116.576771
 20
216.693626
 42
-0.061054
  0
VERTEX
  8
0
 10
117.557812
 20
216.571401
 42
0.051132
  0
VERTEX
  8
0
 10
118.571422
 20
216.424703
 42
0.098789
  0
VERTEX
  8
0
 10
119.377832
 20
216.551024
 42
0.118293
  0
VERTEX
  8
0
 10
119.979661
 20
216.952081
 42
0.095559
  0
VERTEX
  8
0
 10
120.391333
 20
217.613185
 42
-0.096100
  0
VERTEX
  8
0
 10
120.815187
 20
218.292229
 42
-0.125507
  0
VERTEX
  8
0
 10
121.428702
 20
218.686736
 42
-0.098851
  0
VERTEX
  8
0
 10
122.273392
 20
218.792609
 42
-0.043410
  0
VERTEX
  8
0
 10
123.391333
 20
218.613185
 42
0.043400
  0
VERTEX
  8
0
 10
124.508759
 20
218.433820
 42
0.098708
  0
VERTEX
  8
0
 10
125.353477
 20
218.539419
 42
0.125404
  0
VERTEX
  8
0
 10
125.966985
 20
218.933221
 42
0.096355
  0
VERTEX
  8
0
 10
126.390445
 20
219.610869
 42
-0.086975
  0
VERTEX
  8
0
 10
126.731250
 20
220.179520
 42
-0.094267
  0
VERTEX
  8
0
 10
127.236994
 20
220.579691
 42
-0.100188
  0
VERTEX
  8
0
 10
127.827496
 20
220.750576
 42
-0.112570
  0
VERTEX
  8
0
 10
128.411944
 20
220.666896
 42
0.109252
  0
VERTEX
  8
0
 10
128.995026
 20
220.579508
 42
0.099804
  0
VERTEX
  8
0
 10
129.581673
 20
220.740493
 42
0.095246
  0
VERTEX
  8
0
 10
130.081509
 20
221.125775
 42
0.089684
  0
VERTEX
  8
0
 10
130.415666
 20
221.676596
 42
-0.099729
  0
VERTEX
  8
0
 10
130.797312
 20
222.278343
 42
-0.105124
  0
VERTEX
  8
0
 10
131.375877
 20
222.671880
 42
-0.094728
  0
VERTEX
  8
0
 10
132.116072
 20
222.821107
 42
-0.066554
  0
VERTEX
  8
0
 10
132.961658
 20
222.716688
 42
0.076898
  0
VERTEX
  8
0
 10
133.798372
 20
222.630806
 42
0.060546
  0
VERTEX
  8
0
 10
134.697076
 20
222.787068
 42
0.061374
  0
VERTEX
  8
0
 10
135.519152
 20
223.149946
 42
0.085151
  0
VERTEX
  8
0
 10
136.129650
 20
223.672757
 42
-0.078549
  0
VERTEX
  8
0
 10
136.727780
 20
224.198732
 42
-0.060767
  0
VERTEX
  8
0
 10
137.512875
 20
224.571351
 42
-0.061255
  0
VERTEX
  8
0
 10
138.357213
 20
224.741974
 42
-0.083396
  0
VERTEX
  8
0
 10
139.129650
 20
224.672757
 42
0.083396
  0
VERTEX
  8
0
 10
139.902086
 20
224.603540
 42
0.061255
  0
VERTEX
  8
0
 10
140.746424
 20
224.774163
 42
0.060767
  0
VERTEX
  8
0
 10
141.531519
 20
225.146783
 42
0.078549
  0
VERTEX
  8
0
 10
142.129650
 20
225.672757
 42
-0.078549
  0
VERTEX
  8
0
 10
142.727780
 20
226.198732
 42
-0.060767
  0
VERTEX
  8
0
 10
143.512875
 20
226.571351
 42
-0.061255
  0
VERTEX
  8
0
 10
144.357213
 20
226.741974
 42
-0.083396
  0
VERTEX
  8
0
 10
145.129650
 20
226.672757
 42
0.083131
  0
VERTEX
  8
0
 10
145.901765
 20
226.603158
 42
0.061234
  0
VERTEX
  8
0
 10
146.745147
 20
226.772625
 42
0.060799
  0
VERTEX
  8
0
 10
147.528838
 20
227.143546
 42
0.078804
  0
VERTEX
  8
0
 10
148.125303
 20
227.667520
 42
-0.086323
  0
VERTEX
  8
0
 10
148.785594
 20
228.230316
 42
-0.072723
  0
VERTEX
  8
0
 10
149.636867
 20
228.578689
 42
-0.066908
  0
VERTEX
  8
0
 10
150.619187
 20
228.686822
 42
-0.055539
  0
VERTEX
  8
0
 10
151.662071
 20
228.545234
 42
0.036767
  0
VERTEX
  8
0
 10
152.552801
 20
228.390129
 42
0.063488
  0
VERTEX
  8
0
 10
153.303539
 20
228.411083
 42
0.095652
  0
VERTEX
  8
0
 10
153.806725
 20
228.592160
 42
0.264587
  0
VERTEX
  8
0
 10
153.986274
 20
228.907706
 42
-0.261060
  0
VERTEX
  8
0
 10
154.640650
 20
230.075599
 42
-0.032988
  0
VERTEX
  8
0
 10
157.296463
 20
231.469749
 42
-0.035934
  0
VERTEX
  8
0
 10
160.192890
 20
232.512648
 42
-0.146307
  0
VERTEX
  8
0
 10
162.044305
 20
232.481582
 42
0.083562
  0
VERTEX
  8
0
 10
162.781393
 20
232.377263
 42
0.103517
  0
VERTEX
  8
0
 10
163.454389
 20
232.536576
 42
0.104720
  0
VERTEX
  8
0
 10
164.001422
 20
232.950213
 42
0.087292
  0
VERTEX
  8
0
 10
164.377167
 20
233.576268
 42
-0.092149
  0
VERTEX
  8
0
 10
164.807345
 20
234.277612
 42
-0.127051
  0
VERTEX
  8
0
 10
165.421077
 20
234.683299
 42
-0.101103
  0
VERTEX
  8
0
 10
166.265365
 20
234.793516
 42
-0.043576
  0
VERTEX
  8
0
 10
167.391333
 20
234.613185
 42
0.043442
  0
VERTEX
  8
0
 10
168.510907
 20
234.433571
 42
0.099306
  0
VERTEX
  8
0
 10
169.355510
 20
234.540315
 42
0.125831
  0
VERTEX
  8
0
 10
169.969053
 20
234.937070
 42
0.095291
  0
VERTEX
  8
0
 10
170.394167
 20
235.620569
 42
-0.093794
  0
VERTEX
  8
0
 10
170.785281
 20
236.253583
 42
-0.107109
  0
VERTEX
  8
0
 10
171.365048
 20
236.664778
 42
-0.098029
  0
VERTEX
  8
0
 10
172.106064
 20
236.821221
 42
-0.067203
  0
VERTEX
  8
0
 10
172.961658
 20
236.716688
 42
0.076898
  0
VERTEX
  8
0
 10
173.798372
 20
236.630806
 42
0.060546
  0
VERTEX
  8
0
 10
174.697076
 20
236.787068
 42
0.061374
  0
VERTEX
  8
0
 10
175.519152
 20
237.149946
 42
0.085151
  0
VERTEX
  8
0
 10
176.129650
 20
237.672757
 42
-0.079971
  0
VERTEX
  8
0
 10
176.730423
 20
238.198052
 42
-0.060935
  0
VERTEX
  8
0
 10
177.523383
 20
238.568603
 42
-0.061132
  0
VERTEX
  8
0
 10
178.379294
 20
238.736158
 42
-0.081929
  0
VERTEX
  8
0
 10
179.165421
 20
238.663403
 42
0.047238
  0
VERTEX
  8
0
 10
179.899824
 20
238.543851
 42
0.055712
  0
VERTEX
  8
0
 10
180.602999
 20
238.575051
 42
0.064744
  0
VERTEX
  8
0
 10
181.173522
 20
238.742176
 42
0.151891
  0
VERTEX
  8
0
 10
181.505158
 20
239.030556
 42
-0.128278
  0
VERTEX
  8
0
 10
182.804119
 20
240.270254
 42
-0.030716
  0
VERTEX
  8
0
 10
185.517885
 20
241.566069
 42
-0.030091
  0
VERTEX
  8
0
 10
188.354503
 20
242.518414
 42
-0.143747
  0
VERTEX
  8
0
 10
190.044305
 20
242.481582
 42
0.083715
  0
VERTEX
  8
0
 10
190.782395
 20
242.377350
 42
0.103900
  0
VERTEX
  8
0
 10
191.455614
 20
242.537686
 42
0.104848
  0
VERTEX
  8
0
 10
192.003009
 20
242.953645
 42
0.086630
  0
VERTEX
  8
0
 10
192.380001
 20
243.583653
 42
-0.090160
  0
VERTEX
  8
0
 10
192.777398
 20
244.237325
 42
-0.108208
  0
VERTEX
  8
0
 10
193.358187
 20
244.660027
 42
-0.100118
  0
VERTEX
  8
0
 10
194.099813
 20
244.821200
 42
-0.067654
  0
VERTEX
  8
0
 10
194.961658
 20
244.716688
 42
0.076648
  0
VERTEX
  8
0
 10
195.798049
 20
244.630419
 42
0.060510
  0
VERTEX
  8
0
 10
196.695799
 20
244.785530
 42
0.061390
  0
VERTEX
  8
0
 10
197.516476
 20
245.146706
 42
0.085422
  0
VERTEX
  8
0
 10
198.125303
 20
245.667520
 42
-0.086483
  0
VERTEX
  8
0
 10
198.771028
 20
246.217547
 42
-0.068988
  0
VERTEX
  8
0
 10
199.616531
 20
246.570287
 42
-0.064960
  0
VERTEX
  8
0
 10
200.576771
 20
246.693626
 42
-0.061054
  0
VERTEX
  8
0
 10
201.557812
 20
246.571401
 42
0.050515
  0
VERTEX
  8
0
 10
202.548432
 20
246.426785
 42
0.092086
  0
VERTEX
  8
0
 10
203.355197
 20
246.540176
 42
0.113213
  0
VERTEX
  8
0
 10
203.956844
 20
246.908019
 42
0.107958
  0
VERTEX
  8
0
 10
204.350630
 20
247.507115
 42
-0.123391
  0
VERTEX
  8
0
 10
204.751684
 20
248.078560
 42
-0.064464
  0
VERTEX
  8
0
 10
205.481481
 20
248.561465
 42
-0.058054
  0
VERTEX
  8
0
 10
206.407755
 20
248.888942
 42
-0.056020
  0
VERTEX
  8
0
 10
207.395872
 20
249.000000
 42
0.040292
  0
VERTEX
  8
0
 10
208.391507
 20
249.080363
 42
0.042977
  0
VERTEX
  8
0
 10
209.339345
 20
249.319341
 42
0.047126
  0
VERTEX
  8
0
 10
210.108751
 20
249.669477
 42
0.124633
  0
VERTEX
  8
0
 10
210.540116
 20
250.087118
 42
-0.125957
  0
VERTEX
  8
0
 10
210.934513
 20
250.466980
 42
-0.070436
  0
VERTEX
  8
0
 10
211.558175
 20
250.712754
 42
-0.063034
  0
VERTEX
  8
0
 10
212.304762
 20
250.794346
 42
-0.059753
  0
VERTEX
  8
0
 10
213.062365
 20
250.690353
 42
0.080675
  0
VERTEX
  8
0
 10
213.860552
 20
250.614475
 42
0.061010
  0
VERTEX
  8
0
 10
214.726659
 20
250.779332
 42
0.061065
  0
VERTEX
  8
0
 10
215.526552
 20
251.148059
 42
0.081217
  0
VERTEX
  8
0
 10
216.129650
 20
251.672757
 42
-0.079971
  0
VERTEX
  8
0
 10
216.730423
 20
252.198052
 42
-0.060935
  0
VERTEX
  8
0
 10
217.523383
 20
252.568603
 42
-0.061132
  0
VERTEX
  8
0
 10
218.379294
 20
252.736158
 42
-0.081929
  0
VERTEX
  8
0
 10
219.165421
 20
252.663403
 42
0.047238
  0
VERTEX
  8
0
 10
219.899824
 20
252.543851
 42
0.055712
  0
VERTEX
  8
0
 10
220.602999
 20
252.575051
 42
0.064744
  0
VERTEX
  8
0
 10
221.173522
 20
252.742176
 42
0.151891
  0
VERTEX
  8
0
 10
221.505158
 20
253.030556
 42
-0.126306
  0
VERTEX
  8
0
 10
222.624544
 20
254.107208
 42
-0.020292
  0
VERTEX
  8
0
 10
225.343027
 20
255.502096
 42
-0.022303
  0
VERTEX
  8
0
 10
228.200604
 20
256.673064
 42
-0.086290
  0
VERTEX
  8
0
 10
230.080895
 20
257.000000
 42
0.054798
  0
VERTEX
  8
0
 10
230.814416
 20
257.080633
 42
0.049354
  0
VERTEX
  8
0
 10
231.540571
 20
257.319341
 42
0.052444
  0
VERTEX
  8
0
 10
232.152699
 20
257.670653
 42
0.098166
  0
VERTEX
  8
0
 10
232.540116
 20
258.087118
 42
-0.125957
  0
VERTEX
  8
0
 10
232.934513
 20
258.466980
 42
-0.070436
  0
VERTEX
  8
0
 10
233.558175
 20
258.712754
 42
-0.063034
  0
VERTEX
  8
0
 10
234.304762
 20
258.794346
 42
-0.059753
  0
VERTEX
  8
0
 10
235.062365
 20
258.690353
 42
0.080675
  0
VERTEX
  8
0
 10
235.860552
 20
258.614475
 42
0.061010
  0
VERTEX
  8
0
 10
236.726659
 20
258.779332
 42
0.061065
  0
VERTEX
  8
0
 10
237.526552
 20
259.148059
 42
0.081217
  0
VERTEX
  8
0
 10
238.129650
 20
259.672757
 42
-0.078549
  0
VERTEX
  8
0
 10
238.727780
 20
260.198732
 42
-0.060767
  0
VERTEX
  8
0
 10
239.512875
 20
260.571351
 42
-0.061255
  0
VERTEX
  8
0
 10
240.357213
 20
260.741974
 42
-0.083396
  0
VERTEX
  8
0
 10
241.129650
 20
260.672757
 42
0.083396
  0
VERTEX
  8
0
 10
241.902086
 20
260.603540
 42
0.061255
  0
VERTEX
  8
0
 10
242.746424
 20
260.774163
 42
0.060767
  0
VERTEX
  8
0
 10
243.531519
 20
261.146783
 42
0.078549
  0
VERTEX
  8
0
 10
244.129650
 20
261.672757
 42
-0.078549
  0
VERTEX
  8
0
 10
244.727780
 20
262.198732
 42
-0.060767
  0
VERTEX
  8
0
 10
245.512875
 20
262.571351
 42
-0.061255
  0
VERTEX
  8
0
 10
246.357213
 20
262.741974
 42
-0.083396
  0
VERTEX
  8
0
 10
247.129650
 20
262.672757
 42
0.083396
  0
VERTEX
  8
0
 10
247.902086
 20
262.603540
 42
0.061255
  0
VERTEX
  8
0
 10
248.746424
 20
262.774163
 42
0.060767
  0
VERTEX
  8
0
 10
249.531519
 20
263.146783
 42
0.078549
  0
VERTEX
  8
0
 10
250.129650
 20
263.672757
 42
-0.078549
  0
VERTEX
  8
0
 10
250.727780
 20
264.198732
 42
-0.060767
  0
VERTEX
  8
0
 10
251.512875
 20
264.571351
 42
-0.061255
  0
VERTEX
  8
0
 10
252.357213
 20
264.741974
 42
-0.083396
  0
VERTEX
  8
0
 10
253.129650
 20
264.672757
 42
0.083396
  0
VERTEX
  8
0
 10
253.902086
 20
264.603540
 42
0.061255
  0
VERTEX
  8
0
 10
254.746424
 20
264.774163
 42
0.060767
  0
VERTEX
  8
0
 10
255.531519
 20
265.146783
 42
0.078549
  0
VERTEX
  8
0
 10
256.129650
 20
265.672757
 42
-0.079971
  0
VERTEX
  8
0
 10
256.730423
 20
266.198052
 42
-0.060935
  0
VERTEX
  8
0
 10
257.523383
 20
266.568603
 42
-0.061132
  0
VERTEX
  8
0
 10
258.379294
 20
266.736158
 42
-0.081929
  0
VERTEX
  8
0
 10
259.165421
 20
266.663403
 42
0.049276
  0
VERTEX
  8
0
 10
259.901480
 20
266.546652
 42
0.057086
  0
VERTEX
  8
0
 10
260.609637
 20
266.585792
 42
0.066017
  0
VERTEX
  8
0
 10
261.186855
 20
266.765046
 42
0.147116
  0
VERTEX
  8
0
 10
261.527756
 20
267.067120
 42
-0.131241
  0
VERTEX
  8
0
 10
262.752925
 20
268.222829
 42
-0.023127
  0
VERTEX
  8
0
 10
265.628034
 20
269.608109
 42
-0.019581
  0
VERTEX
  8
0
 10
268.605693
 20
270.741141
 42
-0.223097
  0
VERTEX
  8
0
 10
269.822696
 20
270.601097
 42
0.158665
  0
VERTEX
  8
0
 10
270.273408
 20
270.491341
 42
0.080363
  0
VERTEX
  8
0
 10
270.847429
 20
270.629515
 42
0.066805
  0
VERTEX
  8
0
 10
271.453200
 20
270.984457
 42
0.053713
  0
VERTEX
  8
0
 10
271.995412
 20
271.511010
 42
-0.076023
  0
VERTEX
  8
0
 10
272.637534
 20
272.081414
 42
-0.044492
  0
VERTEX
  8
0
 10
273.549232
 20
272.562609
 42
-0.043312
  0
VERTEX
  8
0
 10
274.571288
 20
272.890167
 42
-0.055952
  0
VERTEX
  8
0
 10
275.549701
 20
273.000000
 42
0.042855
  0
VERTEX
  8
0
 10
276.486461
 20
273.080437
 42
0.044371
  0
VERTEX
  8
0
 10
277.384533
 20
273.319341
 42
0.048511
  0
VERTEX
  8
0
 10
278.118154
 20
273.669773
 42
0.119222
  0
VERTEX
  8
0
 10
278.540116
 20
274.087118
 42
-0.127969
  0
VERTEX
  8
0
 10
278.937017
 20
274.466374
 42
-0.070112
  0
VERTEX
  8
0
 10
279.568683
 20
274.710007
 42
-0.062485
  0
VERTEX
  8
0
 10
280.326852
 20
274.788616
 42
-0.058638
  0
VERTEX
  8
0
 10
281.098137
 20
274.680998
 42
0.047528
  0
VERTEX
  8
0
 10
281.859951
 20
274.557436
 42
0.055912
  0
VERTEX
  8
0
 10
282.589872
 20
274.590961
 42
0.064935
  0
VERTEX
  8
0
 10
283.182481
 20
274.766057
 42
0.151197
  0
VERTEX
  8
0
 10
283.527756
 20
275.067120
 42
-0.134634
  0
VERTEX
  8
0
 10
285.015745
 20
276.452114
 42
-0.035399
  0
VERTEX
  8
0
 10
288.027558
 20
277.765221
 42
-0.036130
  0
VERTEX
  8
0
 10
291.237908
 20
278.647292
 42
-0.110906
  0
VERTEX
  8
0
 10
293.478647
 20
278.591270
 42
0.033967
  0
VERTEX
  8
0
 10
294.439814
 20
278.418356
 42
0.058972
  0
VERTEX
  8
0
 10
295.249658
 20
278.424606
 42
0.088252
  0
VERTEX
  8
0
 10
295.795685
 20
278.594454
 42
0.280307
  0
VERTEX
  8
0
 10
295.986274
 20
278.907706
 42
-0.253664
  0
VERTEX
  8
0
 10
296.632954
 20
280.100363
 42
-0.043978
  0
VERTEX
  8
0
 10
298.977430
 20
281.348465
 42
-0.043969
  0
VERTEX
  8
0
 10
301.500493
 20
282.166191
 42
-0.258256
  0
VERTEX
  8
0
 10
302.791107
 20
281.795167
 42
0.070751
  0
VERTEX
  8
0
 10
303.248936
 20
281.451344
 42
0.144609
  0
VERTEX
  8
0
 10
303.683806
 20
281.356089
 42
0.154031
  0
VERTEX
  8
0
 10
304.081928
 20
281.513835
 42
0.083773
  0
VERTEX
  8
0
 10
304.432423
 20
281.912868
 42
-0.172437
  0
VERTEX
  8
0
 10
304.958645
 20
282.334679
 42
-0.030587
  0
VERTEX
  8
0
 10
306.194144
 20
282.680655
 42
-0.029949
  0
VERTEX
  8
0
 10
307.759225
 20
282.920397
 42
-0.023034
  0
VERTEX
  8
0
 10
309.486274
 20
283.000000
 42
0.021209
  0
VERTEX
  8
0
 10
311.209489
 20
283.073128
 42
0.028151
  0
VERTEX
  8
0
 10
312.762585
 20
283.293750
 42
0.027992
  0
VERTEX
  8
0
 10
313.988731
 20
283.611235
 42
0.178843
  0
VERTEX
  8
0
 10
314.486274
 20
284.000000
 42
-0.158284
  0
VERTEX
  8
0
 10
314.942190
 20
284.386560
 42
-0.036095
  0
VERTEX
  8
0
 10
315.916213
 20
284.706250
 42
-0.033884
  0
VERTEX
  8
0
 10
317.146227
 20
284.926564
 42
-0.027380
  0
VERTEX
  8
0
 10
318.486274
 20
285.000000
 42
-0.027380
  0
VERTEX
  8
0
 10
319.826321
 20
284.926564
 42
-0.033884
  0
VERTEX
  8
0
 10
321.056335
 20
284.706250
 42
-0.036095
  0
VERTEX
  8
0
 10
322.030357
 20
284.386560
 42
-0.158284
  0
VERTEX
  8
0
 10
322.486274
 20
284.000000
 42
0.123532
  0
VERTEX
  8
0
 10
322.881292
 20
283.615885
 42
0.047419
  0
VERTEX
  8
0
 10
323.582175
 20
283.293750
 42
0.043263
  0
VERTEX
  8
0
 10
324.444538
 20
283.073937
 42
0.040800
  0
VERTEX
  8
0
 10
325.349124
 20
283.000000
 42
-0.102403
  0
VERTEX
  8
0
 10
326.430443
 20
282.776193
 42
-0.034183
  0
VERTEX
  8
0
 10
327.873399
 20
282.031328
 42
-0.032356
  0
VERTEX
  8
0
 10
329.401435
 20
280.964359
 42
-0.031703
  0
VERTEX
  8
0
 10
330.790107
 20
279.702393
 42
-0.030625
  0
VERTEX
  8
0
 10
332.625704
 20
277.560521
 42
-0.088185
  0
VERTEX
  8
0
 10
333.510870
 20
275.823981
 42
-0.063368
  0
VERTEX
  8
0
 10
333.893562
 20
273.580023
 42
-0.010588
  0
VERTEX
  8
0
 10
333.986274
 20
269.202393
 42
0.008115
  0
VERTEX
  8
0
 10
334.046816
 20
265.472251
 42
0.043245
  0
VERTEX
  8
0
 10
334.288340
 20
263.450399
 42
0.101353
  0
VERTEX
  8
0
 10
334.748031
 20
262.385011
 42
0.245097
  0
VERTEX
  8
0
 10
335.486274
 20
262.000000
 42
0.096965
  0
VERTEX
  8
0
 10
336.058777
 20
262.112079
 42
0.097433
  0
VERTEX
  8
0
 10
336.545649
 20
262.431690
 42
0.098418
  0
VERTEX
  8
0
 10
336.871649
 20
262.908779
 42
0.101151
  0
VERTEX
  8
0
 10
336.986274
 20
263.469584
 42
-0.077667
  0
VERTEX
  8
0
 10
337.109598
 20
264.258723
 42
-0.017095
  0
VERTEX
  8
0
 10
337.573774
 20
265.553472
 42
-0.017391
  0
VERTEX
  8
0
 10
338.220678
 20
267.028945
 42
-0.015946
  0
VERTEX
  8
0
 10
338.986274
 20
268.500000
 42
0.025786
  0
VERTEX
  8
0
 10
339.751880
 20
270.044515
 42
0.022104
  0
VERTEX
  8
0
 10
340.398774
 20
271.740278
 42
0.022695
  0
VERTEX
  8
0
 10
340.848539
 20
273.335242
 42
0.057431
  0
VERTEX
  8
0
 10
340.986274
 20
274.530416
 42
-0.042943
  0
VERTEX
  8
0
 10
341.067622
 20
275.475849
 42
-0.062634
  0
VERTEX
  8
0
 10
341.311869
 20
276.274560
 42
-0.082196
  0
VERTEX
  8
0
 10
341.670921
 20
276.815600
 42
-0.208149
  0
VERTEX
  8
0
 10
342.094682
 20
277.000000
 42
0.214455
  0
VERTEX
  8
0
 10
342.496760
 20
277.180769
 42
0.130021
  0
VERTEX
  8
0
 10
342.735843
 20
277.654736
 42
0.078335
  0
VERTEX
  8
0
 10
342.775509
 20
278.413281
 42
0.035465
  0
VERTEX
  8
0
 10
342.601797
 20
279.395742
 42
-0.043060
  0
VERTEX
  8
0
 10
342.420357
 20
280.521209
 42
-0.099279
  0
VERTEX
  8
0
 10
342.526011
 20
281.367929
 42
-0.126206
  0
VERTEX
  8
0
 10
342.922414
 20
281.982127
 42
-0.095330
  0
VERTEX
  8
0
 10
343.606843
 20
282.407893
 42
0.093674
  0
VERTEX
  8
0
 10
344.248652
 20
282.804231
 42
0.110562
  0
VERTEX
  8
0
 10
344.657046
 20
283.387866
 42
0.099113
  0
VERTEX
  8
0
 10
344.804371
 20
284.142731
 42
0.062818
  0
VERTEX
  8
0
 10
344.687509
 20
285.034476
 42
-0.121742
  0
VERTEX
  8
0
 10
344.662061
 20
286.921224
 42
-0.037712
  0
VERTEX
  8
0
 10
345.518658
 20
289.649798
 42
-0.037696
  0
VERTEX
  8
0
 10
346.774851
 20
292.217865
 42
-0.122337
  0
VERTEX
  8
0
 10
348.090275
 20
293.564276
 42
0.142682
  0
VERTEX
  8
0
 10
348.421058
 20
293.931108
 42
0.072414
  0
VERTEX
  8
0
 10
348.609758
 20
294.528936
 42
0.062623
  0
VERTEX
  8
0
 10
348.635955
 20
295.254572
 42
0.054638
  0
VERTEX
  8
0
 10
348.486274
 20
296.000000
 42
-0.058170
  0
VERTEX
  8
0
 10
348.341485
 20
296.748324
 42
-0.064695
  0
VERTEX
  8
0
 10
348.381391
 20
297.482561
 42
-0.073852
  0
VERTEX
  8
0
 10
348.590951
 20
298.092491
 42
-0.135531
  0
VERTEX
  8
0
 10
348.945596
 20
298.474860
 42
0.157164
  0
VERTEX
  8
0
 10
349.347775
 20
298.947102
 42
0.036514
  0
VERTEX
  8
0
 10
349.680575
 20
299.949110
 42
0.034194
  0
VERTEX
  8
0
 10
349.909833
 20
301.213915
 42
0.027745
  0
VERTEX
  8
0
 10
349.986274
 20
302.590402
 42
-0.032836
  0
VERTEX
  8
0
 10
350.085129
 20
304.094055
 42
-0.057337
  0
VERTEX
  8
0
 10
350.388680
 20
305.303799
 42
-0.074505
  0
VERTEX
  8
0
 10
350.872924
 20
306.171285
 42
-0.137488
  0
VERTEX
  8
0
 10
351.516075
 20
306.649809
 42
0.096455
  0
VERTEX
  8
0
 10
352.122524
 20
307.028944
 42
0.118094
  0
VERTEX
  8
0
 10
352.490489
 20
307.584909
 42
0.103560
  0
VERTEX
  8
0
 10
352.594561
 20
308.306814
 42
0.061107
  0
VERTEX
  8
0
 10
352.433457
 20
309.166412
 42
-0.073960
  0
VERTEX
  8
0
 10
352.295789
 20
310.021223
 42
-0.052065
  0
VERTEX
  8
0
 10
352.385401
 20
310.992419
 42
-0.051944
  0
VERTEX
  8
0
 10
352.674335
 20
311.926989
 42
-0.072398
  0
VERTEX
  8
0
 10
353.129856
 20
312.673006
 42
0.076855
  0
VERTEX
  8
0
 10
353.610941
 20
313.476822
 42
0.039081
  0
VERTEX
  8
0
 10
353.968680
 20
314.602180
 42
0.037651
  0
VERTEX
  8
0
 10
354.162467
 20
315.847298
 42
0.045943
  0
VERTEX
  8
0
 10
354.147510
 20
317.025851
 42
-0.037484
  0
VERTEX
  8
0
 10
354.114645
 20
318.136651
 42
-0.044098
  0
VERTEX
  8
0
 10
354.254708
 20
319.179612
 42
-0.049542
  0
VERTEX
  8
0
 10
354.531987
 20
320.014551
 42
-0.150517
  0
VERTEX
  8
0
 10
354.921309
 20
320.459850
 42
0.126378
  0
VERTEX
  8
0
 10
355.330539
 20
320.885443
 42
0.046652
  0
VERTEX
  8
0
 10
355.673440
 20
321.650950
 42
0.042521
  0
VERTEX
  8
0
 10
355.907573
 20
322.595771
 42
0.039501
  0
VERTEX
  8
0
 10
355.986274
 20
323.590402
 42
-0.059778
  0
VERTEX
  8
0
 10
356.105182
 20
324.581429
 42
-0.059737
  0
VERTEX
  8
0
 10
356.455163
 20
325.516441
 42
-0.065478
  0
VERTEX
  8
0
 10
356.971724
 20
326.258267
 42
-0.116867
  0
VERTEX
  8
0
 10
357.582492
 20
326.675296
 42
0.106038
  0
VERTEX
  8
0
 10
358.291398
 20
327.137415
 42
0.128868
  0
VERTEX
  8
0
 10
358.687922
 20
327.821218
 42
0.087519
  0
VERTEX
  8
0
 10
358.783071
 20
328.824254
 42
0.029354
  0
VERTEX
  8
0
 10
358.578859
 20
330.287071
 42
-0.039946
  0
VERTEX
  8
0
 10
358.425728
 20
331.583805
 42
-0.043406
  0
VERTEX
  8
0
 10
358.488005
 20
332.852147
 42
-0.047635
  0
VERTEX
  8
0
 10
358.747232
 20
333.954220
 42
-0.091885
  0
VERTEX
  8
0
 10
359.187787
 20
334.742809
 42
0.095643
  0
VERTEX
  8
0
 10
359.634816
 20
335.557179
 42
0.032982
  0
VERTEX
  8
0
 10
359.962482
 20
336.865658
 42
0.031352
  0
VERTEX
  8
0
 10
360.141419
 20
338.391345
 42
0.031546
  0
VERTEX
  8
0
 10
360.127614
 20
339.924250
 42
-0.031017
  0
VERTEX
  8
0
 10
360.110831
 20
341.591932
 42
-0.048555
  0
VERTEX
  8
0
 10
360.323634
 20
343.009700
 42
-0.058746
  0
VERTEX
  8
0
 10
360.750597
 20
344.132511
 42
-0.099663
  0
VERTEX
  8
0
 10
361.380025
 20
344.911821
 42
0.085993
  0
VERTEX
  8
0
 10
362.009621
 20
345.649505
 42
0.078230
  0
VERTEX
  8
0
 10
362.380033
 20
346.580129
 42
0.065937
  0
VERTEX
  8
0
 10
362.483844
 20
347.718039
 42
0.039193
  0
VERTEX
  8
0
 10
362.321910
 20
349.071819
 42
-0.031890
  0
VERTEX
  8
0
 10
362.143212
 20
350.401042
 42
-0.075844
  0
VERTEX
  8
0
 10
362.224202
 20
351.392346
 42
-0.110263
  0
VERTEX
  8
0
 10
362.559060
 20
352.081052
 42
-0.133839
  0
VERTEX
  8
0
 10
363.136104
 20
352.504001
 42
0.243472
  0
VERTEX
  8
0
 10
363.841421
 20
353.297329
 42
0.037856
  0
VERTEX
  8
0
 10
364.215462
 20
355.432602
 42
0.022671
  0
VERTEX
  8
0
 10
364.402018
 20
358.989390
 42
0.004670
  0
VERTEX
  8
0
 10
364.387752
 20
365.269401
 42
0.009487
  0
VERTEX
  8
0
 10
364.127624
 20
373.771692
 42
0.045125
  0
VERTEX
  8
0
 10
363.450635
 20
378.584449
 42
0.077095
  0
VERTEX
  8
0
 10
362.126227
 20
381.863873
 42
0.071308
  0
VERTEX
  8
0
 10
359.842373
 20
384.687622
 42
0.061236
  0
VERTEX
  8
0
 10
358.245631
 20
385.842118
 42
0.077616
  0
VERTEX
  8
0
 10
356.537023
 20
386.463441
 42
0.045620
  0
VERTEX
  8
0
 10
354.093232
 20
386.715253
 42
0.008864
  0
VERTEX
  8
0
 10
349.654977
 20
386.687622
 42
0.011424
  0
VERTEX
  8
0
 10
346.172626
 20
386.524529
 42
0.025052
  0
VERTEX
  8
0
 10
343.524368
 20
386.205901
 42
0.030426
  0
VERTEX
  8
0
 10
341.618554
 20
385.758325
 42
0.147284
  0
SEQEND
  0
POLYLINE
  8
0
 66
1
 70
1
  0
VERTEX
  8
0
 10
347.612373
 20
372.402115
 42
-0.217722
  0
VERTEX
  8
0
 10
350.751435
 20
369.806354
 42
-0.096067
  0
VERTEX
  8
0
 10
352.164710
 20
364.484170
 42
-0.052184
  0
VERTEX
  8
0
 10
351.853811
 20
355.915069
 42
-0.015552
  0
VERTEX
  8
0
 10
349.615034
 20
343.000000
 42
-0.012370
  0
VERTEX
  8
0
 10
347.088274
 20
332.084718
 42
-0.006973
  0
VERTEX
  8
0
 10
343.512424
 20
318.968866
 42
-0.006372
  0
VERTEX
  8
0
 10
339.809543
 20
306.688422
 42
-0.027944
  0
VERTEX
  8
0
 10
337.131092
 20
299.604205
 42
-0.034233
  0
VERTEX
  8
0
 10
335.011325
 20
295.589416
 42
-0.146097
  0
VERTEX
  8
0
 10
333.007176
 20
293.808720
 42
-0.124355
  0
VERTEX
  8
0
 10
330.171188
 20
293.266696
 42
-0.021946
  0
VERTEX
  8
0
 10
324.737176
 20
293.825527
 42
0.056340
  0
VERTEX
  8
0
 10
312.850408
 20
294.227501
 42
0.043800
  0
VERTEX
  8
0
 10
300.082644
 20
292.084423
 42
0.019765
  0
VERTEX
  8
0
 10
280.720615
 20
286.235421
 42
0.002426
  0
VERTEX
  8
0
 10
238.986274
 20
271.578201
 42
-0.000608
  0
VERTEX
  8
0
 10
229.514030
 20
268.212789
 42
-0.000423
  0
VERTEX
  8
0
 10
218.808149
 20
264.433912
 42
-0.000426
  0
VERTEX
  8
0
 10
208.527112
 20
260.824616
 42
-0.000882
  0
VERTEX
  8
0
 10
200.486274
 20
258.025374
 42
0.001070
  0
VERTEX
  8
0
 10
186.249246
 20
253.063049
 42
0.001176
  0
VERTEX
  8
0
 10
172.475326
 20
248.192645
 42
0.001065
  0
VERTEX
  8
0
 10
157.610486
 20
242.861410
 42
0.000640
  0
VERTEX
  8
0
 10
139.986059
 20
236.472527
 42
-0.001092
  0
VERTEX
  8
0
 10
131.950674
 20
233.567909
 42
-0.000616
  0
VERTEX
  8
0
 10
122.192221
 20
230.078099
 42
-0.000615
  0
VERTEX
  8
0
 10
112.338357
 20
226.581513
 42
-0.001009
  0
VERTEX
  8
0
 10
103.986059
 20
223.648259
 42
0.000494
  0
VERTEX
  8
0
 10
95.261685
 20
220.594433
 42
0.000243
  0
VERTEX
  8
0
 10
84.164336
 20
216.691636
 42
0.000241
  0
VERTEX
  8
0
 10
72.641651
 20
212.626739
 42
0.000350
  0
VERTEX
  8
0
 10
62.486274
 20
209.030688
 42
-0.000640
  0
VERTEX
  8
0
 10
40.832583
 20
201.377143
 42
-0.007960
  0
VERTEX
  8
0
 10
32.566457
 20
198.614435
 42
-0.020056
  0
VERTEX
  8
0
 10
27.949103
 20
197.353811
 42
-0.085678
  0
VERTEX
  8
0
 10
25.107526
 20
197.196001
 42
-0.054279
  0
VERTEX
  8
0
 10
23.730927
 20
197.509494
 42
-0.143882
  0
VERTEX
  8
0
 10
22.916459
 20
198.088698
 42
-0.114995
  0
VERTEX
  8
0
 10
22.439401
 20
199.107736
 42
-0.028494
  0
VERTEX
  8
0
 10
22.158548
 20
200.942632
 42
-0.062941
  0
VERTEX
  8
0
 10
22.264140
 20
204.369164
 42
-0.021944
  0
VERTEX
  8
0
 10
23.248514
 20
209.215209
 42
-0.012026
  0
VERTEX
  8
0
 10
25.314452
 20
216.728695
 42
-0.002204
  0
VERTEX
  8
0
 10
29.526044
 20
230.500000
 42
-0.006211
  0
VERTEX
  8
0
 10
35.976118
 20
250.387664
 42
-0.041385
  0
VERTEX
  8
0
 10
40.112533
 20
259.936932
 42
-0.080110
  0
VERTEX
  8
0
 10
44.530935
 20
265.732581
 42
-0.065372
  0
VERTEX
  8
0
 10
50.845470
 20
270.326848
 42
-0.023987
  0
VERTEX
  8
0
 10
56.015270
 20
272.827131
 42
-0.005314
  0
VERTEX
  8
0
 10
65.105611
 20
276.583700
 42
-0.005310
  0
VERTEX
  8
0
 10
76.068226
 20
280.843587
 42
-0.004229
  0
VERTEX
  8
0
 10
87.982374
 20
285.213488
 42
0.005487
  0
VERTEX
  8
0
 10
91.951240
 20
286.680536
 42
0.002773
  0
VERTEX
  8
0
 10
96.921391
 20
288.611612
 42
0.002754
  0
VERTEX
  8
0
 10
102.033070
 20
290.662997
 42
0.004097
  0
VERTEX
  8
0
 10
106.482374
 20
292.519739
 42
-0.004167
  0
VERTEX
  8
0
 10
110.752252
 20
294.300902
 42
-0.003492
  0
VERTEX
  8
0
 10
115.310128
 20
296.120756
 42
-0.003523
  0
VERTEX
  8
0
 10
119.499257
 20
297.725613
 42
-0.009660
  0
VERTEX
  8
0
 10
122.486274
 20
298.780510
 42
0.007133
  0
VERTEX
  8
0
 10
127.111374
 20
300.387672
 42
0.002586
  0
VERTEX
  8
0
 10
133.629494
 20
302.795615
 42
0.001624
  0
VERTEX
  8
0
 10
143.236927
 20
306.437044
 42
0.000400
  0
VERTEX
  8
0
 10
158.986274
 20
312.479423
 42
-0.002207
  0
VERTEX
  8
0
 10
172.851810
 20
317.741678
 42
-0.001536
  0
VERTEX
  8
0
 10
188.550078
 20
323.565442
 42
-0.001543
  0
VERTEX
  8
0
 10
204.126568
 20
329.235140
 42
-0.002398
  0
VERTEX
  8
0
 10
217.599913
 20
334.019380
 42
0.007385
  0
VERTEX
  8
0
 10
219.774409
 20
334.816031
 42
0.006010
  0
VERTEX
  8
0
 10
222.080020
 20
335.731487
 42
0.006078
  0
VERTEX
  8
0
 10
224.183523
 20
336.626150
 42
0.015739
  0
VERTEX
  8
0
 10
225.670486
 20
337.336700
 42
-0.027985
  0
VERTEX
  8
0
 10
227.336390
 20
338.083235
 42
-0.006398
  0
VERTEX
  8
0
 10
230.234965
 20
339.149662
 42
-0.006598
  0
VERTEX
  8
0
 10
233.612810
 20
340.293664
 42
-0.006384
  0
VERTEX
  8
0
 10
237.056847
 20
341.361254
 42
0.006442
  0
VERTEX
  8
0
 10
241.281098
 20
342.671231
 42
0.002307
  0
VERTEX
  8
0
 10
247.269505
 20
344.643785
 42
0.002288
  0
VERTEX
  8
0
 10
253.816894
 20
346.867373
 42
0.002707
  0
VERTEX
  8
0
 10
259.986274
 20
349.031558
 42
-0.001689
  0
VERTEX
  8
0
 10
266.087718
 20
351.185873
 42
-0.001514
  0
VERTEX
  8
0
 10
272.430024
 20
353.379651
 42
-0.001517
  0
VERTEX
  8
0
 10
278.135549
 20
355.314530
 42
-0.004754
  0
VERTEX
  8
0
 10
281.986274
 20
356.566780
 42
0.002561
  0
VERTEX
  8
0
 10
285.751676
 20
357.773045
 42
0.000920
  0
VERTEX
  8
0
 10
291.101899
 20
359.528168
 42
0.000912
  0
VERTEX
  8
0
 10
296.959326
 20
361.473475
 42
0.001081
  0
VERTEX
  8
0
 10
302.486274
 20
363.333525
 42
-0.005761
  0
VERTEX
  8
0
 10
308.049751
 20
365.148077
 42
-0.004763
  0
VERTEX
  8
0
 10
314.017524
 20
366.956446
 42
-0.004811
  0
VERTEX
  8
0
 10
319.523513
 20
368.510424
 42
-0.012844
  0
VERTEX
  8
0
 10
323.486274
 20
369.479213
 42
0.004224
  0
VERTEX
  8
0
 10
326.695838
 20
370.205473
 42
0.004965
  0
VERTEX
  8
0
 10
329.723774
 20
370.949382
 42
0.004385
  0
VERTEX
  8
0
 10
332.268221
 20
371.625202
 42
0.030514
  0
VERTEX
  8
0
 10
333.486274
 20
372.041589
 42
-0.075140
  0
VERTEX
  8
0
 10
335.925162
 20
372.639470
 42
-0.016224
  0
VERTEX
  8
0
 10
340.274463
 20
372.891842
 42
-0.017274
  0
VERTEX
  8
0
 10
344.692991
 20
372.851946
 42
-0.054708
  0
SEQEND
  0
POLYLINE
  8
0
 66
1
 70
1
  0
VERTEX
  8
0
 10
938.486274
 20
352.000000
 42
-0.128561
  0
VERTEX
  8
0
 10
938.083063
 20
351.615613
 42
-0.046040
  0
VERTEX
  8
0
 10
937.350085
 20
351.293750
 42
-0.041947
  0
VERTEX
  8
0
 10
936.443358
 20
351.073871
 42
-0.038534
  0
VERTEX
  8
0
 10
935.486274
 20
351.000000
 42
0.038534
  0
VERTEX
  8
0
 10
934.529190
 20
350.926129
 42
0.041947
  0
VERTEX
  8
0
 10
933.622463
 20
350.706250
 42
0.046040
  0
VERTEX
  8
0
 10
932.889485
 20
350.384387
 42
0.128561
  0
VERTEX
  8
0
 10
932.486274
 20
350.000000
 42
-0.117720
  0
VERTEX
  8
0
 10
932.095045
 20
349.610752
 42
-0.045931
  0
VERTEX
  8
0
 10
931.406186
 20
349.272280
 42
-0.042205
  0
VERTEX
  8
0
 10
930.561246
 20
349.028813
 42
-0.040733
  0
VERTEX
  8
0
 10
929.677257
 20
348.926912
 42
0.120844
  0
VERTEX
  8
0
 10
925.630374
 20
347.790030
 42
0.075423
  0
VERTEX
  8
0
 10
921.734990
 20
344.735770
 42
0.078924
  0
VERTEX
  8
0
 10
919.084167
 20
340.842392
 42
0.167152
  0
VERTEX
  8
0
 10
918.692068
 20
337.259318
 42
-0.052590
  0
VERTEX
  8
0
 10
918.811003
 20
336.248835
 42
-0.094789
  0
VERTEX
  8
0
 10
918.664717
 20
335.430707
 42
-0.112496
  0
VERTEX
  8
0
 10
918.253899
 20
334.817137
 42
-0.097896
  0
VERTEX
  8
0
 10
917.598087
 20
334.404533
 42
0.056562
  0
VERTEX
  8
0
 10
917.024707
 20
334.106454
 42
0.087161
  0
VERTEX
  8
0
 10
916.622996
 20
333.719803
 42
0.117925
  0
VERTEX
  8
0
 10
916.451590
 20
333.309651
 42
0.180590
  0
VERTEX
  8
0
 10
916.525894
 20
332.935892
 42
-0.260595
  0
VERTEX
  8
0
 10
916.609979
 20
331.013990
 42
-0.043694
  0
VERTEX
  8
0
 10
914.598800
 20
327.759010
 42
-0.044383
  0
VERTEX
  8
0
 10
911.989967
 20
324.840921
 42
-0.190398
  0
VERTEX
  8
0
 10
909.861703
 20
324.000000
 42
0.070554
  0
VERTEX
  8
0
 10
908.923816
 20
323.866994
 42
0.019379
  0
VERTEX
  8
0
 10
907.504533
 20
323.395866
 42
0.019181
  0
VERTEX
  8
0
 10
905.920474
 20
322.730587
 42
0.018948
  0
VERTEX
  8
0
 10
904.385452
 20
321.943372
 42
-0.023422
  0
VERTEX
  8
0
 10
902.888571
 20
321.192548
 42
-0.028335
  0
VERTEX
  8
0
 10
901.418812
 20
320.636927
 42
-0.028958
  0
VERTEX
  8
0
 10
900.157489
 20
320.319056
 42
-0.139744
  0
VERTEX
  8
0
 10
899.428149
 20
320.383931
 42
0.117893
  0
VERTEX
  8
0
 10
898.839502
 20
320.461910
 42
0.068922
  0
VERTEX
  8
0
 10
898.144953
 20
320.291483
 42
0.062784
  0
VERTEX
  8
0
 10
897.455069
 20
319.911319
 42
0.062335
  0
VERTEX
  8
0
 10
896.879243
 20
319.371036
 42
-0.076477
  0
VERTEX
  8
0
 10
896.267192
 20
318.828335
 42
-0.060485
  0
VERTEX
  8
0
 10
895.470349
 20
318.441513
 42
-0.061401
  0
VERTEX
  8
0
 10
894.618016
 20
318.261213
 42
-0.085607
  0
VERTEX
  8
0
 10
893.842898
 20
318.327243
 42
0.081002
  0
VERTEX
  8
0
 10
893.073344
 20
318.399894
 42
0.061043
  0
VERTEX
  8
0
 10
892.237568
 20
318.239627
 42
0.061032
  0
VERTEX
  8
0
 10
891.465055
 20
317.882239
 42
0.080889
  0
VERTEX
  8
0
 10
890.881859
 20
317.374187
 42
-0.081951
  0
VERTEX
  8
0
 10
890.303243
 20
316.872270
 42
-0.064539
  0
VERTEX
  8
0
 10
889.545376
 20
316.531916
 42
-0.064933
  0
VERTEX
  8
0
 10
888.730899
 20
316.397534
 42
-0.085499
  0
VERTEX
  8
0
 10
887.986274
 20
316.500000
 42
0.091070
  0
VERTEX
  8
0
 10
887.235295
 20
316.594892
 42
0.065309
  0
VERTEX
  8
0
 10
886.402004
 20
316.437759
 42
0.063737
  0
VERTEX
  8
0
 10
885.616393
 20
316.063953
 42
0.076815
  0
VERTEX
  8
0
 10
885.005012
 20
315.522578
 42
-0.059645
  0
VERTEX
  8
0
 10
884.390581
 20
314.939849
 42
-0.043879
  0
VERTEX
  8
0
 10
883.590872
 20
314.447257
 42
-0.044601
  0
VERTEX
  8
0
 10
882.737852
 20
314.111258
 42
-0.071644
  0
VERTEX
  8
0
 10
881.965375
 20
314.000000
 42
0.083282
  0
VERTEX
  8
0
 10
880.948816
 20
313.829495
 42
0.012593
  0
VERTEX
  8
0
 10
879.009740
 20
313.105050
 42
0.013823
  0
VERTEX
  8
0
 10
876.745276
 20
312.119834
 42
0.011559
  0
VERTEX
  8
0
 10
874.397610
 20
310.953360
 42
-0.017575
  0
VERTEX
  8
0
 10
872.021038
 20
309.807959
 42
-0.020016
  0
VERTEX
  8
0
 10
869.669521
 20
308.885233
 42
-0.019623
  0
VERTEX
  8
0
 10
867.629184
 20
308.265988
 42
-0.096731
  0
VERTEX
  8
0
 10
866.435089
 20
308.191186
 42
0.059985
  0
VERTEX
  8
0
 10
865.484753
 20
308.201141
 42
0.041064
  0
VERTEX
  8
0
 10
864.424264
 20
307.995614
 42
0.041263
  0
VERTEX
  8
0
 10
863.419515
 20
307.622015
 42
0.063649
  0
VERTEX
  8
0
 10
862.638034
 20
307.125950
 42
-0.057565
  0
VERTEX
  8
0
 10
861.909099
 20
306.650746
 42
-0.052124
  0
VERTEX
  8
0
 10
861.066577
 20
306.335001
 42
-0.055467
  0
VERTEX
  8
0
 10
860.242330
 20
306.215830
 42
-0.100126
  0
VERTEX
  8
0
 10
859.572122
 20
306.328683
 42
0.107397
  0
VERTEX
  8
0
 10
858.928493
 20
306.427561
 42
0.069842
  0
VERTEX
  8
0
 10
858.188521
 20
306.276792
 42
0.065349
  0
VERTEX
  8
0
 10
857.468646
 20
305.910243
 42
0.069258
  0
VERTEX
  8
0
 10
856.883590
 20
305.376273
 42
-0.082754
  0
VERTEX
  8
0
 10
856.220062
 20
304.802550
 42
-0.070396
  0
VERTEX
  8
0
 10
855.369067
 20
304.435462
 42
-0.066738
  0
VERTEX
  8
0
 10
854.405830
 20
304.306190
 42
-0.061587
  0
VERTEX
  8
0
 10
853.414735
 20
304.428599
 42
0.050899
  0
VERTEX
  8
0
 10
852.408843
 20
304.574657
 42
0.096501
  0
VERTEX
  8
0
 10
851.602376
 20
304.452837
 42
0.116706
  0
VERTEX
  8
0
 10
851.000831
 20
304.063277
 42
0.099663
  0
VERTEX
  8
0
 10
850.595458
 20
303.423934
 42
-0.093035
  0
VERTEX
  8
0
 10
850.211666
 20
302.800675
 42
-0.118565
  0
VERTEX
  8
0
 10
849.655261
 20
302.422227
 42
-0.105450
  0
VERTEX
  8
0
 10
848.934882
 20
302.312513
 42
-0.062166
  0
VERTEX
  8
0
 10
848.075356
 20
302.471726
 42
0.052104
  0
VERTEX
  8
0
 10
847.295840
 20
302.632355
 42
0.061008
  0
VERTEX
  8
0
 10
846.541377
 20
302.615179
 42
0.071142
  0
VERTEX
  8
0
 10
845.923440
 20
302.433015
 42
0.148197
  0
VERTEX
  8
0
 10
845.550550
 20
302.104001
 42
-0.123468
  0
VERTEX
  8
0
 10
844.201802
 20
300.792152
 42
-0.032948
  0
VERTEX
  8
0
 10
841.496406
 20
299.451880
 42
-0.032172
  0
VERTEX
  8
0
 10
838.662994
 20
298.482086
 42
-0.144182
  0
VERTEX
  8
0
 10
836.928243
 20
298.518418
 42
0.083715
  0
VERTEX
  8
0
 10
836.190153
 20
298.622650
 42
0.103900
  0
VERTEX
  8
0
 10
835.516934
 20
298.462314
 42
0.104848
  0
VERTEX
  8
0
 10
834.969538
 20
298.046355
 42
0.086630
  0
VERTEX
  8
0
 10
834.592547
 20
297.416347
 42
-0.090160
  0
VERTEX
  8
0
 10
834.195150
 20
296.762675
 42
-0.108208
  0
VERTEX
  8
0
 10
833.614361
 20
296.339973
 42
-0.100118
  0
VERTEX
  8
0
 10
832.872735
 20
296.178800
 42
-0.067654
  0
VERTEX
  8
0
 10
832.010890
 20
296.283312
 42
0.073558
  0
VERTEX
  8
0
 10
831.178467
 20
296.374344
 42
0.060008
  0
VERTEX
  8
0
 10
830.292420
 20
296.233354
 42
0.061533
  0
VERTEX
  8
0
 10
829.488904
 20
295.893079
 42
0.088877
  0
VERTEX
  8
0
 10
828.900597
 20
295.396765
 42
-0.079997
  0
VERTEX
  8
0
 10
828.288373
 20
294.861515
 42
-0.044242
  0
VERTEX
  8
0
 10
827.400832
 20
294.410300
 42
-0.042695
  0
VERTEX
  8
0
 10
826.395629
 20
294.103126
 42
-0.052858
  0
VERTEX
  8
0
 10
825.422846
 20
294.000000
 42
0.042625
  0
VERTEX
  8
0
 10
824.486364
 20
293.920020
 42
0.044251
  0
VERTEX
  8
0
 10
823.589121
 20
293.682448
 42
0.048396
  0
VERTEX
  8
0
 10
822.856598
 20
293.334004
 42
0.119693
  0
VERTEX
  8
0
 10
822.436196
 20
292.918973
 42
-0.153269
  0
VERTEX
  8
0
 10
822.007279
 20
292.548024
 42
-0.063318
  0
VERTEX
  8
0
 10
821.262014
 20
292.331771
 42
-0.054518
  0
VERTEX
  8
0
 10
820.341342
 20
292.288450
 42
-0.046031
  0
VERTEX
  8
0
 10
819.377179
 20
292.438025
 42
0.035696
  0
VERTEX
  8
0
 10
818.460832
 20
292.599611
 42
0.061775
  0
VERTEX
  8
0
 10
817.688602
 20
292.583999
 42
0.092915
  0
VERTEX
  8
0
 10
817.169931
 20
292.406975
 42
0.270468
  0
VERTEX
  8
0
 10
816.986274
 20
292.092294
 42
-0.261060
  0
VERTEX
  8
0
 10
816.331897
 20
290.924401
 42
-0.032988
  0
VERTEX
  8
0
 10
813.676084
 20
289.530251
 42
-0.035934
  0
VERTEX
  8
0
 10
810.779658
 20
288.487352
 42
-0.146307
  0
VERTEX
  8
0
 10
808.928243
 20
288.518418
 42
0.083715
  0
VERTEX
  8
0
 10
808.190153
 20
288.622650
 42
0.103900
  0
VERTEX
  8
0
 10
807.516934
 20
288.462314
 42
0.104848
  0
VERTEX
  8
0
 10
806.969538
 20
288.046355
 42
0.086630
  0
VERTEX
  8
0
 10
806.592547
 20
287.416347
 42
-0.090160
  0
VERTEX
  8
0
 10
806.195150
 20
286.762675
 42
-0.108208
  0
VERTEX
  8
0
 10
805.614361
 20
286.339973
 42
-0.100118
  0
VERTEX
  8
0
 10
804.872735
 20
286.178800
 42
-0.067654
  0
VERTEX
  8
0
 10
804.010890
 20
286.283312
 42
0.076898
  0
VERTEX
  8
0
 10
803.174175
 20
286.369194
 42
0.060546
  0
VERTEX
  8
0
 10
802.275471
 20
286.212932
 42
0.061374
  0
VERTEX
  8
0
 10
801.453396
 20
285.850054
 42
0.085151
  0
VERTEX
  8
0
 10
800.842898
 20
285.327243
 42
-0.078549
  0
VERTEX
  8
0
 10
800.244767
 20
284.801268
 42
-0.060767
  0
VERTEX
  8
0
 10
799.459672
 20
284.428649
 42
-0.061255
  0
VERTEX
  8
0
 10
798.615334
 20
284.258026
 42
-0.083396
  0
VERTEX
  8
0
 10
797.842898
 20
284.327243
 42
0.079841
  0
VERTEX
  8
0
 10
797.074732
 20
284.401551
 42
0.060920
  0
VERTEX
  8
0
 10
796.243073
 20
284.246259
 42
0.061144
  0
VERTEX
  8
0
 10
795.476605
 20
283.896201
 42
0.082061
  0
VERTEX
  8
0
 10
794.900597
 20
283.396765
 42
-0.066429
  0
VERTEX
  8
0
 10
794.321284
 20
282.862026
 42
-0.044483
  0
VERTEX
  8
0
 10
793.539306
 20
282.410300
 42
-0.044364
  0
VERTEX
  8
0
 10
792.686492
 20
282.102606
 42
-0.064487
  0
VERTEX
  8
0
 10
791.894245
 20
282.000000
 42
0.069477
  0
VERTEX
  8
0
 10
790.944888
 20
281.867442
 42
0.019699
  0
VERTEX
  8
0
 10
789.524416
 20
281.401664
 42
0.019442
  0
VERTEX
  8
0
 10
787.944561
 20
280.742766
 42
0.019440
  0
VERTEX
  8
0
 10
786.420596
 20
279.963111
 42
-0.029879
  0
VERTEX
  8
0
 10
784.901120
 20
279.225338
 42
-0.031766
  0
VERTEX
  8
0
 10
783.334888
 20
278.691024
 42
-0.033527
  0
VERTEX
  8
0
 10
781.939414
 20
278.410725
 42
-0.110073
  0
VERTEX
  8
0
 10
781.008605
 20
278.492912
 42
0.075050
  0
VERTEX
  8
0
 10
780.221947
 20
278.617856
 42
0.106589
  0
VERTEX
  8
0
 10
779.530742
 20
278.474368
 42
0.110930
  0
VERTEX
  8
0
 10
778.979299
 20
278.065492
 42
0.086569
  0
VERTEX
  8
0
 10
778.595380
 20
277.423732
 42
-0.092149
  0
VERTEX
  8
0
 10
778.165202
 20
276.722388
 42
-0.127051
  0
VERTEX
  8
0
 10
777.551471
 20
276.316701
 42
-0.101103
  0
VERTEX
  8
0
 10
776.707182
 20
276.206484
 42
-0.043576
  0
VERTEX
  8
0
 10
775.581214
 20
276.386815
 42
0.043442
  0
VERTEX
  8
0
 10
774.461641
 20
276.566429
 42
0.099306
  0
VERTEX
  8
0
 10
773.617037
 20
276.459685
 42
0.125831
  0
VERTEX
  8
0
 10
773.003495
 20
276.062930
 42
0.095291
  0
VERTEX
  8
0
 10
772.578381
 20
275.379431
 42
-0.093794
  0
VERTEX
  8
0
 10
772.187266
 20
274.746417
 42
-0.107109
  0
VERTEX
  8
0
 10
771.607500
 20
274.335222
 42
-0.098029
  0
VERTEX
  8
0
 10
770.866483
 20
274.178779
 42
-0.067203
  0
VERTEX
  8
0
 10
770.010890
 20
274.283312
 42
0.076898
  0
VERTEX
  8
0
 10
769.174175
 20
274.369194
 42
0.060546
  0
VERTEX
  8
0
 10
768.275471
 20
274.212932
 42
0.061374
  0
VERTEX
  8
0
 10
767.453396
 20
273.850054
 42
0.085151
  0
VERTEX
  8
0
 10
766.842898
 20
273.327243
 42
-0.079971
  0
VERTEX
  8
0
 10
766.242124
 20
272.801948
 42
-0.060935
  0
VERTEX
  8
0
 10
765.449164
 20
272.431397
 42
-0.061132
  0
VERTEX
  8
0
 10
764.593254
 20
272.263842
 42
-0.081929
  0
VERTEX
  8
0
 10
763.807126
 20
272.336597
 42
0.047238
  0
VERTEX
  8
0
 10
763.072724
 20
272.456149
 42
0.055712
  0
VERTEX
  8
0
 10
762.369548
 20
272.424949
 42
0.064744
  0
VERTEX
  8
0
 10
761.799025
 20
272.257824
 42
0.151891
  0
VERTEX
  8
0
 10
761.467389
 20
271.969444
 42
-0.128278
  0
VERTEX
  8
0
 10
760.168429
 20
270.729746
 42
-0.030716
  0
VERTEX
  8
0
 10
757.454662
 20
269.433931
 42
-0.030091
  0
VERTEX
  8
0
 10
754.618044
 20
268.481586
 42
-0.143747
  0
VERTEX
  8
0
 10
752.928243
 20
268.518418
 42
0.081453
  0
VERTEX
  8
0
 10
752.206482
 20
268.623654
 42
0.097667
  0
VERTEX
  8
0
 10
751.536514
 20
268.479117
 42
0.102232
  0
VERTEX
  8
0
 10
750.994072
 20
268.099224
 42
0.097729
  0
VERTEX
  8
0
 10
750.636083
 20
267.529801
 42
-0.120989
  0
VERTEX
  8
0
 10
750.229295
 20
266.944312
 42
-0.064866
  0
VERTEX
  8
0
 10
749.495228
 20
266.449379
 42
-0.058682
  0
VERTEX
  8
0
 10
748.565830
 20
266.113863
 42
-0.057366
  0
VERTEX
  8
0
 10
747.576676
 20
266.000000
 42
0.037171
  0
VERTEX
  8
0
 10
746.584984
 20
265.926173
 42
0.041106
  0
VERTEX
  8
0
 10
745.649018
 20
265.706250
 42
0.045117
  0
VERTEX
  8
0
 10
744.894755
 20
265.384572
 42
0.131736
  0
VERTEX
  8
0
 10
744.486274
 20
265.000000
 42
-0.128561
  0
VERTEX
  8
0
 10
744.083063
 20
264.615613
 42
-0.046040
  0
VERTEX
  8
0
 10
743.350085
 20
264.293750
 42
-0.041947
  0
VERTEX
  8
0
 10
742.443358
 20
264.073871
 42
-0.038534
  0
VERTEX
  8
0
 10
741.486274
 20
264.000000
 42
0.038534
  0
VERTEX
  8
0
 10
740.529190
 20
263.926129
 42
0.041947
  0
VERTEX
  8
0
 10
739.622463
 20
263.706250
 42
0.046040
  0
VERTEX
  8
0
 10
738.889485
 20
263.384387
 42
0.128561
  0
VERTEX
  8
0
 10
738.486274
 20
263.000000
 42
-0.128561
  0
VERTEX
  8
0
 10
738.083063
 20
262.615613
 42
-0.046040
  0
VERTEX
  8
0
 10
737.350085
 20
262.293750
 42
-0.041947
  0
VERTEX
  8
0
 10
736.443358
 20
262.073871
 42
-0.038534
  0
VERTEX
  8
0
 10
735.486274
 20
262.000000
 42
0.038671
  0
VERTEX
  8
0
 10
734.529024
 20
261.925854
 42
0.042029
  0
VERTEX
  8
0
 10
733.621796
 20
261.705172
 42
0.046129
  0
VERTEX
  8
0
 10
732.888181
 20
261.382110
 42
0.128250
  0
VERTEX
  8
0
 10
732.484005
 20
260.996330
 42
-0.163891
  0
VERTEX
  8
0
 10
732.072213
 20
260.654847
 42
-0.060101
  0
VERTEX
  8
0
 10
731.329544
 20
260.467285
 42
-0.051461
  0
VERTEX
  8
0
 10
730.403971
 20
260.444615
 42
-0.041915
  0
VERTEX
  8
0
 10
729.424988
 20
260.604738
 42
0.035301
  0
VERTEX
  8
0
 10
728.457506
 20
260.776128
 42
0.069245
  0
VERTEX
  8
0
 10
727.677419
 20
260.749978
 42
0.110710
  0
VERTEX
  8
0
 10
727.173046
 20
260.541295
 42
0.244180
  0
VERTEX
  8
0
 10
726.986274
 20
260.181650
 42
-0.252153
  0
VERTEX
  8
0
 10
726.407832
 20
259.107574
 42
-0.026492
  0
VERTEX
  8
0
 10
723.859642
 20
257.615206
 42
-0.032024
  0
VERTEX
  8
0
 10
721.033250
 20
256.377311
 42
-0.087418
  0
VERTEX
  8
0
 10
718.891653
 20
256.000000
 42
0.054512
  0
VERTEX
  8
0
 10
718.158410
 20
255.919821
 42
0.049262
  0
VERTEX
  8
0
 10
717.433083
 20
255.682448
 42
0.052390
  0
VERTEX
  8
0
 10
716.822122
 20
255.333119
 42
0.098601
  0
VERTEX
  8
0
 10
716.436196
 20
254.918973
 42
-0.148288
  0
VERTEX
  8
0
 10
716.013967
 20
254.546558
 42
-0.064688
  0
VERTEX
  8
0
 10
715.292640
 20
254.324084
 42
-0.055947
  0
VERTEX
  8
0
 10
714.405690
 20
254.272412
 42
-0.048117
  0
VERTEX
  8
0
 10
713.481438
 20
254.411858
 42
0.047301
  0
VERTEX
  8
0
 10
712.450028
 20
254.569188
 42
0.092207
  0
VERTEX
  8
0
 10
711.627357
 20
254.464098
 42
0.116035
  0
VERTEX
  8
0
 10
711.020724
 20
254.098826
 42
0.108262
  0
VERTEX
  8
0
 10
710.621917
 20
253.492885
 42
-0.123391
  0
VERTEX
  8
0
 10
710.220863
 20
252.921440
 42
-0.064464
  0
VERTEX
  8
0
 10
709.491067
 20
252.438535
 42
-0.058054
  0
VERTEX
  8
0
 10
708.564792
 20
252.111058
 42
-0.056020
  0
VERTEX
  8
0
 10
707.576676
 20
252.000000
 42
0.040075
  0
VERTEX
  8
0
 10
706.581317
 20
251.920094
 42
0.042853
  0
VERTEX
  8
0
 10
705.634308
 20
251.682448
 42
0.046998
  0
VERTEX
  8
0
 10
704.865977
 20
251.334301
 42
0.125109
  0
VERTEX
  8
0
 10
704.436196
 20
250.918973
 42
-0.148288
  0
VERTEX
  8
0
 10
704.013967
 20
250.546558
 42
-0.064688
  0
VERTEX
  8
0
 10
703.292640
 20
250.324084
 42
-0.055947
  0
VERTEX
  8
0
 10
702.405690
 20
250.272412
 42
-0.048117
  0
VERTEX
  8
0
 10
701.481438
 20
250.411858
 42
0.047859
  0
VERTEX
  8
0
 10
700.424667
 20
250.571854
 42
0.099400
  0
VERTEX
  8
0
 10
699.602871
 20
250.453080
 42
0.121616
  0
VERTEX
  8
0
 10
698.996324
 20
250.052449
 42
0.094938
  0
VERTEX
  8
0
 10
698.578381
 20
249.379431
 42
-0.093714
  0
VERTEX
  8
0
 10
698.184078
 20
248.741028
 42
-0.109220
  0
VERTEX
  8
0
 10
697.601975
 20
248.331539
 42
-0.098720
  0
VERTEX
  8
0
 10
696.852569
 20
248.180666
 42
-0.064500
  0
VERTEX
  8
0
 10
695.975118
 20
248.292666
 42
0.043256
  0
VERTEX
  8
0
 10
695.176398
 20
248.429213
 42
0.052810
  0
VERTEX
  8
0
 10
694.418896
 20
248.412044
 42
0.061789
  0
VERTEX
  8
0
 10
693.809597
 20
248.255422
 42
0.161943
  0
VERTEX
  8
0
 10
693.467389
 20
247.969444
 42
-0.128278
  0
VERTEX
  8
0
 10
692.168429
 20
246.729746
 42
-0.030716
  0
VERTEX
  8
0
 10
689.454662
 20
245.433931
 42
-0.030091
  0
VERTEX
  8
0
 10
686.618044
 20
244.481586
 42
-0.143747
  0
VERTEX
  8
0
 10
684.928243
 20
244.518418
 42
0.083562
  0
VERTEX
  8
0
 10
684.191154
 20
244.622737
 42
0.103517
  0
VERTEX
  8
0
 10
683.518159
 20
244.463424
 42
0.104720
  0
VERTEX
  8
0
 10
682.971126
 20
244.049787
 42
0.087292
  0
VERTEX
  8
0
 10
682.595380
 20
243.423732
 42
-0.092149
  0
VERTEX
  8
0
 10
682.165202
 20
242.722388
 42
-0.127051
  0
VERTEX
  8
0
 10
681.551471
 20
242.316701
 42
-0.101103
  0
VERTEX
  8
0
 10
680.707182
 20
242.206484
 42
-0.043576
  0
VERTEX
  8
0
 10
679.581214
 20
242.386815
 42
0.043442
  0
VERTEX
  8
0
 10
678.461641
 20
242.566429
 42
0.099306
  0
VERTEX
  8
0
 10
677.617037
 20
242.459685
 42
0.125831
  0
VERTEX
  8
0
 10
677.003495
 20
242.062930
 42
0.095291
  0
VERTEX
  8
0
 10
676.578381
 20
241.379431
 42
-0.093794
  0
VERTEX
  8
0
 10
676.187266
 20
240.746417
 42
-0.107109
  0
VERTEX
  8
0
 10
675.607500
 20
240.335222
 42
-0.098029
  0
VERTEX
  8
0
 10
674.866483
 20
240.178779
 42
-0.067203
  0
VERTEX
  8
0
 10
674.010890
 20
240.283312
 42
0.073558
  0
VERTEX
  8
0
 10
673.178467
 20
240.374344
 42
0.060008
  0
VERTEX
  8
0
 10
672.292420
 20
240.233354
 42
0.061533
  0
VERTEX
  8
0
 10
671.488904
 20
239.893079
 42
0.088877
  0
VERTEX
  8
0
 10
670.900597
 20
239.396765
 42
-0.079997
  0
VERTEX
  8
0
 10
670.288373
 20
238.861515
 42
-0.044242
  0
VERTEX
  8
0
 10
669.400832
 20
238.410300
 42
-0.042695
  0
VERTEX
  8
0
 10
668.395629
 20
238.103126
 42
-0.052858
  0
VERTEX
  8
0
 10
667.422846
 20
238.000000
 42
0.039690
  0
VERTEX
  8
0
 10
666.489875
 20
237.925823
 42
0.042631
  0
VERTEX
  8
0
 10
665.603165
 20
237.705172
 42
0.046768
  0
VERTEX
  8
0
 10
664.884415
 20
237.381983
 42
0.125957
  0
VERTEX
  8
0
 10
664.484005
 20
236.996330
 42
-0.157417
  0
VERTEX
  8
0
 10
664.080536
 20
236.653063
 42
-0.062107
  0
VERTEX
  8
0
 10
663.369358
 20
236.457293
 42
-0.053325
  0
VERTEX
  8
0
 10
662.487608
 20
236.423754
 42
-0.044373
  0
VERTEX
  8
0
 10
661.560524
 20
236.570720
 42
0.047561
  0
VERTEX
  8
0
 10
660.476976
 20
236.735429
 42
0.104257
  0
VERTEX
  8
0
 10
659.651682
 20
236.609044
 42
0.125269
  0
VERTEX
  8
0
 10
659.042878
 20
236.184478
 42
0.086763
  0
VERTEX
  8
0
 10
658.609658
 20
235.460937
 42
-0.085918
  0
VERTEX
  8
0
 10
658.201404
 20
234.776492
 42
-0.111501
  0
VERTEX
  8
0
 10
657.616946
 20
234.341815
 42
-0.103301
  0
VERTEX
  8
0
 10
656.866285
 20
234.180627
 42
-0.065449
  0
VERTEX
  8
0
 10
655.975118
 20
234.292666
 42
0.043256
  0
VERTEX
  8
0
 10
655.176398
 20
234.429213
 42
0.052810
  0
VERTEX
  8
0
 10
654.418896
 20
234.412044
 42
0.061789
  0
VERTEX
  8
0
 10
653.809597
 20
234.255422
 42
0.161943
  0
VERTEX
  8
0
 10
653.467389
 20
233.969444
 42
-0.126306
  0
VERTEX
  8
0
 10
652.348004
 20
232.892792
 42
-0.020292
  0
VERTEX
  8
0
 10
649.629521
 20
231.497904
 42
-0.022303
  0
VERTEX
  8
0
 10
646.771943
 20
230.326936
 42
-0.086290
  0
VERTEX
  8
0
 10
644.891653
 20
230.000000
 42
0.050680
  0
VERTEX
  8
0
 10
644.162121
 20
229.925865
 42
0.047900
  0
VERTEX
  8
0
 10
643.447793
 20
229.706250
 42
0.051495
  0
VERTEX
  8
0
 10
642.852257
 20
229.383303
 42
0.104737
  0
VERTEX
  8
0
 10
642.486274
 20
229.000000
 42
-0.158284
  0
VERTEX
  8
0
 10
642.030357
 20
228.613440
 42
-0.036095
  0
VERTEX
  8
0
 10
641.056335
 20
228.293750
 42
-0.033884
  0
VERTEX
  8
0
 10
639.826321
 20
228.073436
 42
-0.027380
  0
VERTEX
  8
0
 10
638.486274
 20
228.000000
 42
0.027380
  0
VERTEX
  8
0
 10
637.146227
 20
227.926564
 42
0.033884
  0
VERTEX
  8
0
 10
635.916213
 20
227.706250
 42
0.036095
  0
VERTEX
  8
0
 10
634.942190
 20
227.386560
 42
0.158284
  0
VERTEX
  8
0
 10
634.486274
 20
227.000000
 42
-0.158284
  0
VERTEX
  8
0
 10
634.030357
 20
226.613440
 42
-0.036095
  0
VERTEX
  8
0
 10
633.056335
 20
226.293750
 42
-0.033884
  0
VERTEX
  8
0
 10
631.826321
 20
226.073436
 42
-0.027380
  0
VERTEX
  8
0
 10
630.486274
 20
226.000000
 42
0.027380
  0
VERTEX
  8
0
 10
629.146227
 20
225.926564
 42
0.033884
  0
VERTEX
  8
0
 10
627.916213
 20
225.706250
 42
0.036095
  0
VERTEX
  8
0
 10
626.942190
 20
225.386560
 42
0.158284
  0
VERTEX
  8
0
 10
626.486274
 20
225.000000
 42
-0.252938
  0
VERTEX
  8
0
 10
624.868140
 20
224.069779
 42
-0.009895
  0
VERTEX
  8
0
 10
617.770674
 20
224.023884
 42
-0.014532
  0
VERTEX
  8
0
 10
610.840151
 20
224.317815
 42
-0.109996
  0
VERTEX
  8
0
 10
607.722705
 20
225.250000
 42
-0.033881
  0
VERTEX
  8
0
 10
604.110607
 20
227.603165
 42
-0.071387
  0
VERTEX
  8
0
 10
601.754948
 20
229.969574
 42
-0.086734
  0
VERTEX
  8
0
 10
600.439006
 20
232.575953
 42
-0.073763
  0
VERTEX
  8
0
 10
599.986274
 20
235.628074
 42
-0.021840
  0
VERTEX
  8
0
 10
600.059435
 20
237.302208
 42
-0.028783
  0
VERTEX
  8
0
 10
600.280024
 20
238.813933
 42
-0.028907
  0
VERTEX
  8
0
 10
600.597784
 20
240.007248
 42
-0.176597
  0
VERTEX
  8
0
 10
600.986274
 20
240.500000
 42
0.128561
  0
VERTEX
  8
0
 10
601.370661
 20
240.903211
 42
0.046040
  0
VERTEX
  8
0
 10
601.692524
 20
241.636189
 42
0.041947
  0
VERTEX
  8
0
 10
601.912403
 20
242.542916
 42
0.038534
  0
VERTEX
  8
0
 10
601.986274
 20
243.500000
 42
-0.038534
  0
VERTEX
  8
0
 10
602.060144
 20
244.457084
 42
-0.041947
  0
VERTEX
  8
0
 10
602.280024
 20
245.363811
 42
-0.046040
  0
VERTEX
  8
0
 10
602.601886
 20
246.096789
 42
-0.128561
  0
VERTEX
  8
0
 10
602.986274
 20
246.500000
 42
0.126268
  0
VERTEX
  8
0
 10
603.370534
 20
246.899452
 42
0.046682
  0
VERTEX
  8
0
 10
603.692524
 20
247.617557
 42
0.042550
  0
VERTEX
  8
0
 10
603.912372
 20
248.503768
 42
0.039551
  0
VERTEX
  8
0
 10
603.986274
 20
249.436572
 42
-0.050566
  0
VERTEX
  8
0
 10
604.084489
 20
250.405245
 42
-0.042150
  0
VERTEX
  8
0
 10
604.376842
 20
251.398183
 42
-0.043950
  0
VERTEX
  8
0
 10
604.806210
 20
252.268228
 42
-0.083139
  0
VERTEX
  8
0
 10
605.315867
 20
252.858575
 42
0.110189
  0
VERTEX
  8
0
 10
605.819968
 20
253.510011
 42
0.056636
  0
VERTEX
  8
0
 10
606.152043
 20
254.492511
 42
0.049536
  0
VERTEX
  8
0
 10
606.288289
 20
255.684635
 42
0.040154
  0
VERTEX
  8
0
 10
606.204058
 20
256.969499
 42
-0.032749
  0
VERTEX
  8
0
 10
606.089913
 20
258.388748
 42
-0.081542
  0
VERTEX
  8
0
 10
606.242942
 20
259.415554
 42
-0.114027
  0
VERTEX
  8
0
 10
606.668026
 20
260.128347
 42
-0.110338
  0
VERTEX
  8
0
 10
607.367350
 20
260.592738
 42
0.095470
  0
VERTEX
  8
0
 10
608.049856
 20
261.017572
 42
0.125760
  0
VERTEX
  8
0
 10
608.446111
 20
261.631107
 42
0.099205
  0
VERTEX
  8
0
 10
608.552661
 20
262.475729
 42
0.043435
  0
VERTEX
  8
0
 10
608.373089
 20
263.594941
 42
-0.043410
  0
VERTEX
  8
0
 10
608.193664
 20
264.712881
 42
-0.098851
  0
VERTEX
  8
0
 10
608.299537
 20
265.557571
 42
-0.125507
  0
VERTEX
  8
0
 10
608.694045
 20
266.171086
 42
-0.096100
  0
VERTEX
  8
0
 10
609.373089
 20
266.594941
 42
0.095559
  0
VERTEX
  8
0
 10
610.034192
 20
267.006613
 42
0.118293
  0
VERTEX
  8
0
 10
610.435249
 20
267.608442
 42
0.098789
  0
VERTEX
  8
0
 10
610.561571
 20
268.414852
 42
0.051132
  0
VERTEX
  8
0
 10
610.414873
 20
269.428461
 42
-0.061054
  0
VERTEX
  8
0
 10
610.292648
 20
270.409503
 42
-0.064960
  0
VERTEX
  8
0
 10
610.415987
 20
271.369742
 42
-0.068988
  0
VERTEX
  8
0
 10
610.768727
 20
272.215245
 42
-0.086483
  0
VERTEX
  8
0
 10
611.318753
 20
272.860970
 42
0.081478
  0
VERTEX
  8
0
 10
611.841453
 20
273.462401
 42
0.061090
  0
VERTEX
  8
0
 10
612.208480
 20
274.260892
 42
0.060983
  0
VERTEX
  8
0
 10
612.372183
 20
275.126044
 42
0.080415
  0
VERTEX
  8
0
 10
612.295921
 20
275.923909
 42
-0.059753
  0
VERTEX
  8
0
 10
612.191928
 20
276.681512
 42
-0.063034
  0
VERTEX
  8
0
 10
612.273519
 20
277.428098
 42
-0.070436
  0
VERTEX
  8
0
 10
612.519293
 20
278.051761
 42
-0.125957
  0
VERTEX
  8
0
 10
612.899156
 20
278.446158
 42
0.119222
  0
VERTEX
  8
0
 10
613.316501
 20
278.868119
 42
0.048511
  0
VERTEX
  8
0
 10
613.666933
 20
279.601741
 42
0.044371
  0
VERTEX
  8
0
 10
613.905837
 20
280.499813
 42
0.042855
  0
VERTEX
  8
0
 10
613.986274
 20
281.436572
 42
-0.054904
  0
VERTEX
  8
0
 10
614.093826
 20
282.413068
 42
-0.043118
  0
VERTEX
  8
0
 10
614.414431
 20
283.429379
 42
-0.044424
  0
VERTEX
  8
0
 10
614.885410
 20
284.332827
 42
-0.077336
  0
VERTEX
  8
0
 10
615.443830
 20
284.964775
 42
0.091905
  0
VERTEX
  8
0
 10
616.036079
 20
285.675417
 42
0.075356
  0
VERTEX
  8
0
 10
616.385813
 20
286.601600
 42
0.063147
  0
VERTEX
  8
0
 10
616.482073
 20
287.738043
 42
0.038962
  0
VERTEX
  8
0
 10
616.321910
 20
289.071819
 42
-0.031608
  0
VERTEX
  8
0
 10
616.132366
 20
290.475730
 42
-0.089561
  0
VERTEX
  8
0
 10
616.238147
 20
291.454636
 42
-0.127712
  0
VERTEX
  8
0
 10
616.643111
 20
292.129703
 42
-0.102862
  0
VERTEX
  8
0
 10
617.357239
 20
292.588858
 42
0.094375
  0
VERTEX
  8
0
 10
618.045849
 20
293.015420
 42
0.126193
  0
VERTEX
  8
0
 10
618.445173
 20
293.629003
 42
0.099825
  0
VERTEX
  8
0
 10
618.552915
 20
294.473512
 42
0.043479
  0
VERTEX
  8
0
 10
618.373089
 20
295.594941
 42
-0.043547
  0
VERTEX
  8
0
 10
618.192905
 20
296.719572
 42
-0.100726
  0
VERTEX
  8
0
 10
618.302388
 20
297.563924
 42
-0.126803
  0
VERTEX
  8
0
 10
618.706190
 20
298.177604
 42
-0.092803
  0
VERTEX
  8
0
 10
619.403751
 20
298.606707
 42
0.106967
  0
VERTEX
  8
0
 10
620.150643
 20
299.095547
 42
0.134261
  0
VERTEX
  8
0
 10
620.553901
 20
299.814424
 42
0.084122
  0
VERTEX
  8
0
 10
620.637423
 20
300.904957
 42
0.023513
  0
VERTEX
  8
0
 10
620.400511
 20
302.605463
 42
-0.023681
  0
VERTEX
  8
0
 10
620.168577
 20
304.274340
 42
-0.079426
  0
VERTEX
  8
0
 10
620.243109
 20
305.372271
 42
-0.127800
  0
VERTEX
  8
0
 10
620.620798
 20
306.096822
 42
-0.117954
  0
VERTEX
  8
0
 10
621.313822
 20
306.572198
 42
0.079844
  0
VERTEX
  8
0
 10
621.867996
 20
306.893748
 42
0.091231
  0
VERTEX
  8
0
 10
622.264107
 20
307.360482
 42
0.100758
  0
VERTEX
  8
0
 10
622.442617
 20
307.897468
 42
0.122230
  0
VERTEX
  8
0
 10
622.377622
 20
308.422545
 42
-0.116345
  0
VERTEX
  8
0
 10
622.300377
 20
308.992282
 42
-0.069103
  0
VERTEX
  8
0
 10
622.460619
 20
309.661934
 42
-0.063178
  0
VERTEX
  8
0
 10
622.822095
 20
310.325106
 42
-0.063292
  0
VERTEX
  8
0
 10
623.337530
 20
310.876554
 42
0.086405
  0
VERTEX
  8
0
 10
623.851186
 20
311.479392
 42
0.061442
  0
VERTEX
  8
0
 10
624.206260
 20
312.295052
 42
0.060375
  0
VERTEX
  8
0
 10
624.357244
 20
313.189383
 42
0.075750
  0
VERTEX
  8
0
 10
624.269585
 20
314.024616
 42
-0.067289
  0
VERTEX
  8
0
 10
624.165051
 20
314.881435
 42
-0.098437
  0
VERTEX
  8
0
 10
624.322407
 20
315.622565
 42
-0.107333
  0
VERTEX
  8
0
 10
624.735828
 20
316.202515
 42
-0.093077
  0
VERTEX
  8
0
 10
625.372820
 20
316.594837
 42
0.110400
  0
VERTEX
  8
0
 10
625.989992
 20
317.004784
 42
0.066229
  0
VERTEX
  8
0
 10
626.512322
 20
317.717716
 42
0.061325
  0
VERTEX
  8
0
 10
626.865931
 20
318.609394
 42
0.063848
  0
VERTEX
  8
0
 10
626.986274
 20
319.547972
 42
-0.039298
  0
VERTEX
  8
0
 10
627.060168
 20
320.486692
 42
-0.042402
  0
VERTEX
  8
0
 10
627.280024
 20
321.377903
 42
-0.046526
  0
VERTEX
  8
0
 10
627.601983
 20
322.099627
 42
-0.126832
  0
VERTEX
  8
0
 10
627.986274
 20
322.500000
 42
0.159713
  0
VERTEX
  8
0
 10
628.372966
 20
322.958660
 42
0.035556
  0
VERTEX
  8
0
 10
628.692524
 20
323.947275
 42
0.033489
  0
VERTEX
  8
0
 10
628.912859
 20
325.196361
 42
0.026918
  0
VERTEX
  8
0
 10
628.986274
 20
326.559017
 42
-0.027497
  0
VERTEX
  8
0
 10
629.058837
 20
327.877484
 42
-0.043243
  0
VERTEX
  8
0
 10
629.280024
 20
328.989211
 42
-0.053437
  0
VERTEX
  8
0
 10
629.600752
 20
329.770364
 42
-0.275259
  0
VERTEX
  8
0
 10
629.986274
 20
330.000000
 42
0.148195
  0
VERTEX
  8
0
 10
630.367628
 20
330.115568
 42
0.098894
  0
VERTEX
  8
0
 10
630.692524
 20
330.440625
 42
0.082425
  0
VERTEX
  8
0
 10
630.911579
 20
330.926543
 42
0.064853
  0
VERTEX
  8
0
 10
630.986274
 20
331.500000
 42
0.137309
  0
VERTEX
  8
0
 10
630.815962
 20
332.108483
 42
0.114538
  0
VERTEX
  8
0
 10
630.345213
 20
332.590178
 42
0.089290
  0
VERTEX
  8
0
 10
629.598535
 20
332.897716
 42
0.053199
  0
VERTEX
  8
0
 10
628.639912
 20
333.000000
 42
0.077028
  0
VERTEX
  8
0
 10
626.252045
 20
332.629937
 42
0.033569
  0
VERTEX
  8
0
 10
623.258102
 20
331.452757
 42
0.027988
  0
VERTEX
  8
0
 10
620.599990
 20
330.008574
 42
0.259912
  0
VERTEX
  8
0
 10
619.986274
 20
328.907706
 42
-0.268160
  0
VERTEX
  8
0
 10
619.804232
 20
328.592686
 42
-0.093994
  0
VERTEX
  8
0
 10
619.291712
 20
328.414052
 42
-0.062444
  0
VERTEX
  8
0
 10
618.528002
 20
328.396322
 42
-0.036113
  0
VERTEX
  8
0
 10
617.621809
 20
328.555339
 42
0.044328
  0
VERTEX
  8
0
 10
616.517719
 20
328.730466
 42
0.098903
  0
VERTEX
  8
0
 10
615.678038
 20
328.622005
 42
0.124615
  0
VERTEX
  8
0
 10
615.066075
 20
328.226663
 42
0.096009
  0
VERTEX
  8
0
 10
614.643768
 20
327.549827
 42
-0.096100
  0
VERTEX
  8
0
 10
614.219914
 20
326.870783
 42
-0.125507
  0
VERTEX
  8
0
 10
613.606399
 20
326.476276
 42
-0.098851
  0
VERTEX
  8
0
 10
612.761709
 20
326.370403
 42
-0.043410
  0
VERTEX
  8
0
 10
611.643768
 20
326.549827
 42
0.043795
  0
VERTEX
  8
0
 10
610.508541
 20
326.731132
 42
0.103755
  0
VERTEX
  8
0
 10
609.664637
 20
326.615706
 42
0.128675
  0
VERTEX
  8
0
 10
609.050394
 20
326.196697
 42
0.087672
  0
VERTEX
  8
0
 10
608.612491
 20
325.468321
 42
-0.088036
  0
VERTEX
  8
0
 10
608.167458
 20
324.729294
 42
-0.132896
  0
VERTEX
  8
0
 10
607.546179
 20
324.314296
 42
-0.103328
  0
VERTEX
  8
0
 10
606.679260
 20
324.210872
 42
-0.039700
  0
VERTEX
  8
0
 10
605.476956
 20
324.412983
 42
0.034986
  0
VERTEX
  8
0
 10
604.519908
 20
324.583146
 42
0.061189
  0
VERTEX
  8
0
 10
603.716033
 20
324.570115
 42
0.092371
  0
VERTEX
  8
0
 10
603.176905
 20
324.389866
 42
0.272436
  0
VERTEX
  8
0
 10
602.986274
 20
324.065969
 42
-0.264862
  0
VERTEX
  8
0
 10
602.366508
 20
322.978069
 42
-0.024366
  0
VERTEX
  8
0
 10
599.515266
 20
321.470393
 42
-0.025233
  0
VERTEX
  8
0
 10
596.521779
 20
320.249599
 42
-0.226337
  0
VERTEX
  8
0
 10
595.149852
 20
320.398903
 42
0.158665
  0
VERTEX
  8
0
 10
594.699139
 20
320.508659
 42
0.080363
  0
VERTEX
  8
0
 10
594.125119
 20
320.370485
 42
0.066805
  0
VERTEX
  8
0
 10
593.519348
 20
320.015543
 42
0.053713
  0
VERTEX
  8
0
 10
592.977136
 20
319.488990
 42
-0.076023
  0
VERTEX
  8
0
 10
592.335014
 20
318.918586
 42
-0.044492
  0
VERTEX
  8
0
 10
591.423316
 20
318.437391
 42
-0.043312
  0
VERTEX
  8
0
 10
590.401259
 20
318.109833
 42
-0.055952
  0
VERTEX
  8
0
 10
589.422846
 20
318.000000
 42
0.042625
  0
VERTEX
  8
0
 10
588.486364
 20
317.920020
 42
0.044251
  0
VERTEX
  8
0
 10
587.589121
 20
317.682448
 42
0.048396
  0
VERTEX
  8
0
 10
586.856598
 20
317.334004
 42
0.119693
  0
VERTEX
  8
0
 10
586.436196
 20
316.918973
 42
-0.148288
  0
VERTEX
  8
0
 10
586.013967
 20
316.546558
 42
-0.064688
  0
VERTEX
  8
0
 10
585.292640
 20
316.324084
 42
-0.055947
  0
VERTEX
  8
0
 10
584.405690
 20
316.272412
 42
-0.048117
  0
VERTEX
  8
0
 10
583.481438
 20
316.411858
 42
0.047859
  0
VERTEX
  8
0
 10
582.424667
 20
316.571854
 42
0.099400
  0
VERTEX
  8
0
 10
581.602871
 20
316.453080
 42
0.121616
  0
VERTEX
  8
0
 10
580.996324
 20
316.052449
 42
0.094938
  0
VERTEX
  8
0
 10
580.578381
 20
315.379431
 42
-0.093794
  0
VERTEX
  8
0
 10
580.187266
 20
314.746417
 42
-0.107109
  0
VERTEX
  8
0
 10
579.607500
 20
314.335222
 42
-0.098029
  0
VERTEX
  8
0
 10
578.866483
 20
314.178779
 42
-0.067203
  0
VERTEX
  8
0
 10
578.010890
 20
314.283312
 42
0.073558
  0
VERTEX
  8
0
 10
577.178467
 20
314.374344
 42
0.060008
  0
VERTEX
  8
0
 10
576.292420
 20
314.233354
 42
0.061533
  0
VERTEX
  8
0
 10
575.488904
 20
313.893079
 42
0.088877
  0
VERTEX
  8
0
 10
574.900597
 20
313.396765
 42
-0.066429
  0
VERTEX
  8
0
 10
574.321284
 20
312.862026
 42
-0.044483
  0
VERTEX
  8
0
 10
573.539306
 20
312.410300
 42
-0.044364
  0
VERTEX
  8
0
 10
572.686492
 20
312.102606
 42
-0.064487
  0
VERTEX
  8
0
 10
571.894245
 20
312.000000
 42
0.068759
  0
VERTEX
  8
0
 10
570.948418
 20
311.869314
 42
0.019908
  0
VERTEX
  8
0
 10
569.543709
 20
311.412500
 42
0.019614
  0
VERTEX
  8
0
 10
567.985101
 20
310.765533
 42
0.019773
  0
VERTEX
  8
0
 10
566.486274
 20
310.000000
 42
-0.020403
  0
VERTEX
  8
0
 10
564.982780
 20
309.234469
 42
-0.019929
  0
VERTEX
  8
0
 10
563.410207
 20
308.587500
 42
-0.020286
  0
VERTEX
  8
0
 10
561.986516
 20
308.131636
 42
-0.067431
  0
VERTEX
  8
0
 10
561.014874
 20
308.000000
 42
0.051489
  0
VERTEX
  8
0
 10
560.234216
 20
307.919396
 42
0.048206
  0
VERTEX
  8
0
 10
559.468173
 20
307.680659
 42
0.051712
  0
VERTEX
  8
0
 10
558.828140
 20
307.329527
 42
0.103394
  0
VERTEX
  8
0
 10
558.432432
 20
306.912882
 42
-0.125957
  0
VERTEX
  8
0
 10
558.038035
 20
306.533020
 42
-0.070436
  0
VERTEX
  8
0
 10
557.414372
 20
306.287246
 42
-0.063034
  0
VERTEX
  8
0
 10
556.667786
 20
306.205654
 42
-0.059753
  0
VERTEX
  8
0
 10
555.910182
 20
306.309647
 42
0.077208
  0
VERTEX
  8
0
 10
555.116276
 20
306.390642
 42
0.060590
  0
VERTEX
  8
0
 10
554.262838
 20
306.241090
 42
0.061354
  0
VERTEX
  8
0
 10
553.481547
 20
305.894941
 42
0.084818
  0
VERTEX
  8
0
 10
552.900597
 20
305.396765
 42
-0.079997
  0
VERTEX
  8
0
 10
552.288373
 20
304.861515
 42
-0.044242
  0
VERTEX
  8
0
 10
551.400832
 20
304.410300
 42
-0.042695
  0
VERTEX
  8
0
 10
550.395629
 20
304.103126
 42
-0.052858
  0
VERTEX
  8
0
 10
549.422846
 20
304.000000
 42
0.042855
  0
VERTEX
  8
0
 10
548.486087
 20
303.919563
 42
0.044371
  0
VERTEX
  8
0
 10
547.588015
 20
303.680659
 42
0.048511
  0
VERTEX
  8
0
 10
546.854393
 20
303.330227
 42
0.119222
  0
VERTEX
  8
0
 10
546.432432
 20
302.912882
 42
-0.125957
  0
VERTEX
  8
0
 10
546.038035
 20
302.533020
 42
-0.070436
  0
VERTEX
  8
0
 10
545.414372
 20
302.287246
 42
-0.063034
  0
VERTEX
  8
0
 10
544.667786
 20
302.205654
 42
-0.059753
  0
VERTEX
  8
0
 10
543.910182
 20
302.309647
 42
0.079483
  0
VERTEX
  8
0
 10
543.113473
 20
302.387289
 42
0.060880
  0
VERTEX
  8
0
 10
542.251743
 20
302.227722
 42
0.061176
  0
VERTEX
  8
0
 10
541.458280
 20
301.866791
 42
0.082428
  0
VERTEX
  8
0
 10
540.862828
 20
301.351256
 42
-0.063292
  0
VERTEX
  8
0
 10
540.311380
 20
300.835821
 42
-0.063178
  0
VERTEX
  8
0
 10
539.648208
 20
300.474345
 42
-0.069103
  0
VERTEX
  8
0
 10
538.978556
 20
300.314103
 42
-0.116345
  0
VERTEX
  8
0
 10
538.408819
 20
300.391349
 42
0.113550
  0
VERTEX
  8
0
 10
537.886977
 20
300.465035
 42
0.100282
  0
VERTEX
  8
0
 10
537.359077
 20
300.309943
 42
0.093971
  0
VERTEX
  8
0
 10
536.906261
 20
299.948954
 42
0.086202
  0
VERTEX
  8
0
 10
536.600417
 20
299.436858
 42
-0.127198
  0
VERTEX
  8
0
 10
536.208130
 20
298.886720
 42
-0.063764
  0
VERTEX
  8
0
 10
535.484751
 20
298.422077
 42
-0.057044
  0
VERTEX
  8
0
 10
534.563221
 20
298.106801
 42
-0.053971
  0
VERTEX
  8
0
 10
533.576676
 20
298.000000
 42
0.040075
  0
VERTEX
  8
0
 10
532.581317
 20
297.920094
 42
0.042853
  0
VERTEX
  8
0
 10
531.634308
 20
297.682448
 42
0.046998
  0
VERTEX
  8
0
 10
530.865977
 20
297.334301
 42
0.125109
  0
VERTEX
  8
0
 10
530.436196
 20
296.918973
 42
-0.148288
  0
VERTEX
  8
0
 10
530.013967
 20
296.546558
 42
-0.064688
  0
VERTEX
  8
0
 10
529.292640
 20
296.324084
 42
-0.055947
  0
VERTEX
  8
0
 10
528.405690
 20
296.272412
 42
-0.048117
  0
VERTEX
  8
0
 10
527.481438
 20
296.411858
 42
0.047301
  0
VERTEX
  8
0
 10
526.450028
 20
296.569188
 42
0.092207
  0
VERTEX
  8
0
 10
525.627357
 20
296.464098
 42
0.116035
  0
VERTEX
  8
0
 10
525.020724
 20
296.098826
 42
0.108262
  0
VERTEX
  8
0
 10
524.621917
 20
295.492885
 42
-0.103437
  0
VERTEX
  8
0
 10
524.253931
 20
294.921982
 42
-0.066726
  0
VERTEX
  8
0
 10
523.629540
 20
294.438535
 42
-0.062913
  0
VERTEX
  8
0
 10
522.855849
 20
294.111478
 42
-0.068678
  0
VERTEX
  8
0
 10
522.048075
 20
294.000000
 42
0.066332
  0
VERTEX
  8
0
 10
521.036155
 20
293.865161
 42
0.020589
  0
VERTEX
  8
0
 10
519.569604
 20
293.401664
 42
0.020186
  0
VERTEX
  8
0
 10
517.955878
 20
292.742762
 42
0.020938
  0
VERTEX
  8
0
 10
516.420596
 20
291.963111
 42
-0.029879
  0
VERTEX
  8
0
 10
514.901120
 20
291.225338
 42
-0.031766
  0
VERTEX
  8
0
 10
513.334888
 20
290.691024
 42
-0.033527
  0
VERTEX
  8
0
 10
511.939414
 20
290.410725
 42
-0.110073
  0
VERTEX
  8
0
 10
511.008605
 20
290.492912
 42
0.075181
  0
VERTEX
  8
0
 10
510.220907
 20
290.617810
 42
0.106993
  0
VERTEX
  8
0
 10
509.529506
 20
290.473329
 42
0.111067
  0
VERTEX
  8
0
 10
508.977722
 20
290.062154
 42
0.085900
  0
VERTEX
  8
0
 10
508.592547
 20
289.416347
 42
-0.090160
  0
VERTEX
  8
0
 10
508.195150
 20
288.762675
 42
-0.108208
  0
VERTEX
  8
0
 10
507.614361
 20
288.339973
 42
-0.100118
  0
VERTEX
  8
0
 10
506.872735
 20
288.178800
 42
-0.067654
  0
VERTEX
  8
0
 10
506.010890
 20
288.283312
 42
0.076898
  0
VERTEX
  8
0
 10
505.174175
 20
288.369194
 42
0.060546
  0
VERTEX
  8
0
 10
504.275471
 20
288.212932
 42
0.061374
  0
VERTEX
  8
0
 10
503.453396
 20
287.850054
 42
0.085151
  0
VERTEX
  8
0
 10
502.842898
 20
287.327243
 42
-0.078549
  0
VERTEX
  8
0
 10
502.244767
 20
286.801268
 42
-0.060767
  0
VERTEX
  8
0
 10
501.459672
 20
286.428649
 42
-0.061255
  0
VERTEX
  8
0
 10
500.615334
 20
286.258026
 42
-0.083396
  0
VERTEX
  8
0
 10
499.842898
 20
286.327243
 42
0.079841
  0
VERTEX
  8
0
 10
499.074732
 20
286.401551
 42
0.060920
  0
VERTEX
  8
0
 10
498.243073
 20
286.246259
 42
0.061144
  0
VERTEX
  8
0
 10
497.476605
 20
285.896201
 42
0.082061
  0
VERTEX
  8
0
 10
496.900597
 20
285.396765
 42
-0.079997
  0
VERTEX
  8
0
 10
496.288373
 20
284.861515
 42
-0.044242
  0
VERTEX
  8
0
 10
495.400832
 20
284.410300
 42
-0.042695
  0
VERTEX
  8
0
 10
494.395629
 20
284.103126
 42
-0.052858
  0
VERTEX
  8
0
 10
493.422846
 20
284.000000
 42
0.042625
  0
VERTEX
  8
0
 10
492.486364
 20
283.920020
 42
0.044251
  0
VERTEX
  8
0
 10
491.589121
 20
283.682448
 42
0.048396
  0
VERTEX
  8
0
 10
490.856598
 20
283.334004
 42
0.119693
  0
VERTEX
  8
0
 10
490.436196
 20
282.918973
 42
-0.153269
  0
VERTEX
  8
0
 10
490.007279
 20
282.548024
 42
-0.063318
  0
VERTEX
  8
0
 10
489.262014
 20
282.331771
 42
-0.054518
  0
VERTEX
  8
0
 10
488.341342
 20
282.288450
 42
-0.046031
  0
VERTEX
  8
0
 10
487.377179
 20
282.438025
 42
0.035696
  0
VERTEX
  8
0
 10
486.460832
 20
282.599611
 42
0.061775
  0
VERTEX
  8
0
 10
485.688602
 20
282.583999
 42
0.092915
  0
VERTEX
  8
0
 10
485.169931
 20
282.406975
 42
0.270468
  0
VERTEX
  8
0
 10
484.986274
 20
282.092294
 42
-0.257162
  0
VERTEX
  8
0
 10
484.422875
 20
281.069322
 42
-0.023975
  0
VERTEX
  8
0
 10
481.827462
 20
279.596960
 42
-0.029949
  0
VERTEX
  8
0
 10
478.987763
 20
278.368799
 42
-0.087302
  0
VERTEX
  8
0
 10
476.891653
 20
278.000000
 42
0.050680
  0
VERTEX
  8
0
 10
476.162121
 20
277.925865
 42
0.047900
  0
VERTEX
  8
0
 10
475.447793
 20
277.706250
 42
0.051495
  0
VERTEX
  8
0
 10
474.852257
 20
277.383303
 42
0.104737
  0
VERTEX
  8
0
 10
474.486274
 20
277.000000
 42
-0.128561
  0
VERTEX
  8
0
 10
474.083063
 20
276.615613
 42
-0.046040
  0
VERTEX
  8
0
 10
473.350085
 20
276.293750
 42
-0.041947
  0
VERTEX
  8
0
 10
472.443358
 20
276.073871
 42
-0.038534
  0
VERTEX
  8
0
 10
471.486274
 20
276.000000
 42
0.041536
  0
VERTEX
  8
0
 10
470.525516
 20
275.920050
 42
0.043669
  0
VERTEX
  8
0
 10
469.607752
 20
275.682448
 42
0.047827
  0
VERTEX
  8
0
 10
468.860499
 20
275.334125
 42
0.121961
  0
VERTEX
  8
0
 10
468.436196
 20
274.918973
 42
-0.148288
  0
VERTEX
  8
0
 10
468.013967
 20
274.546558
 42
-0.064688
  0
VERTEX
  8
0
 10
467.292640
 20
274.324084
 42
-0.055947
  0
VERTEX
  8
0
 10
466.405690
 20
274.272412
 42
-0.048117
  0
VERTEX
  8
0
 10
465.481438
 20
274.411858
 42
0.047859
  0
VERTEX
  8
0
 10
464.424667
 20
274.571854
 42
0.099400
  0
VERTEX
  8
0
 10
463.602871
 20
274.453080
 42
0.121616
  0
VERTEX
  8
0
 10
462.996324
 20
274.052449
 42
0.094938
  0
VERTEX
  8
0
 10
462.578381
 20
273.379431
 42
-0.093714
  0
VERTEX
  8
0
 10
462.184078
 20
272.741028
 42
-0.109220
  0
VERTEX
  8
0
 10
461.601975
 20
272.331539
 42
-0.098720
  0
VERTEX
  8
0
 10
460.852569
 20
272.180666
 42
-0.064500
  0
VERTEX
  8
0
 10
459.975118
 20
272.292666
 42
0.043256
  0
VERTEX
  8
0
 10
459.176398
 20
272.429213
 42
0.052810
  0
VERTEX
  8
0
 10
458.418896
 20
272.412044
 42
0.061789
  0
VERTEX
  8
0
 10
457.809597
 20
272.255422
 42
0.161943
  0
VERTEX
  8
0
 10
457.467389
 20
271.969444
 42
-0.128278
  0
VERTEX
  8
0
 10
456.168429
 20
270.729746
 42
-0.030716
  0
VERTEX
  8
0
 10
453.454662
 20
269.433931
 42
-0.030091
  0
VERTEX
  8
0
 10
450.618044
 20
268.481586
 42
-0.143747
  0
VERTEX
  8
0
 10
448.928243
 20
268.518418
 42
0.081453
  0
VERTEX
  8
0
 10
448.206482
 20
268.623654
 42
0.097667
  0
VERTEX
  8
0
 10
447.536514
 20
268.479117
 42
0.102232
  0
VERTEX
  8
0
 10
446.994072
 20
268.099224
 42
0.097729
  0
VERTEX
  8
0
 10
446.636083
 20
267.529801
 42
-0.120989
  0
VERTEX
  8
0
 10
446.229295
 20
266.944312
 42
-0.064866
  0
VERTEX
  8
0
 10
445.495228
 20
266.449379
 42
-0.058682
  0
VERTEX
  8
0
 10
444.565830
 20
266.113863
 42
-0.057366
  0
VERTEX
  8
0
 10
443.576676
 20
266.000000
 42
0.040075
  0
VERTEX
  8
0
 10
442.581317
 20
265.920094
 42
0.042853
  0
VERTEX
  8
0
 10
441.634308
 20
265.682448
 42
0.046998
  0
VERTEX
  8
0
 10
440.865977
 20
265.334301
 42
0.125109
  0
VERTEX
  8
0
 10
440.436196
 20
264.918973
 42
-0.148288
  0
VERTEX
  8
0
 10
440.013967
 20
264.546558
 42
-0.064688
  0
VERTEX
  8
0
 10
439.292640
 20
264.324084
 42
-0.055947
  0
VERTEX
  8
0
 10
438.405690
 20
264.272412
 42
-0.048117
  0
VERTEX
  8
0
 10
437.481438
 20
264.411858
 42
0.047621
  0
VERTEX
  8
0
 10
436.434210
 20
264.570918
 42
0.096644
  0
VERTEX
  8
0
 10
435.612156
 20
264.457482
 42
0.119659
  0
VERTEX
  8
0
 10
435.005841
 20
264.070562
 42
0.099881
  0
VERTEX
  8
0
 10
434.595458
 20
263.423934
 42
-0.093276
  0
VERTEX
  8
0
 10
434.216722
 20
262.809544
 42
-0.114772
  0
VERTEX
  8
0
 10
433.663760
 20
262.428136
 42
-0.104394
  0
VERTEX
  8
0
 10
432.956420
 20
262.308726
 42
-0.066733
  0
VERTEX
  8
0
 10
432.132382
 20
262.453627
 42
0.080980
  0
VERTEX
  8
0
 10
431.293136
 20
262.576799
 42
0.071972
  0
VERTEX
  8
0
 10
430.421409
 20
262.436498
 42
0.070687
  0
VERTEX
  8
0
 10
429.611216
 20
262.050697
 42
0.073260
  0
VERTEX
  8
0
 10
428.951659
 20
261.458292
 42
-0.076376
  0
VERTEX
  8
0
 10
428.254730
 20
260.840078
 42
-0.072593
  0
VERTEX
  8
0
 10
427.392493
 20
260.446485
 42
-0.069861
  0
VERTEX
  8
0
 10
426.423394
 20
260.306158
 42
-0.062635
  0
VERTEX
  8
0
 10
425.414735
 20
260.428599
 42
0.051180
  0
VERTEX
  8
0
 10
424.399629
 20
260.575414
 42
0.099238
  0
VERTEX
  8
0
 10
423.593223
 20
260.448200
 42
0.118587
  0
VERTEX
  8
0
 10
422.991312
 20
260.044871
 42
0.094771
  0
VERTEX
  8
0
 10
422.578381
 20
259.379431
 42
-0.093714
  0
VERTEX
  8
0
 10
422.184078
 20
258.741028
 42
-0.109220
  0
VERTEX
  8
0
 10
421.601975
 20
258.331539
 42
-0.098720
  0
VERTEX
  8
0
 10
420.852569
 20
258.180666
 42
-0.064500
  0
VERTEX
  8
0
 10
419.975118
 20
258.292666
 42
0.045128
  0
VERTEX
  8
0
 10
419.174750
 20
258.426419
 42
0.054211
  0
VERTEX
  8
0
 10
418.412258
 20
258.401303
 42
0.063259
  0
VERTEX
  8
0
 10
417.796482
 20
258.232477
 42
0.157093
  0
VERTEX
  8
0
 10
417.444791
 20
257.932880
 42
-0.131241
  0
VERTEX
  8
0
 10
416.219622
 20
256.777171
 42
-0.023127
  0
VERTEX
  8
0
 10
413.344514
 20
255.391891
 42
-0.019581
  0
VERTEX
  8
0
 10
410.366854
 20
254.258859
 42
-0.223097
  0
VERTEX
  8
0
 10
409.149852
 20
254.398903
 42
0.158665
  0
VERTEX
  8
0
 10
408.699139
 20
254.508659
 42
0.080363
  0
VERTEX
  8
0
 10
408.125119
 20
254.370485
 42
0.066805
  0
VERTEX
  8
0
 10
407.519348
 20
254.015543
 42
0.053713
  0
VERTEX
  8
0
 10
406.977136
 20
253.488990
 42
-0.076023
  0
VERTEX
  8
0
 10
406.335014
 20
252.918586
 42
-0.044492
  0
VERTEX
  8
0
 10
405.423316
 20
252.437391
 42
-0.043312
  0
VERTEX
  8
0
 10
404.401259
 20
252.109833
 42
-0.055952
  0
VERTEX
  8
0
 10
403.422846
 20
252.000000
 42
0.039551
  0
VERTEX
  8
0
 10
402.490042
 20
251.926099
 42
0.042550
  0
VERTEX
  8
0
 10
401.603831
 20
251.706250
 42
0.046682
  0
VERTEX
  8
0
 10
400.885726
 20
251.384260
 42
0.126268
  0
VERTEX
  8
0
 10
400.486274
 20
251.000000
 42
-0.128561
  0
VERTEX
  8
0
 10
400.083063
 20
250.615613
 42
-0.046040
  0
VERTEX
  8
0
 10
399.350085
 20
250.293750
 42
-0.041947
  0
VERTEX
  8
0
 10
398.443358
 20
250.073871
 42
-0.038534
  0
VERTEX
  8
0
 10
397.486274
 20
250.000000
 42
0.041760
  0
VERTEX
  8
0
 10
396.525239
 20
249.919593
 42
0.043791
  0
VERTEX
  8
0
 10
395.606647
 20
249.680659
 42
0.047947
  0
VERTEX
  8
0
 10
394.858304
 20
249.330347
 42
0.121488
  0
VERTEX
  8
0
 10
394.432432
 20
248.912882
 42
-0.127969
  0
VERTEX
  8
0
 10
394.035530
 20
248.533626
 42
-0.070112
  0
VERTEX
  8
0
 10
393.403864
 20
248.289993
 42
-0.062485
  0
VERTEX
  8
0
 10
392.645695
 20
248.211384
 42
-0.058638
  0
VERTEX
  8
0
 10
391.874411
 20
248.319002
 42
0.045559
  0
VERTEX
  8
0
 10
391.114250
 20
248.445362
 42
0.054525
  0
VERTEX
  8
0
 10
390.389313
 20
248.419780
 42
0.063577
  0
VERTEX
  8
0
 10
389.803315
 20
248.256843
 42
0.156007
  0
VERTEX
  8
0
 10
389.467389
 20
247.969444
 42
-0.128278
  0
VERTEX
  8
0
 10
388.168429
 20
246.729746
 42
-0.030716
  0
VERTEX
  8
0
 10
385.454662
 20
245.433931
 42
-0.030091
  0
VERTEX
  8
0
 10
382.618044
 20
244.481586
 42
-0.143747
  0
VERTEX
  8
0
 10
380.928243
 20
244.518418
 42
0.083715
  0
VERTEX
  8
0
 10
380.190153
 20
244.622650
 42
0.103900
  0
VERTEX
  8
0
 10
379.516934
 20
244.462314
 42
0.104848
  0
VERTEX
  8
0
 10
378.969538
 20
244.046355
 42
0.086630
  0
VERTEX
  8
0
 10
378.592547
 20
243.416347
 42
-0.090160
  0
VERTEX
  8
0
 10
378.195150
 20
242.762675
 42
-0.108208
  0
VERTEX
  8
0
 10
377.614361
 20
242.339973
 42
-0.100118
  0
VERTEX
  8
0
 10
376.872735
 20
242.178800
 42
-0.067654
  0
VERTEX
  8
0
 10
376.010890
 20
242.283312
 42
0.076898
  0
VERTEX
  8
0
 10
375.174175
 20
242.369194
 42
0.060546
  0
VERTEX
  8
0
 10
374.275471
 20
242.212932
 42
0.061374
  0
VERTEX
  8
0
 10
373.453396
 20
241.850054
 42
0.085151
  0
VERTEX
  8
0
 10
372.842898
 20
241.327243
 42
-0.078549
  0
VERTEX
  8
0
 10
372.244767
 20
240.801268
 42
-0.060767
  0
VERTEX
  8
0
 10
371.459672
 20
240.428649
 42
-0.061255
  0
VERTEX
  8
0
 10
370.615334
 20
240.258026
 42
-0.083396
  0
VERTEX
  8
0
 10
369.842898
 20
240.327243
 42
0.083396
  0
VERTEX
  8
0
 10
369.070462
 20
240.396460
 42
0.061255
  0
VERTEX
  8
0
 10
368.226124
 20
240.225837
 42
0.060767
  0
VERTEX
  8
0
 10
367.441028
 20
239.853217
 42
0.078549
  0
VERTEX
  8
0
 10
366.842898
 20
239.327243
 42
-0.079971
  0
VERTEX
  8
0
 10
366.242124
 20
238.801948
 42
-0.060935
  0
VERTEX
  8
0
 10
365.449164
 20
238.431397
 42
-0.061132
  0
VERTEX
  8
0
 10
364.593254
 20
238.263842
 42
-0.081929
  0
VERTEX
  8
0
 10
363.807126
 20
238.336597
 42
0.049276
  0
VERTEX
  8
0
 10
363.071067
 20
238.453348
 42
0.057086
  0
VERTEX
  8
0
 10
362.362910
 20
238.414208
 42
0.066017
  0
VERTEX
  8
0
 10
361.785692
 20
238.234954
 42
0.147116
  0
VERTEX
  8
0
 10
361.444791
 20
237.932880
 42
-0.131321
  0
VERTEX
  8
0
 10
360.242882
 20
236.799473
 42
-0.020883
  0
VERTEX
  8
0
 10
357.306402
 20
235.369508
 42
-0.015995
  0
VERTEX
  8
0
 10
354.258000
 20
234.153988
 42
-0.291031
  0
VERTEX
  8
0
 10
353.281668
 20
234.371272
 42
0.230935
  0
VERTEX
  8
0
 10
352.911165
 20
234.498795
 42
0.066351
  0
VERTEX
  8
0
 10
352.307587
 20
234.341501
 42
0.052008
  0
VERTEX
  8
0
 10
351.587928
 20
233.956384
 42
0.035085
  0
VERTEX
  8
0
 10
350.854670
 20
233.380901
 42
-0.052960
  0
VERTEX
  8
0
 10
350.059815
 20
232.801674
 42
-0.052278
  0
VERTEX
  8
0
 10
349.157635
 20
232.399371
 42
-0.057022
  0
VERTEX
  8
0
 10
348.288010
 20
232.222112
 42
-0.113880
  0
VERTEX
  8
0
 10
347.596632
 20
232.319278
 42
0.106146
  0
VERTEX
  8
0
 10
346.943287
 20
232.421303
 42
0.069901
  0
VERTEX
  8
0
 10
346.194445
 20
232.272491
 42
0.065635
  0
VERTEX
  8
0
 10
345.467810
 20
231.906284
 42
0.070156
  0
VERTEX
  8
0
 10
344.879243
 20
231.371036
 42
-0.076477
  0
VERTEX
  8
0
 10
344.267192
 20
230.828335
 42
-0.060485
  0
VERTEX
  8
0
 10
343.470349
 20
230.441513
 42
-0.061401
  0
VERTEX
  8
0
 10
342.618016
 20
230.261213
 42
-0.085607
  0
VERTEX
  8
0
 10
341.842898
 20
230.327243
 42
0.079841
  0
VERTEX
  8
0
 10
341.074732
 20
230.401551
 42
0.060920
  0
VERTEX
  8
0
 10
340.243073
 20
230.246259
 42
0.061144
  0
VERTEX
  8
0
 10
339.476605
 20
229.896201
 42
0.082061
  0
VERTEX
  8
0
 10
338.900597
 20
229.396765
 42
-0.104102
  0
VERTEX
  8
0
 10
338.223861
 20
228.859940
 42
-0.040219
  0
VERTEX
  8
0
 10
337.107082
 20
228.410300
 42
-0.037628
  0
VERTEX
  8
0
 10
335.778277
 20
228.103163
 42
-0.038000
  0
VERTEX
  8
0
 10
334.422846
 20
228.000000
 42
0.027894
  0
VERTEX
  8
0
 10
333.107097
 20
227.926540
 42
0.034318
  0
VERTEX
  8
0
 10
331.897581
 20
227.706250
 42
0.036683
  0
VERTEX
  8
0
 10
330.939199
 20
227.386418
 42
0.156712
  0
VERTEX
  8
0
 10
330.486274
 20
227.000000
 42
-0.158284
  0
VERTEX
  8
0
 10
330.030357
 20
226.613440
 42
-0.036095
  0
VERTEX
  8
0
 10
329.056335
 20
226.293750
 42
-0.033884
  0
VERTEX
  8
0
 10
327.826321
 20
226.073436
 42
-0.027380
  0
VERTEX
  8
0
 10
326.486274
 20
226.000000
 42
0.027380
  0
VERTEX
  8
0
 10
325.146227
 20
225.926564
 42
0.033884
  0
VERTEX
  8
0
 10
323.916213
 20
225.706250
 42
0.036095
  0
VERTEX
  8
0
 10
322.942190
 20
225.386560
 42
0.158284
  0
VERTEX
  8
0
 10
322.486274
 20
225.000000
 42
-0.253646
  0
VERTEX
  8
0
 10
320.750697
 20
224.005337
 42
-0.012088
  0
VERTEX
  8
0
 10
313.816684
 20
224.009385
 42
-0.018059
  0
VERTEX
  8
0
 10
306.986691
 20
224.425663
 42
-0.091694
  0
VERTEX
  8
0
 10
303.338479
 20
225.474183
 42
-0.046527
  0
VERTEX
  8
0
 10
300.526489
 20
227.220461
 42
-0.046501
  0
VERTEX
  8
0
 10
298.085305
 20
229.456860
 42
-0.050652
  0
VERTEX
  8
0
 10
296.485664
 20
231.627927
 42
-0.278739
  0
VERTEX
  8
0
 10
296.499453
 20
233.021325
 42
0.130839
  0
VERTEX
  8
0
 10
296.686407
 20
233.640188
 42
0.047991
  0
VERTEX
  8
0
 10
296.628661
 20
234.559501
 42
0.043482
  0
VERTEX
  8
0
 10
296.367570
 20
235.601331
 42
0.039755
  0
VERTEX
  8
0
 10
295.924428
 20
236.615559
 42
-0.027970
  0
VERTEX
  8
0
 10
295.341619
 20
237.868209
 42
-0.086928
  0
VERTEX
  8
0
 10
295.151680
 20
238.776583
 42
-0.121076
  0
VERTEX
  8
0
 10
295.308520
 20
239.518731
 42
-0.084236
  0
VERTEX
  8
0
 10
295.806480
 20
240.220206
 42
0.136179
  0
VERTEX
  8
0
 10
296.750482
 20
241.889376
 42
0.072930
  0
VERTEX
  8
0
 10
296.984915
 20
244.263932
 42
0.085365
  0
VERTEX
  8
0
 10
296.536064
 20
246.294850
 42
0.304676
  0
VERTEX
  8
0
 10
295.486274
 20
247.000000
 42
0.130775
  0
VERTEX
  8
0
 10
294.910519
 20
246.846791
 42
0.102140
  0
VERTEX
  8
0
 10
294.423774
 20
246.416667
 42
0.088920
  0
VERTEX
  8
0
 10
294.098137
 20
245.769411
 42
0.072314
  0
VERTEX
  8
0
 10
293.986274
 20
245.000000
 42
-0.048028
  0
VERTEX
  8
0
 10
293.912581
 20
244.234582
 42
-0.068025
  0
VERTEX
  8
0
 10
293.692524
 20
243.587500
 42
-0.088204
  0
VERTEX
  8
0
 10
293.368156
 20
243.151477
 42
-0.191087
  0
VERTEX
  8
0
 10
292.986274
 20
243.000000
 42
0.186414
  0
VERTEX
  8
0
 10
292.604487
 20
242.852535
 42
0.089706
  0
VERTEX
  8
0
 10
292.280024
 20
242.429836
 42
0.069539
  0
VERTEX
  8
0
 10
292.060058
 20
241.801778
 42
0.049547
  0
VERTEX
  8
0
 10
291.986274
 20
241.059017
 42
-0.046881
  0
VERTEX
  8
0
 10
291.912196
 20
240.270704
 42
-0.046318
  0
VERTEX
  8
0
 10
291.692524
 20
239.506650
 42
-0.050262
  0
VERTEX
  8
0
 10
291.369829
 20
238.876024
 42
-0.111412
  0
VERTEX
  8
0
 10
290.986274
 20
238.500000
 42
0.128561
  0
VERTEX
  8
0
 10
290.601886
 20
238.096789
 42
0.046040
  0
VERTEX
  8
0
 10
290.280024
 20
237.363811
 42
0.041947
  0
VERTEX
  8
0
 10
290.060144
 20
236.457084
 42
0.038534
  0
VERTEX
  8
0
 10
289.986274
 20
235.500000
 42
-0.041536
  0
VERTEX
  8
0
 10
289.906324
 20
234.539242
 42
-0.043669
  0
VERTEX
  8
0
 10
289.668722
 20
233.621479
 42
-0.047827
  0
VERTEX
  8
0
 10
289.320399
 20
232.874225
 42
-0.121961
  0
VERTEX
  8
0
 10
288.905247
 20
232.449923
 42
0.148288
  0
VERTEX
  8
0
 10
288.532832
 20
232.027693
 42
0.064688
  0
VERTEX
  8
0
 10
288.310358
 20
231.306366
 42
0.055947
  0
VERTEX
  8
0
 10
288.258686
 20
230.419416
 42
0.048117
  0
VERTEX
  8
0
 10
288.398131
 20
229.495164
 42
-0.047408
  0
VERTEX
  8
0
 10
288.556119
 20
228.457968
 42
-0.093812
  0
VERTEX
  8
0
 10
288.448045
 20
227.635548
 42
-0.117413
  0
VERTEX
  8
0
 10
288.075002
 20
227.029131
 42
-0.105170
  0
VERTEX
  8
0
 10
287.454595
 20
226.626217
 42
0.106485
  0
VERTEX
  8
0
 10
286.813513
 20
226.207502
 42
0.125906
  0
VERTEX
  8
0
 10
286.448696
 20
225.584222
 42
0.093099
  0
VERTEX
  8
0
 10
286.366717
 20
224.709048
 42
0.038429
  0
VERTEX
  8
0
 10
286.567780
 20
223.531277
 42
-0.038634
  0
VERTEX
  8
0
 10
286.771800
 20
222.333227
 42
-0.098269
  0
VERTEX
  8
0
 10
286.680247
 20
221.459987
 42
-0.130317
  0
VERTEX
  8
0
 10
286.290373
 20
220.837499
 42
-0.096717
  0
VERTEX
  8
0
 10
285.599458
 20
220.405059
 42
0.096100
  0
VERTEX
  8
0
 10
284.920414
 20
219.981205
 42
0.125507
  0
VERTEX
  8
0
 10
284.525906
 20
219.367690
 42
0.098851
  0
VERTEX
  8
0
 10
284.420034
 20
218.523000
 42
0.043410
  0
VERTEX
  8
0
 10
284.599458
 20
217.405059
 42
-0.043410
  0
VERTEX
  8
0
 10
284.778883
 20
216.287119
 42
-0.098851
  0
VERTEX
  8
0
 10
284.673010
 20
215.442429
 42
-0.125507
  0
VERTEX
  8
0
 10
284.278502
 20
214.828914
 42
-0.096100
  0
VERTEX
  8
0
 10
283.599458
 20
214.405059
 42
0.096100
  0
VERTEX
  8
0
 10
282.920414
 20
213.981205
 42
0.125507
  0
VERTEX
  8
0
 10
282.525906
 20
213.367690
 42
0.098851
  0
VERTEX
  8
0
 10
282.420034
 20
212.523000
 42
0.043410
  0
VERTEX
  8
0
 10
282.599458
 20
211.405059
 42
-0.043410
  0
VERTEX
  8
0
 10
282.778883
 20
210.287119
 42
-0.098851
  0
VERTEX
  8
0
 10
282.673010
 20
209.442429
 42
-0.125507
  0
VERTEX
  8
0
 10
282.278502
 20
208.828914
 42
-0.096100
  0
VERTEX
  8
0
 10
281.599458
 20
208.405059
 42
0.096100
  0
VERTEX
  8
0
 10
280.920414
 20
207.981205
 42
0.125507
  0
VERTEX
  8
0
 10
280.525906
 20
207.367690
 42
0.098851
  0
VERTEX
  8
0
 10
280.420034
 20
206.523000
 42
0.043410
  0
VERTEX
  8
0
 10
280.599458
 20
205.405059
 42
-0.043410
  0
VERTEX
  8
0
 10
280.778883
 20
204.287119
 42
-0.098851
  0
VERTEX
  8
0
 10
280.673010
 20
203.442429
 42
-0.125507
  0
VERTEX
  8
0
 10
280.278502
 20
202.828914
 42
-0.096100
  0
VERTEX
  8
0
 10
279.599458
 20
202.405059
 42
0.095559
  0
VERTEX
  8
0
 10
278.938355
 20
201.993387
 42
0.118293
  0
VERTEX
  8
0
 10
278.537298
 20
201.391558
 42
0.098789
  0
VERTEX
  8
0
 10
278.410977
 20
200.585148
 42
0.051132
  0
VERTEX
  8
0
 10
278.557675
 20
199.571539
 42
-0.061587
  0
VERTEX
  8
0
 10
278.680084
 20
198.580444
 42
-0.066738
  0
VERTEX
  8
0
 10
278.550812
 20
197.617206
 42
-0.070396
  0
VERTEX
  8
0
 10
278.183723
 20
196.766212
 42
-0.082754
  0
VERTEX
  8
0
 10
277.610000
 20
196.102684
 42
0.069258
  0
VERTEX
  8
0
 10
277.076031
 20
195.517628
 42
0.065349
  0
VERTEX
  8
0
 10
276.709481
 20
194.797752
 42
0.069842
  0
VERTEX
  8
0
 10
276.558713
 20
194.057780
 42
0.107397
  0
VERTEX
  8
0
 10
276.657590
 20
193.414152
 42
-0.099431
  0
VERTEX
  8
0
 10
276.771226
 20
192.744923
 42
-0.055542
  0
VERTEX
  8
0
 10
276.654687
 20
191.923811
 42
-0.052272
  0
VERTEX
  8
0
 10
276.342702
 20
191.085827
 42
-0.058032
  0
VERTEX
  8
0
 10
275.871949
 20
190.362247
 42
0.077661
  0
VERTEX
  8
0
 10
275.380330
 20
189.537833
 42
0.038985
  0
VERTEX
  8
0
 10
275.015590
 20
188.378350
 42
0.037508
  0
VERTEX
  8
0
 10
274.818829
 20
187.092628
 42
0.045378
  0
VERTEX
  8
0
 10
274.835688
 20
185.872613
 42
-0.038990
  0
VERTEX
  8
0
 10
274.869642
 20
184.595042
 42
-0.072596
  0
VERTEX
  8
0
 10
274.668017
 20
183.581184
 42
-0.094551
  0
VERTEX
  8
0
 10
274.240157
 20
182.850585
 42
-0.122117
  0
VERTEX
  8
0
 10
273.604979
 20
182.407178
 42
0.113327
  0
VERTEX
  8
0
 10
272.941683
 20
181.961045
 42
0.122436
  0
VERTEX
  8
0
 10
272.562292
 20
181.281745
 42
0.084559
  0
VERTEX
  8
0
 10
272.466440
 20
180.296418
 42
0.031424
  0
VERTEX
  8
0
 10
272.653868
 20
178.912028
 42
-0.042945
  0
VERTEX
  8
0
 10
272.798850
 20
177.617806
 42
-0.047575
  0
VERTEX
  8
0
 10
272.711645
 20
176.362518
 42
-0.051852
  0
VERTEX
  8
0
 10
272.407468
 20
175.255043
 42
-0.080439
  0
VERTEX
  8
0
 10
271.905632
 20
174.402833
 42
0.091594
  0
VERTEX
  8
0
 10
271.407880
 20
173.513067
 42
0.034826
  0
VERTEX
  8
0
 10
271.043990
 20
172.132646
 42
0.032723
  0
VERTEX
  8
0
 10
270.845703
 20
170.524696
 42
0.032349
  0
VERTEX
  8
0
 10
270.857741
 20
168.898366
 42
-0.023130
  0
VERTEX
  8
0
 10
270.905295
 20
167.057406
 42
-0.062936
  0
VERTEX
  8
0
 10
270.715752
 20
165.769595
 42
-0.096912
  0
VERTEX
  8
0
 10
270.286147
 20
164.913408
 42
-0.137382
  0
VERTEX
  8
0
 10
269.605977
 20
164.407561
 42
0.113193
  0
VERTEX
  8
0
 10
268.942060
 20
163.961265
 42
0.122509
  0
VERTEX
  8
0
 10
268.562356
 20
163.282016
 42
0.084619
  0
VERTEX
  8
0
 10
268.466393
 20
162.296743
 42
0.031423
  0
VERTEX
  8
0
 10
268.653868
 20
160.912028
 42
-0.042208
  0
VERTEX
  8
0
 10
268.792655
 20
159.689381
 42
-0.040632
  0
VERTEX
  8
0
 10
268.727186
 20
158.444809
 42
-0.043493
  0
VERTEX
  8
0
 10
268.481993
 20
157.351964
 42
-0.096570
  0
VERTEX
  8
0
 10
268.074389
 20
156.606172
 42
0.164383
  0
VERTEX
  8
0
 10
266.875576
 20
153.486457
 42
0.007862
  0
VERTEX
  8
0
 10
266.588849
 20
142.154581
 42
0.009905
  0
VERTEX
  8
0
 10
266.702926
 20
131.010089
 42
0.108598
  0
VERTEX
  8
0
 10
267.788046
 20
126.695537
 42
0.039591
  0
VERTEX
  8
0
 10
268.435817
 20
125.619488
 42
0.060787
  0
VERTEX
  8
0
 10
269.170310
 20
124.819028
 42
0.079576
  0
VERTEX
  8
0
 10
269.893201
 20
124.377703
 42
0.191204
  0
VERTEX
  8
0
 10
270.509786
 20
124.370649
 42
-0.108806
  0
VERTEX
  8
0
 10
271.052202
 20
124.452432
 42
-0.099744
  0
VERTEX
  8
0
 10
271.597625
 20
124.303863
 42
-0.095374
  0
VERTEX
  8
0
 10
272.062010
 20
123.947198
 42
-0.090060
  0
VERTEX
  8
0
 10
272.372130
 20
123.436858
 42
0.108276
  0
VERTEX
  8
0
 10
272.733860
 20
122.887285
 42
0.066417
  0
VERTEX
  8
0
 10
273.358257
 20
122.422077
 42
0.061824
  0
VERTEX
  8
0
 10
274.137076
 20
122.107212
 42
0.065268
  0
VERTEX
  8
0
 10
274.954889
 20
122.000000
 42
-0.047258
  0
VERTEX
  8
0
 10
275.732356
 20
121.926353
 42
-0.067241
  0
VERTEX
  8
0
 10
276.389554
 20
121.706250
 42
-0.087393
  0
VERTEX
  8
0
 10
276.832690
 20
121.381936
 42
-0.193529
  0
VERTEX
  8
0
 10
276.986274
 20
121.000000
 42
0.342058
  0
VERTEX
  8
0
 10
277.639724
 20
120.156584
 42
0.092584
  0
VERTEX
  8
0
 10
279.441121
 20
120.034214
 42
0.077302
  0
VERTEX
  8
0
 10
281.405150
 20
120.580125
 42
0.197245
  0
VERTEX
  8
0
 10
282.399808
 20
121.635269
 42
-0.137853
  0
VERTEX
  8
0
 10
282.990194
 20
122.427579
 42
-0.123300
  0
VERTEX
  8
0
 10
283.932384
 20
122.838282
 42
-0.059505
  0
VERTEX
  8
0
 10
285.515614
 20
122.912488
 42
-0.011240
  0
VERTEX
  8
0
 10
288.401217
 20
122.638943
 42
0.011277
  0
VERTEX
  8
0
 10
291.279039
 20
122.366348
 42
0.059050
  0
VERTEX
  8
0
 10
292.865104
 20
122.439478
 42
0.122103
  0
VERTEX
  8
0
 10
293.809590
 20
122.846666
 42
0.139479
  0
VERTEX
  8
0
 10
294.398415
 20
123.631640
 42
-0.110533
  0
VERTEX
  8
0
 10
294.888843
 20
124.369553
 42
-0.126656
  0
VERTEX
  8
0
 10
295.625294
 20
124.783499
 42
-0.080938
  0
VERTEX
  8
0
 10
296.736357
 20
124.893379
 42
-0.024487
  0
VERTEX
  8
0
 10
298.425989
 20
124.703496
 42
0.024658
  0
VERTEX
  8
0
 10
300.087477
 20
124.517351
 42
0.076962
  0
VERTEX
  8
0
 10
301.204921
 20
124.619723
 42
0.120958
  0
VERTEX
  8
0
 10
301.947126
 20
125.011540
 42
0.120051
  0
VERTEX
  8
0
 10
302.425989
 20
125.703496
 42
-0.120051
  0
VERTEX
  8
0
 10
302.904852
 20
126.395452
 42
-0.120958
  0
VERTEX
  8
0
 10
303.647057
 20
126.787269
 42
-0.076962
  0
VERTEX
  8
0
 10
304.764501
 20
126.889641
 42
-0.024658
  0
VERTEX
  8
0
 10
306.425989
 20
126.703496
 42
0.025094
  0
VERTEX
  8
0
 10
308.031341
 20
126.525056
 42
0.069551
  0
VERTEX
  8
0
 10
309.161385
 20
126.613784
 42
0.108633
  0
VERTEX
  8
0
 10
309.918420
 20
126.964329
 42
0.139474
  0
VERTEX
  8
0
 10
310.376883
 20
127.575529
 42
-0.152618
  0
VERTEX
  8
0
 10
310.835112
 20
128.154739
 42
-0.064582
  0
VERTEX
  8
0
 10
311.728461
 20
128.608087
 42
-0.051715
  0
VERTEX
  8
0
 10
312.947237
 20
128.902835
 42
-0.033499
  0
VERTEX
  8
0
 10
314.395872
 20
129.000000
 42
0.027745
  0
VERTEX
  8
0
 10
315.772359
 20
129.076441
 42
0.034194
  0
VERTEX
  8
0
 10
317.037164
 20
129.305699
 42
0.036514
  0
VERTEX
  8
0
 10
318.039172
 20
129.638498
 42
0.157164
  0
VERTEX
  8
0
 10
318.511414
 20
130.040677
 42
-0.131996
  0
VERTEX
  8
0
 10
318.889768
 20
130.396520
 42
-0.074468
  0
VERTEX
  8
0
 10
319.486962
 20
130.610199
 42
-0.065706
  0
VERTEX
  8
0
 10
320.202736
 20
130.655875
 42
-0.060030
  0
VERTEX
  8
0
 10
320.929248
 20
130.518099
 42
0.089526
  0
VERTEX
  8
0
 10
321.714666
 20
130.416410
 42
0.067579
  0
VERTEX
  8
0
 10
322.571566
 20
130.576571
 42
0.065637
  0
VERTEX
  8
0
 10
323.379320
 20
130.967573
 42
0.074179
  0
VERTEX
  8
0
 10
324.020888
 20
131.541708
 42
-0.076376
  0
VERTEX
  8
0
 10
324.717818
 20
132.159922
 42
-0.072593
  0
VERTEX
  8
0
 10
325.580054
 20
132.553515
 42
-0.069861
  0
VERTEX
  8
0
 10
326.549153
 20
132.693842
 42
-0.062635
  0
VERTEX
  8
0
 10
327.557812
 20
132.571401
 42
0.050515
  0
VERTEX
  8
0
 10
328.548432
 20
132.426785
 42
0.092086
  0
VERTEX
  8
0
 10
329.355197
 20
132.540176
 42
0.113213
  0
VERTEX
  8
0
 10
329.956844
 20
132.908019
 42
0.107958
  0
VERTEX
  8
0
 10
330.350630
 20
133.507115
 42
-0.123391
  0
VERTEX
  8
0
 10
330.751684
 20
134.078560
 42
-0.064464
  0
VERTEX
  8
0
 10
331.481481
 20
134.561465
 42
-0.058054
  0
VERTEX
  8
0
 10
332.407755
 20
134.888942
 42
-0.056020
  0
VERTEX
  8
0
 10
333.395872
 20
135.000000
 42
0.039616
  0
VERTEX
  8
0
 10
334.390648
 20
135.078942
 42
0.042588
  0
VERTEX
  8
0
 10
335.335906
 20
135.313776
 42
0.046722
  0
VERTEX
  8
0
 10
336.101976
 20
135.657726
 42
0.126123
  0
VERTEX
  8
0
 10
336.528407
 20
136.068174
 42
-0.103775
  0
VERTEX
  8
0
 10
336.880103
 20
136.437920
 42
-0.081683
  0
VERTEX
  8
0
 10
337.381252
 20
136.674218
 42
-0.078343
  0
VERTEX
  8
0
 10
337.952123
 20
136.743766
 42
-0.083008
  0
VERTEX
  8
0
 10
338.504666
 20
136.631316
 42
0.116924
  0
VERTEX
  8
0
 10
339.052336
 20
136.557700
 42
0.100543
  0
VERTEX
  8
0
 10
339.608724
 20
136.729558
 42
0.092928
  0
VERTEX
  8
0
 10
340.088459
 20
137.121743
 42
0.083630
  0
VERTEX
  8
0
 10
340.415035
 20
137.674951
 42
-0.117530
  0
VERTEX
  8
0
 10
340.870181
 20
138.339674
 42
-0.109980
  0
VERTEX
  8
0
 10
341.586752
 20
138.747424
 42
-0.078329
  0
VERTEX
  8
0
 10
342.616656
 20
138.894572
 42
-0.032838
  0
VERTEX
  8
0
 10
344.016775
 20
138.782216
 42
0.040154
  0
VERTEX
  8
0
 10
345.301639
 20
138.697985
 42
0.049536
  0
VERTEX
  8
0
 10
346.493763
 20
138.834231
 42
0.056636
  0
VERTEX
  8
0
 10
347.476263
 20
139.166306
 42
0.110189
  0
VERTEX
  8
0
 10
348.127699
 20
139.670407
 42
-0.083139
  0
VERTEX
  8
0
 10
348.718045
 20
140.180064
 42
-0.043950
  0
VERTEX
  8
0
 10
349.588091
 20
140.609432
 42
-0.042150
  0
VERTEX
  8
0
 10
350.581029
 20
140.901785
 42
-0.050566
  0
VERTEX
  8
0
 10
351.549701
 20
141.000000
 42
0.039690
  0
VERTEX
  8
0
 10
352.482672
 20
141.074177
 42
0.042631
  0
VERTEX
  8
0
 10
353.369383
 20
141.294828
 42
0.046768
  0
VERTEX
  8
0
 10
354.088132
 20
141.618017
 42
0.125957
  0
VERTEX
  8
0
 10
354.488542
 20
142.003670
 42
-0.157417
  0
VERTEX
  8
0
 10
354.892012
 20
142.346937
 42
-0.062107
  0
VERTEX
  8
0
 10
355.603190
 20
142.542707
 42
-0.053325
  0
VERTEX
  8
0
 10
356.484939
 20
142.576246
 42
-0.044373
  0
VERTEX
  8
0
 10
357.412024
 20
142.429280
 42
0.046917
  0
VERTEX
  8
0
 10
358.472302
 20
142.266714
 42
0.097438
  0
VERTEX
  8
0
 10
359.298105
 20
142.379628
 42
0.120950
  0
VERTEX
  8
0
 10
359.905631
 20
142.769792
 42
0.098510
  0
VERTEX
  8
0
 10
360.319354
 20
143.425609
 42
-0.118194
  0
VERTEX
  8
0
 10
360.733027
 20
144.028068
 42
-0.065292
  0
VERTEX
  8
0
 10
361.472293
 20
144.537523
 42
-0.059401
  0
VERTEX
  8
0
 10
362.405461
 20
144.882749
 42
-0.058987
  0
VERTEX
  8
0
 10
363.395872
 20
145.000000
 42
0.040292
  0
VERTEX
  8
0
 10
364.391507
 20
145.080363
 42
0.042977
  0
VERTEX
  8
0
 10
365.339345
 20
145.319341
 42
0.047126
  0
VERTEX
  8
0
 10
366.108751
 20
145.669477
 42
0.124633
  0
VERTEX
  8
0
 10
366.540116
 20
146.087118
 42
-0.127969
  0
VERTEX
  8
0
 10
366.937017
 20
146.466374
 42
-0.070112
  0
VERTEX
  8
0
 10
367.568683
 20
146.710007
 42
-0.062485
  0
VERTEX
  8
0
 10
368.326852
 20
146.788616
 42
-0.058638
  0
VERTEX
  8
0
 10
369.098137
 20
146.680998
 42
0.047528
  0
VERTEX
  8
0
 10
369.859951
 20
146.557436
 42
0.055912
  0
VERTEX
  8
0
 10
370.589872
 20
146.590961
 42
0.064935
  0
VERTEX
  8
0
 10
371.182481
 20
146.766057
 42
0.151197
  0
VERTEX
  8
0
 10
371.527756
 20
147.067120
 42
-0.134871
  0
VERTEX
  8
0
 10
372.989837
 20
148.426730
 42
-0.033743
  0
VERTEX
  8
0
 10
376.002457
 20
149.748714
 42
-0.034457
  0
VERTEX
  8
0
 10
379.199916
 20
150.658351
 42
-0.114036
  0
VERTEX
  8
0
 10
381.374388
 20
150.617437
 42
0.042751
  0
VERTEX
  8
0
 10
382.504683
 20
150.434504
 42
0.099255
  0
VERTEX
  8
0
 10
383.353134
 20
150.539270
 42
0.126511
  0
VERTEX
  8
0
 10
383.967870
 20
150.935385
 42
0.095362
  0
VERTEX
  8
0
 10
384.394167
 20
151.620569
 42
-0.093794
  0
VERTEX
  8
0
 10
384.785281
 20
152.253583
 42
-0.107109
  0
VERTEX
  8
0
 10
385.365048
 20
152.664778
 42
-0.098029
  0
VERTEX
  8
0
 10
386.106064
 20
152.821221
 42
-0.067203
  0
VERTEX
  8
0
 10
386.961658
 20
152.716688
 42
0.075750
  0
VERTEX
  8
0
 10
387.796891
 20
152.629030
 42
0.060375
  0
VERTEX
  8
0
 10
388.691222
 20
152.780014
 42
0.061442
  0
VERTEX
  8
0
 10
389.506882
 20
153.135088
 42
0.086405
  0
VERTEX
  8
0
 10
390.109720
 20
153.648744
 42
-0.063292
  0
VERTEX
  8
0
 10
390.661168
 20
154.164179
 42
-0.063178
  0
VERTEX
  8
0
 10
391.324340
 20
154.525655
 42
-0.069103
  0
VERTEX
  8
0
 10
391.993991
 20
154.685897
 42
-0.116345
  0
VERTEX
  8
0
 10
392.563729
 20
154.608651
 42
0.121974
  0
VERTEX
  8
0
 10
393.088710
 20
154.543400
 42
0.100753
  0
VERTEX
  8
0
 10
393.625427
 20
154.721215
 42
0.091314
  0
VERTEX
  8
0
 10
394.091749
 20
155.116285
 42
0.080020
  0
VERTEX
  8
0
 10
394.412833
 20
155.669212
 42
-0.102552
  0
VERTEX
  8
0
 10
394.827203
 20
156.314554
 42
-0.122785
  0
VERTEX
  8
0
 10
395.440802
 20
156.691821
 42
-0.095330
  0
VERTEX
  8
0
 10
396.286251
 20
156.791046
 42
-0.043189
  0
VERTEX
  8
0
 10
397.391333
 20
156.613185
 42
0.043410
  0
VERTEX
  8
0
 10
398.509274
 20
156.433760
 42
0.098851
  0
VERTEX
  8
0
 10
399.353964
 20
156.539633
 42
0.125507
  0
VERTEX
  8
0
 10
399.967479
 20
156.934140
 42
0.096100
  0
VERTEX
  8
0
 10
400.391333
 20
157.613185
 42
-0.096100
  0
VERTEX
  8
0
 10
400.815187
 20
158.292229
 42
-0.125507
  0
VERTEX
  8
0
 10
401.428702
 20
158.686736
 42
-0.098851
  0
VERTEX
  8
0
 10
402.273392
 20
158.792609
 42
-0.043410
  0
VERTEX
  8
0
 10
403.391333
 20
158.613185
 42
0.043442
  0
VERTEX
  8
0
 10
404.510907
 20
158.433571
 42
0.099306
  0
VERTEX
  8
0
 10
405.355510
 20
158.540315
 42
0.125831
  0
VERTEX
  8
0
 10
405.969053
 20
158.937070
 42
0.095291
  0
VERTEX
  8
0
 10
406.394167
 20
159.620569
 42
-0.093714
  0
VERTEX
  8
0
 10
406.788470
 20
160.258972
 42
-0.109220
  0
VERTEX
  8
0
 10
407.370572
 20
160.668461
 42
-0.098720
  0
VERTEX
  8
0
 10
408.119978
 20
160.819334
 42
-0.064500
  0
VERTEX
  8
0
 10
408.997429
 20
160.707334
 42
0.045128
  0
VERTEX
  8
0
 10
409.797797
 20
160.573581
 42
0.054211
  0
VERTEX
  8
0
 10
410.560290
 20
160.598697
 42
0.063259
  0
VERTEX
  8
0
 10
411.176066
 20
160.767523
 42
0.157093
  0
VERTEX
  8
0
 10
411.527756
 20
161.067120
 42
-0.134118
  0
VERTEX
  8
0
 10
412.908547
 20
162.354948
 42
-0.029117
  0
VERTEX
  8
0
 10
415.904662
 20
163.713520
 42
-0.029411
  0
VERTEX
  8
0
 10
419.046098
 20
164.715279
 42
-0.127094
  0
VERTEX
  8
0
 10
420.988932
 20
164.709556
 42
0.043072
  0
VERTEX
  8
0
 10
421.790907
 20
164.572150
 42
0.052669
  0
VERTEX
  8
0
 10
422.551155
 20
164.588609
 42
0.061637
  0
VERTEX
  8
0
 10
423.162428
 20
164.744695
 42
0.162431
  0
VERTEX
  8
0
 10
423.505158
 20
165.030556
 42
-0.128699
  0
VERTEX
  8
0
 10
424.832205
 20
166.294965
 42
-0.032432
  0
VERTEX
  8
0
 10
427.554404
 20
167.577855
 42
-0.032017
  0
VERTEX
  8
0
 10
430.407047
 20
168.496503
 42
-0.139613
  0
VERTEX
  8
0
 10
432.162729
 20
168.443995
 42
0.049838
  0
VERTEX
  8
0
 10
432.861154
 20
168.296782
 42
0.086663
  0
VERTEX
  8
0
 10
433.450608
 20
168.335002
 42
0.129775
  0
VERTEX
  8
0
 10
433.838785
 20
168.544927
 42
0.207122
  0
VERTEX
  8
0
 10
433.986274
 20
168.885695
 42
-0.262376
  0
VERTEX
  8
0
 10
434.614267
 20
170.000053
 42
-0.025430
  0
VERTEX
  8
0
 10
437.447772
 20
171.524460
 42
-0.026231
  0
VERTEX
  8
0
 10
440.431193
 20
172.751786
 42
-0.226615
  0
VERTEX
  8
0
 10
441.822696
 20
172.601097
 42
0.164229
  0
VERTEX
  8
0
 10
442.277141
 20
172.495639
 42
0.078911
  0
VERTEX
  8
0
 10
442.863101
 20
172.648399
 42
0.065076
  0
VERTEX
  8
0
 10
443.486194
 20
173.024012
 42
0.051448
  0
VERTEX
  8
0
 10
444.048764
 20
173.575296
 42
-0.078640
  0
VERTEX
  8
0
 10
444.746971
 20
174.189051
 42
-0.075620
  0
VERTEX
  8
0
 10
445.609761
 20
174.567340
 42
-0.070693
  0
VERTEX
  8
0
 10
446.597866
 20
174.687589
 42
-0.056524
  0
VERTEX
  8
0
 10
447.662071
 20
174.545234
 42
0.036767
  0
VERTEX
  8
0
 10
448.552801
 20
174.390129
 42
0.063488
  0
VERTEX
  8
0
 10
449.303539
 20
174.411083
 42
0.095652
  0
VERTEX
  8
0
 10
449.806725
 20
174.592160
 42
0.264587
  0
VERTEX
  8
0
 10
449.986274
 20
174.907706
 42
-0.261060
  0
VERTEX
  8
0
 10
450.640650
 20
176.075599
 42
-0.032988
  0
VERTEX
  8
0
 10
453.296463
 20
177.469749
 42
-0.035934
  0
VERTEX
  8
0
 10
456.192890
 20
178.512648
 42
-0.146307
  0
VERTEX
  8
0
 10
458.044305
 20
178.481582
 42
0.083715
  0
VERTEX
  8
0
 10
458.782395
 20
178.377350
 42
0.103900
  0
VERTEX
  8
0
 10
459.455614
 20
178.537686
 42
0.104848
  0
VERTEX
  8
0
 10
460.003009
 20
178.953645
 42
0.086630
  0
VERTEX
  8
0
 10
460.380001
 20
179.583653
 42
-0.090160
  0
VERTEX
  8
0
 10
460.777398
 20
180.237325
 42
-0.108208
  0
VERTEX
  8
0
 10
461.358187
 20
180.660027
 42
-0.100118
  0
VERTEX
  8
0
 10
462.099813
 20
180.821200
 42
-0.067654
  0
VERTEX
  8
0
 10
462.961658
 20
180.716688
 42
0.076898
  0
VERTEX
  8
0
 10
463.798372
 20
180.630806
 42
0.060546
  0
VERTEX
  8
0
 10
464.697076
 20
180.787068
 42
0.061374
  0
VERTEX
  8
0
 10
465.519152
 20
181.149946
 42
0.085151
  0
VERTEX
  8
0
 10
466.129650
 20
181.672757
 42
-0.078549
  0
VERTEX
  8
0
 10
466.727780
 20
182.198732
 42
-0.060767
  0
VERTEX
  8
0
 10
467.512875
 20
182.571351
 42
-0.061255
  0
VERTEX
  8
0
 10
468.357213
 20
182.741974
 42
-0.083396
  0
VERTEX
  8
0
 10
469.129650
 20
182.672757
 42
0.082175
  0
VERTEX
  8
0
 10
469.900612
 20
182.601786
 42
0.061154
  0
VERTEX
  8
0
 10
470.740569
 20
182.767109
 42
0.060908
  0
VERTEX
  8
0
 10
471.519227
 20
183.131938
 42
0.079730
  0
VERTEX
  8
0
 10
472.109720
 20
183.648744
 42
-0.063292
  0
VERTEX
  8
0
 10
472.661168
 20
184.164179
 42
-0.063178
  0
VERTEX
  8
0
 10
473.324340
 20
184.525655
 42
-0.069103
  0
VERTEX
  8
0
 10
473.993991
 20
184.685897
 42
-0.116345
  0
VERTEX
  8
0
 10
474.563729
 20
184.608651
 42
0.121974
  0
VERTEX
  8
0
 10
475.088710
 20
184.543400
 42
0.100753
  0
VERTEX
  8
0
 10
475.625427
 20
184.721215
 42
0.091314
  0
VERTEX
  8
0
 10
476.091749
 20
185.116285
 42
0.080020
  0
VERTEX
  8
0
 10
476.412833
 20
185.669212
 42
-0.102552
  0
VERTEX
  8
0
 10
476.827203
 20
186.314554
 42
-0.122785
  0
VERTEX
  8
0
 10
477.440802
 20
186.691821
 42
-0.095330
  0
VERTEX
  8
0
 10
478.286251
 20
186.791046
 42
-0.043189
  0
VERTEX
  8
0
 10
479.391333
 20
186.613185
 42
0.043024
  0
VERTEX
  8
0
 10
480.484183
 20
186.436922
 42
0.092077
  0
VERTEX
  8
0
 10
481.330470
 20
186.530154
 42
0.119934
  0
VERTEX
  8
0
 10
481.944629
 20
186.891723
 42
0.108820
  0
VERTEX
  8
0
 10
482.350630
 20
187.507115
 42
-0.123391
  0
VERTEX
  8
0
 10
482.751684
 20
188.078560
 42
-0.064464
  0
VERTEX
  8
0
 10
483.481481
 20
188.561465
 42
-0.058054
  0
VERTEX
  8
0
 10
484.407755
 20
188.888942
 42
-0.056020
  0
VERTEX
  8
0
 10
485.395872
 20
189.000000
 42
0.035597
  0
VERTEX
  8
0
 10
486.385593
 20
189.070551
 42
0.040087
  0
VERTEX
  8
0
 10
487.315600
 20
189.280921
 42
0.043958
  0
VERTEX
  8
0
 10
488.062485
 20
189.588324
 42
0.135549
  0
VERTEX
  8
0
 10
488.459282
 20
189.956326
 42
-0.116874
  0
VERTEX
  8
0
 10
488.786256
 20
190.282733
 42
-0.081792
  0
VERTEX
  8
0
 10
489.270017
 20
190.480804
 42
-0.075077
  0
VERTEX
  8
0
 10
489.833211
 20
190.523419
 42
-0.073145
  0
VERTEX
  8
0
 10
490.389256
 20
190.398855
 42
0.123459
  0
VERTEX
  8
0
 10
490.949039
 20
190.330941
 42
0.100775
  0
VERTEX
  8
0
 10
491.522396
 20
190.524651
 42
0.090829
  0
VERTEX
  8
0
 10
492.021656
 20
190.951914
 42
0.079009
  0
VERTEX
  8
0
 10
492.366549
 20
191.548599
 42
-0.089335
  0
VERTEX
  8
0
 10
492.801510
 20
192.266704
 42
-0.128089
  0
VERTEX
  8
0
 10
493.415528
 20
192.680681
 42
-0.102758
  0
VERTEX
  8
0
 10
494.259566
 20
192.794135
 42
-0.043709
  0
VERTEX
  8
0
 10
495.391333
 20
192.613185
 42
0.043024
  0
VERTEX
  8
0
 10
496.484183
 20
192.436922
 42
0.092077
  0
VERTEX
  8
0
 10
497.330470
 20
192.530154
 42
0.119934
  0
VERTEX
  8
0
 10
497.944629
 20
192.891723
 42
0.108820
  0
VERTEX
  8
0
 10
498.350630
 20
193.507115
 42
-0.103437
  0
VERTEX
  8
0
 10
498.718617
 20
194.078018
 42
-0.066726
  0
VERTEX
  8
0
 10
499.343007
 20
194.561465
 42
-0.062913
  0
VERTEX
  8
0
 10
500.116698
 20
194.888522
 42
-0.068678
  0
VERTEX
  8
0
 10
500.924473
 20
195.000000
 42
0.066332
  0
VERTEX
  8
0
 10
501.936393
 20
195.134839
 42
0.020589
  0
VERTEX
  8
0
 10
503.402944
 20
195.598336
 42
0.020186
  0
VERTEX
  8
0
 10
505.016669
 20
196.257238
 42
0.020938
  0
VERTEX
  8
0
 10
506.551951
 20
197.036889
 42
-0.030372
  0
VERTEX
  8
0
 10
508.108245
 20
197.790646
 42
-0.034222
  0
VERTEX
  8
0
 10
509.684408
 20
198.316276
 42
-0.037228
  0
VERTEX
  8
0
 10
511.089127
 20
198.570513
 42
-0.103356
  0
VERTEX
  8
0
 10
512.082367
 20
198.469501
 42
0.047566
  0
VERTEX
  8
0
 10
512.811693
 20
198.312319
 42
0.083298
  0
VERTEX
  8
0
 10
513.427001
 20
198.342494
 42
0.126511
  0
VERTEX
  8
0
 10
513.832482
 20
198.546885
 42
0.216336
  0
VERTEX
  8
0
 10
513.986274
 20
198.885695
 42
-0.262766
  0
VERTEX
  8
0
 10
514.601886
 20
199.976219
 42
-0.022686
  0
VERTEX
  8
0
 10
517.515978
 20
201.559133
 42
-0.022190
  0
VERTEX
  8
0
 10
520.554511
 20
202.872068
 42
-0.295391
  0
VERTEX
  8
0
 10
521.690879
 20
202.628728
 42
0.230935
  0
VERTEX
  8
0
 10
522.061382
 20
202.501205
 42
0.066351
  0
VERTEX
  8
0
 10
522.664960
 20
202.658499
 42
0.052008
  0
VERTEX
  8
0
 10
523.384619
 20
203.043616
 42
0.035085
  0
VERTEX
  8
0
 10
524.117877
 20
203.619099
 42
-0.052960
  0
VERTEX
  8
0
 10
524.912733
 20
204.198326
 42
-0.052278
  0
VERTEX
  8
0
 10
525.814912
 20
204.600629
 42
-0.057022
  0
VERTEX
  8
0
 10
526.684538
 20
204.777888
 42
-0.113880
  0
VERTEX
  8
0
 10
527.375915
 20
204.680722
 42
0.104663
  0
VERTEX
  8
0
 10
528.027796
 20
204.576966
 42
0.069956
  0
VERTEX
  8
0
 10
528.772248
 20
204.720455
 42
0.065967
  0
VERTEX
  8
0
 10
529.492407
 20
205.078905
 42
0.071243
  0
VERTEX
  8
0
 10
530.073374
 20
205.604950
 42
-0.061477
  0
VERTEX
  8
0
 10
530.638681
 20
206.137183
 42
-0.062419
  0
VERTEX
  8
0
 10
531.313663
 20
206.512790
 42
-0.068743
  0
VERTEX
  8
0
 10
531.991378
 20
206.682847
 42
-0.119308
  0
VERTEX
  8
0
 10
532.563729
 20
206.608651
 42
0.122556
  0
VERTEX
  8
0
 10
533.088928
 20
206.543985
 42
0.100764
  0
VERTEX
  8
0
 10
533.626259
 20
206.723384
 42
0.091124
  0
VERTEX
  8
0
 10
534.093520
 20
207.120826
 42
0.079621
  0
VERTEX
  8
0
 10
534.415666
 20
207.676596
 42
-0.099680
  0
VERTEX
  8
0
 10
534.800490
 20
208.283484
 42
-0.107190
  0
VERTEX
  8
0
 10
535.381474
 20
208.675365
 42
-0.095383
  0
VERTEX
  8
0
 10
536.130171
 20
208.819089
 42
-0.063898
  0
VERTEX
  8
0
 10
536.997429
 20
208.707334
 42
0.043256
  0
VERTEX
  8
0
 10
537.796150
 20
208.570787
 42
0.052810
  0
VERTEX
  8
0
 10
538.553651
 20
208.587956
 42
0.061789
  0
VERTEX
  8
0
 10
539.162951
 20
208.744578
 42
0.161943
  0
VERTEX
  8
0
 10
539.505158
 20
209.030556
 42
-0.128699
  0
VERTEX
  8
0
 10
540.832205
 20
210.294965
 42
-0.032432
  0
VERTEX
  8
0
 10
543.554404
 20
211.577855
 42
-0.032017
  0
VERTEX
  8
0
 10
546.407047
 20
212.496503
 42
-0.139613
  0
VERTEX
  8
0
 10
548.162729
 20
212.443995
 42
0.049838
  0
VERTEX
  8
0
 10
548.861154
 20
212.296782
 42
0.086663
  0
VERTEX
  8
0
 10
549.450608
 20
212.335002
 42
0.129775
  0
VERTEX
  8
0
 10
549.838785
 20
212.544927
 42
0.207122
  0
VERTEX
  8
0
 10
549.986274
 20
212.885695
 42
-0.262376
  0
VERTEX
  8
0
 10
550.614267
 20
214.000053
 42
-0.025430
  0
VERTEX
  8
0
 10
553.447772
 20
215.524460
 42
-0.026231
  0
VERTEX
  8
0
 10
556.431193
 20
216.751786
 42
-0.226615
  0
VERTEX
  8
0
 10
557.822696
 20
216.601097
 42
0.160638
  0
VERTEX
  8
0
 10
558.274726
 20
216.492860
 42
0.079862
  0
VERTEX
  8
0
 10
558.852933
 20
216.636147
 42
0.066192
  0
VERTEX
  8
0
 10
559.464789
 20
216.998349
 42
0.052896
  0
VERTEX
  8
0
 10
560.014150
 20
217.533588
 42
-0.079544
  0
VERTEX
  8
0
 10
560.626696
 20
218.070095
 42
-0.064381
  0
VERTEX
  8
0
 10
561.421257
 20
218.436404
 42
-0.065295
  0
VERTEX
  8
0
 10
562.270506
 20
218.584800
 42
-0.087703
  0
VERTEX
  8
0
 10
563.043300
 20
218.481901
 42
0.056391
  0
VERTEX
  8
0
 10
563.766910
 20
218.339230
 42
0.063677
  0
VERTEX
  8
0
 10
564.474089
 20
218.371199
 42
0.073174
  0
VERTEX
  8
0
 10
565.059100
 20
218.564057
 42
0.139058
  0
VERTEX
  8
0
 10
565.421997
 20
218.895999
 42
-0.120216
  0
VERTEX
  8
0
 10
566.501272
 20
219.959289
 42
-0.018504
  0
VERTEX
  8
0
 10
569.159612
 20
221.417254
 42
-0.019724
  0
VERTEX
  8
0
 10
571.930805
 20
222.672136
 42
-0.096741
  0
VERTEX
  8
0
 10
573.609495
 20
223.000000
 42
0.081845
  0
VERTEX
  8
0
 10
574.332849
 20
223.119204
 42
0.015636
  0
VERTEX
  8
0
 10
575.584877
 20
223.587500
 42
0.016292
  0
VERTEX
  8
0
 10
577.026499
 20
224.234351
 42
0.014352
  0
VERTEX
  8
0
 10
578.486274
 20
225.000000
 42
-0.020986
  0
VERTEX
  8
0
 10
579.994108
 20
225.765531
 42
-0.020208
  0
VERTEX
  8
0
 10
581.579677
 20
226.412500
 42
-0.020615
  0
VERTEX
  8
0
 10
583.021133
 20
226.867537
 42
-0.066235
  0
VERTEX
  8
0
 10
584.016690
 20
227.000000
 42
0.048799
  0
VERTEX
  8
0
 10
584.770431
 20
227.073739
 42
0.068799
  0
VERTEX
  8
0
 10
585.407709
 20
227.293750
 42
0.088982
  0
VERTEX
  8
0
 10
585.836857
 20
227.618168
 42
0.188692
  0
VERTEX
  8
0
 10
585.986274
 20
228.000000
 42
-0.226478
  0
VERTEX
  8
0
 10
586.169105
 20
228.382936
 42
-0.074992
  0
VERTEX
  8
0
 10
586.720649
 20
228.706250
 42
-0.057076
  0
VERTEX
  8
0
 10
587.528918
 20
228.926884
 42
-0.038131
  0
VERTEX
  8
0
 10
588.486274
 20
229.000000
 42
-0.054025
  0
VERTEX
  8
0
 10
589.872016
 20
228.849833
 42
-0.200006
  0
VERTEX
  8
0
 10
590.577684
 20
228.355902
 42
-0.125320
  0
VERTEX
  8
0
 10
590.910319
 20
227.338398
 42
-0.016657
  0
VERTEX
  8
0
 10
590.986274
 20
225.059017
 42
-0.023552
  0
VERTEX
  8
0
 10
590.913024
 20
223.504790
 42
-0.030444
  0
VERTEX
  8
0
 10
590.692524
 20
222.094150
 42
-0.031293
  0
VERTEX
  8
0
 10
590.374080
 20
220.980410
 42
-0.170670
  0
VERTEX
  8
0
 10
589.986274
 20
220.500000
 42
0.128561
  0
VERTEX
  8
0
 10
589.601886
 20
220.096789
 42
0.046040
  0
VERTEX
  8
0
 10
589.280024
 20
219.363811
 42
0.041947
  0
VERTEX
  8
0
 10
589.060144
 20
218.457084
 42
0.038534
  0
VERTEX
  8
0
 10
588.986274
 20
217.500000
 42
-0.038534
  0
VERTEX
  8
0
 10
588.912403
 20
216.542916
 42
-0.041947
  0
VERTEX
  8
0
 10
588.692524
 20
215.636189
 42
-0.046040
  0
VERTEX
  8
0
 10
588.370661
 20
214.903211
 42
-0.128561
  0
VERTEX
  8
0
 10
587.986274
 20
214.500000
 42
0.128561
  0
VERTEX
  8
0
 10
587.601886
 20
214.096789
 42
0.046040
  0
VERTEX
  8
0
 10
587.280024
 20
213.363811
 42
0.041947
  0
VERTEX
  8
0
 10
587.060144
 20
212.457084
 42
0.038534
  0
VERTEX
  8
0
 10
586.986274
 20
211.500000
 42
-0.038534
  0
VERTEX
  8
0
 10
586.912403
 20
210.542916
 42
-0.041947
  0
VERTEX
  8
0
 10
586.692524
 20
209.636189
 42
-0.046040
  0
VERTEX
  8
0
 10
586.370661
 20
208.903211
 42
-0.128561
  0
VERTEX
  8
0
 10
585.986274
 20
208.500000
 42
0.128561
  0
VERTEX
  8
0
 10
585.601886
 20
208.096789
 42
0.046040
  0
VERTEX
  8
0
 10
585.280024
 20
207.363811
 42
0.041947
  0
VERTEX
  8
0
 10
585.060144
 20
206.457084
 42
0.038534
  0
VERTEX
  8
0
 10
584.986274
 20
205.500000
 42
-0.038534
  0
VERTEX
  8
0
 10
584.912403
 20
204.542916
 42
-0.041947
  0
VERTEX
  8
0
 10
584.692524
 20
203.636189
 42
-0.046040
  0
VERTEX
  8
0
 10
584.370661
 20
202.903211
 42
-0.128561
  0
VERTEX
  8
0
 10
583.986274
 20
202.500000
 42
0.126268
  0
VERTEX
  8
0
 10
583.602014
 20
202.100548
 42
0.046682
  0
VERTEX
  8
0
 10
583.280024
 20
201.382443
 42
0.042550
  0
VERTEX
  8
0
 10
583.060175
 20
200.496232
 42
0.039551
  0
VERTEX
  8
0
 10
582.986274
 20
199.563428
 42
-0.054335
  0
VERTEX
  8
0
 10
582.879958
 20
198.587969
 42
-0.043006
  0
VERTEX
  8
0
 10
582.563110
 20
197.574765
 42
-0.044381
  0
VERTEX
  8
0
 10
582.097655
 20
196.675771
 42
-0.078064
  0
VERTEX
  8
0
 10
581.545715
 20
196.049332
 42
0.072220
  0
VERTEX
  8
0
 10
581.036381
 20
195.484619
 42
0.066252
  0
VERTEX
  8
0
 10
580.690598
 20
194.782080
 42
0.069990
  0
VERTEX
  8
0
 10
580.554079
 20
194.053858
 42
0.103359
  0
VERTEX
  8
0
 10
580.657590
 20
193.414152
 42
-0.099431
  0
VERTEX
  8
0
 10
580.771226
 20
192.744923
 42
-0.055542
  0
VERTEX
  8
0
 10
580.654687
 20
191.923811
 42
-0.052272
  0
VERTEX
  8
0
 10
580.342702
 20
191.085827
 42
-0.058032
  0
VERTEX
  8
0
 10
579.871949
 20
190.362247
 42
0.074085
  0
VERTEX
  8
0
 10
579.379353
 20
189.549394
 42
0.039367
  0
VERTEX
  8
0
 10
579.010274
 20
188.429036
 42
0.038117
  0
VERTEX
  8
0
 10
578.807569
 20
187.199111
 42
0.047951
  0
VERTEX
  8
0
 10
578.817589
 20
186.045160
 42
-0.050738
  0
VERTEX
  8
0
 10
578.821093
 20
184.923272
 42
-0.046526
  0
VERTEX
  8
0
 10
578.601535
 20
183.789288
 42
-0.049611
  0
VERTEX
  8
0
 10
578.206591
 20
182.810084
 42
-0.099213
  0
VERTEX
  8
0
 10
577.683675
 20
182.163829
 42
0.095410
  0
VERTEX
  8
0
 10
577.152960
 20
181.517948
 42
0.061897
  0
VERTEX
  8
0
 10
576.798814
 20
180.615466
 42
0.056782
  0
VERTEX
  8
0
 10
576.654377
 20
179.566777
 42
0.053127
  0
VERTEX
  8
0
 10
576.743835
 20
178.487904
 42
-0.054914
  0
VERTEX
  8
0
 10
576.829041
 20
177.413838
 42
-0.043284
  0
VERTEX
  8
0
 10
576.692696
 20
176.254496
 42
-0.044627
  0
VERTEX
  8
0
 10
576.370881
 20
175.186906
 42
-0.077845
  0
VERTEX
  8
0
 10
575.898804
 20
174.394605
 42
0.092180
  0
VERTEX
  8
0
 10
575.405031
 20
173.509541
 42
0.034476
  0
VERTEX
  8
0
 10
575.043336
 20
172.128344
 42
0.032481
  0
VERTEX
  8
0
 10
574.845769
 20
170.520397
 42
0.032360
  0
VERTEX
  8
0
 10
574.857741
 20
168.898366
 42
-0.023130
  0
VERTEX
  8
0
 10
574.905295
 20
167.057406
 42
-0.062936
  0
VERTEX
  8
0
 10
574.715752
 20
165.769595
 42
-0.096912
  0
VERTEX
  8
0
 10
574.286147
 20
164.913408
 42
-0.137382
  0
VERTEX
  8
0
 10
573.605977
 20
164.407561
 42
0.113193
  0
VERTEX
  8
0
 10
572.942060
 20
163.961265
 42
0.122509
  0
VERTEX
  8
0
 10
572.562356
 20
163.282016
 42
0.084619
  0
VERTEX
  8
0
 10
572.466393
 20
162.296743
 42
0.031423
  0
VERTEX
  8
0
 10
572.653868
 20
160.912028
 42
-0.042808
  0
VERTEX
  8
0
 10
572.798095
 20
159.627728
 42
-0.046582
  0
VERTEX
  8
0
 10
572.714205
 20
158.374297
 42
-0.050752
  0
VERTEX
  8
0
 10
572.418882
 20
157.270123
 42
-0.082679
  0
VERTEX
  8
0
 10
571.931555
 20
156.434068
 42
0.129392
  0
VERTEX
  8
0
 10
571.318428
 20
155.115904
 42
0.019253
  0
VERTEX
  8
0
 10
570.907575
 20
152.190197
 42
0.016375
  0
VERTEX
  8
0
 10
570.623389
 20
148.033873
 42
0.006102
  0
VERTEX
  8
0
 10
570.486913
 20
142.181587
 42
0.000000
  0
VERTEX
  8
0
 10
570.345997
 20
129.500000
 42
0.000000
  0
VERTEX
  8
0
 10
574.229266
 20
125.730000
 42
0.016430
  0
VERTEX
  8
0
 10
575.777654
 20
124.322580
 42
0.025154
  0
VERTEX
  8
0
 10
577.216250
 20
123.218500
 42
0.022467
  0
VERTEX
  8
0
 10
578.421369
 20
122.464017
 42
0.273535
  0
VERTEX
  8
0
 10
578.944620
 20
122.474257
 42
-0.173179
  0
VERTEX
  8
0
 10
579.306617
 20
122.551647
 42
-0.119705
  0
VERTEX
  8
0
 10
579.700716
 20
122.398512
 42
-0.089998
  0
VERTEX
  8
0
 10
580.069145
 20
122.027862
 42
-0.059188
  0
VERTEX
  8
0
 10
580.350104
 20
121.494256
 42
0.213162
  0
VERTEX
  8
0
 10
581.452220
 20
120.394444
 42
0.096337
  0
VERTEX
  8
0
 10
583.505902
 20
120.037189
 42
0.095211
  0
VERTEX
  8
0
 10
585.563226
 20
120.475036
 42
0.203971
  0
VERTEX
  8
0
 10
586.670584
 20
121.619708
 42
-0.138447
  0
VERTEX
  8
0
 10
587.252877
 20
122.399258
 42
-0.121734
  0
VERTEX
  8
0
 10
588.185998
 20
122.806842
 42
-0.059891
  0
VERTEX
  8
0
 10
589.743536
 20
122.884635
 42
-0.011815
  0
VERTEX
  8
0
 10
592.533620
 20
122.623381
 42
0.011800
  0
VERTEX
  8
0
 10
595.326876
 20
122.361743
 42
0.060085
  0
VERTEX
  8
0
 10
596.883281
 20
122.439983
 42
0.122231
  0
VERTEX
  8
0
 10
597.815464
 20
122.849034
 42
0.137768
  0
VERTEX
  8
0
 10
598.398415
 20
123.631640
 42
-0.110533
  0
VERTEX
  8
0
 10
598.888843
 20
124.369553
 42
-0.126656
  0
VERTEX
  8
0
 10
599.625294
 20
124.783499
 42
-0.080938
  0
VERTEX
  8
0
 10
600.736357
 20
124.893379
 42
-0.024487
  0
VERTEX
  8
0
 10
602.425989
 20
124.703496
 42
0.024710
  0
VERTEX
  8
0
 10
604.079796
 20
124.518388
 42
0.075909
  0
VERTEX
  8
0
 10
605.198977
 20
124.618791
 42
0.119340
  0
VERTEX
  8
0
 10
605.942945
 20
125.004744
 42
0.122679
  0
VERTEX
  8
0
 10
606.418829
 20
125.684839
 42
-0.119699
  0
VERTEX
  8
0
 10
606.892231
 20
126.369919
 42
-0.126740
  0
VERTEX
  8
0
 10
607.617795
 20
126.743723
 42
-0.078714
  0
VERTEX
  8
0
 10
608.716885
 20
126.816906
 42
-0.023712
  0
VERTEX
  8
0
 10
610.380810
 20
126.585763
 42
0.023738
  0
VERTEX
  8
0
 10
612.040593
 20
126.355284
 42
0.078123
  0
VERTEX
  8
0
 10
613.140651
 20
126.427349
 42
0.125843
  0
VERTEX
  8
0
 10
613.867090
 20
126.797924
 42
0.121163
  0
VERTEX
  8
0
 10
614.338864
 20
127.476453
 42
-0.121391
  0
VERTEX
  8
0
 10
614.744683
 20
128.059563
 42
-0.064801
  0
VERTEX
  8
0
 10
615.478024
 20
128.552458
 42
-0.058578
  0
VERTEX
  8
0
 10
616.406893
 20
128.886612
 42
-0.057139
  0
VERTEX
  8
0
 10
617.395872
 20
129.000000
 42
0.040778
  0
VERTEX
  8
0
 10
618.392125
 20
129.081385
 42
0.043250
  0
VERTEX
  8
0
 10
619.341819
 20
129.323344
 42
0.047406
  0
VERTEX
  8
0
 10
620.113638
 20
129.677929
 42
0.123579
  0
VERTEX
  8
0
 10
620.548537
 20
130.100744
 42
-0.159484
  0
VERTEX
  8
0
 10
621.008010
 20
130.488473
 42
-0.057469
  0
VERTEX
  8
0
 10
621.842505
 20
130.719248
 42
-0.049207
  0
VERTEX
  8
0
 10
622.891671
 20
130.778752
 42
-0.038949
  0
VERTEX
  8
0
 10
624.020335
 20
130.643188
 42
0.042351
  0
VERTEX
  8
0
 10
625.312066
 20
130.496933
 42
0.065692
  0
VERTEX
  8
0
 10
626.426413
 20
130.612236
 42
0.076089
  0
VERTEX
  8
0
 10
627.350281
 20
130.987882
 42
0.085206
  0
VERTEX
  8
0
 10
628.079198
 20
131.611967
 42
-0.075701
  0
VERTEX
  8
0
 10
628.696650
 20
132.161162
 42
-0.060367
  0
VERTEX
  8
0
 10
629.498055
 20
132.553494
 42
-0.061445
  0
VERTEX
  8
0
 10
630.353492
 20
132.737553
 42
-0.086459
  0
VERTEX
  8
0
 10
631.129650
 20
132.672757
 42
0.083396
  0
VERTEX
  8
0
 10
631.902086
 20
132.603540
 42
0.061255
  0
VERTEX
  8
0
 10
632.746424
 20
132.774163
 42
0.060767
  0
VERTEX
  8
0
 10
633.531519
 20
133.146783
 42
0.078549
  0
VERTEX
  8
0
 10
634.129650
 20
133.672757
 42
-0.079971
  0
VERTEX
  8
0
 10
634.730423
 20
134.198052
 42
-0.060935
  0
VERTEX
  8
0
 10
635.523383
 20
134.568603
 42
-0.061132
  0
VERTEX
  8
0
 10
636.379294
 20
134.736158
 42
-0.081929
  0
VERTEX
  8
0
 10
637.165421
 20
134.663403
 42
0.049276
  0
VERTEX
  8
0
 10
637.901480
 20
134.546652
 42
0.057086
  0
VERTEX
  8
0
 10
638.609637
 20
134.585792
 42
0.066017
  0
VERTEX
  8
0
 10
639.186855
 20
134.765046
 42
0.147116
  0
VERTEX
  8
0
 10
639.527756
 20
135.067120
 42
-0.134871
  0
VERTEX
  8
0
 10
640.989837
 20
136.426730
 42
-0.033743
  0
VERTEX
  8
0
 10
644.002457
 20
137.748714
 42
-0.034457
  0
VERTEX
  8
0
 10
647.199916
 20
138.658351
 42
-0.114036
  0
VERTEX
  8
0
 10
649.374388
 20
138.617437
 42
0.042721
  0
VERTEX
  8
0
 10
650.503035
 20
138.434700
 42
0.098800
  0
VERTEX
  8
0
 10
651.351582
 20
138.538596
 42
0.126184
  0
VERTEX
  8
0
 10
651.966297
 20
138.932466
 42
0.096173
  0
VERTEX
  8
0
 10
652.391333
 20
139.613185
 42
-0.096100
  0
VERTEX
  8
0
 10
652.815187
 20
140.292229
 42
-0.125507
  0
VERTEX
  8
0
 10
653.428702
 20
140.686736
 42
-0.098851
  0
VERTEX
  8
0
 10
654.273392
 20
140.792609
 42
-0.043410
  0
VERTEX
  8
0
 10
655.391333
 20
140.613185
 42
0.043101
  0
VERTEX
  8
0
 10
656.490279
 20
140.436112
 42
0.093687
  0
VERTEX
  8
0
 10
657.336136
 20
140.532292
 42
0.121385
  0
VERTEX
  8
0
 10
657.949958
 20
140.901603
 42
0.105681
  0
VERTEX
  8
0
 10
658.360056
 20
141.531679
 42
-0.105681
  0
VERTEX
  8
0
 10
658.770155
 20
142.161754
 42
-0.121385
  0
VERTEX
  8
0
 10
659.383977
 20
142.531065
 42
-0.093687
  0
VERTEX
  8
0
 10
660.229833
 20
142.627245
 42
-0.043101
  0
VERTEX
  8
0
 10
661.328780
 20
142.450173
 42
0.043309
  0
VERTEX
  8
0
 10
662.441187
 20
142.271405
 42
0.097323
  0
VERTEX
  8
0
 10
663.286187
 20
142.374371
 42
0.124372
  0
VERTEX
  8
0
 10
663.899673
 20
142.761362
 42
0.098858
  0
VERTEX
  8
0
 10
664.319354
 20
143.425609
 42
-0.118194
  0
VERTEX
  8
0
 10
664.733027
 20
144.028068
 42
-0.065292
  0
VERTEX
  8
0
 10
665.472293
 20
144.537523
 42
-0.059401
  0
VERTEX
  8
0
 10
666.405461
 20
144.882749
 42
-0.058987
  0
VERTEX
  8
0
 10
667.395872
 20
145.000000
 42
0.040075
  0
VERTEX
  8
0
 10
668.391231
 20
145.079906
 42
0.042853
  0
VERTEX
  8
0
 10
669.338239
 20
145.317552
 42
0.046998
  0
VERTEX
  8
0
 10
670.106570
 20
145.665699
 42
0.125109
  0
VERTEX
  8
0
 10
670.536351
 20
146.081027
 42
-0.148288
  0
VERTEX
  8
0
 10
670.958581
 20
146.453442
 42
-0.064688
  0
VERTEX
  8
0
 10
671.679908
 20
146.675916
 42
-0.055947
  0
VERTEX
  8
0
 10
672.566857
 20
146.727588
 42
-0.048117
  0
VERTEX
  8
0
 10
673.491110
 20
146.588142
 42
0.047859
  0
VERTEX
  8
0
 10
674.547881
 20
146.428146
 42
0.099400
  0
VERTEX
  8
0
 10
675.369676
 20
146.546920
 42
0.121616
  0
VERTEX
  8
0
 10
675.976224
 20
146.947551
 42
0.094938
  0
VERTEX
  8
0
 10
676.394167
 20
147.620569
 42
-0.093794
  0
VERTEX
  8
0
 10
676.785281
 20
148.253583
 42
-0.107109
  0
VERTEX
  8
0
 10
677.365048
 20
148.664778
 42
-0.098029
  0
VERTEX
  8
0
 10
678.106064
 20
148.821221
 42
-0.067203
  0
VERTEX
  8
0
 10
678.961658
 20
148.716688
 42
0.073558
  0
VERTEX
  8
0
 10
679.794081
 20
148.625656
 42
0.060008
  0
VERTEX
  8
0
 10
680.680127
 20
148.766646
 42
0.061533
  0
VERTEX
  8
0
 10
681.483643
 20
149.106921
 42
0.088877
  0
VERTEX
  8
0
 10
682.071951
 20
149.603235
 42
-0.079997
  0
VERTEX
  8
0
 10
682.684175
 20
150.138485
 42
-0.044242
  0
VERTEX
  8
0
 10
683.571715
 20
150.589700
 42
-0.042695
  0
VERTEX
  8
0
 10
684.576919
 20
150.896874
 42
-0.052858
  0
VERTEX
  8
0
 10
685.549701
 20
151.000000
 42
0.039551
  0
VERTEX
  8
0
 10
686.482506
 20
151.073901
 42
0.042550
  0
VERTEX
  8
0
 10
687.368717
 20
151.293750
 42
0.046682
  0
VERTEX
  8
0
 10
688.086822
 20
151.615740
 42
0.126268
  0
VERTEX
  8
0
 10
688.486274
 20
152.000000
 42
-0.128561
  0
VERTEX
  8
0
 10
688.889485
 20
152.384387
 42
-0.046040
  0
VERTEX
  8
0
 10
689.622463
 20
152.706250
 42
-0.041947
  0
VERTEX
  8
0
 10
690.529190
 20
152.926129
 42
-0.038534
  0
VERTEX
  8
0
 10
691.486274
 20
153.000000
 42
0.041061
  0
VERTEX
  8
0
 10
692.446448
 20
153.078985
 42
0.043408
  0
VERTEX
  8
0
 10
693.362461
 20
153.313776
 42
0.047566
  0
VERTEX
  8
0
 10
694.107423
 20
153.657903
 42
0.122970
  0
VERTEX
  8
0
 10
694.528407
 20
154.068174
 42
-0.103775
  0
VERTEX
  8
0
 10
694.880103
 20
154.437920
 42
-0.081683
  0
VERTEX
  8
0
 10
695.381252
 20
154.674218
 42
-0.078343
  0
VERTEX
  8
0
 10
695.952123
 20
154.743766
 42
-0.083008
  0
VERTEX
  8
0
 10
696.504666
 20
154.631316
 42
0.116488
  0
VERTEX
  8
0
 10
697.052167
 20
154.557243
 42
0.100514
  0
VERTEX
  8
0
 10
697.608077
 20
154.727872
 42
0.093065
  0
VERTEX
  8
0
 10
698.087082
 20
155.118213
 42
0.083955
  0
VERTEX
  8
0
 10
698.412833
 20
155.669212
 42
-0.102552
  0
VERTEX
  8
0
 10
698.827203
 20
156.314554
 42
-0.122785
  0
VERTEX
  8
0
 10
699.440802
 20
156.691821
 42
-0.095330
  0
VERTEX
  8
0
 10
700.286251
 20
156.791046
 42
-0.043189
  0
VERTEX
  8
0
 10
701.391333
 20
156.613185
 42
0.043442
  0
VERTEX
  8
0
 10
702.510907
 20
156.433571
 42
0.099306
  0
VERTEX
  8
0
 10
703.355510
 20
156.540315
 42
0.125831
  0
VERTEX
  8
0
 10
703.969053
 20
156.937070
 42
0.095291
  0
VERTEX
  8
0
 10
704.394167
 20
157.620569
 42
-0.093794
  0
VERTEX
  8
0
 10
704.785281
 20
158.253583
 42
-0.107109
  0
VERTEX
  8
0
 10
705.365048
 20
158.664778
 42
-0.098029
  0
VERTEX
  8
0
 10
706.106064
 20
158.821221
 42
-0.067203
  0
VERTEX
  8
0
 10
706.961658
 20
158.716688
 42
0.074648
  0
VERTEX
  8
0
 10
707.795475
 20
158.627331
 42
0.060197
  0
VERTEX
  8
0
 10
708.685631
 20
158.773278
 42
0.061494
  0
VERTEX
  8
0
 10
709.495170
 20
159.120896
 42
0.087634
  0
VERTEX
  8
0
 10
710.090689
 20
159.625813
 42
-0.081951
  0
VERTEX
  8
0
 10
710.669304
 20
160.127730
 42
-0.064539
  0
VERTEX
  8
0
 10
711.427171
 20
160.468084
 42
-0.064933
  0
VERTEX
  8
0
 10
712.241648
 20
160.602466
 42
-0.085499
  0
VERTEX
  8
0
 10
712.986274
 20
160.500000
 42
0.091070
  0
VERTEX
  8
0
 10
713.737252
 20
160.405108
 42
0.065309
  0
VERTEX
  8
0
 10
714.570544
 20
160.562241
 42
0.063737
  0
VERTEX
  8
0
 10
715.356155
 20
160.936047
 42
0.076815
  0
VERTEX
  8
0
 10
715.967536
 20
161.477422
 42
-0.074664
  0
VERTEX
  8
0
 10
716.620513
 20
162.060632
 42
-0.044545
  0
VERTEX
  8
0
 10
717.541043
 20
162.552743
 42
-0.043501
  0
VERTEX
  8
0
 10
718.569242
 20
162.887735
 42
-0.057065
  0
VERTEX
  8
0
 10
719.549701
 20
163.000000
 42
0.042855
  0
VERTEX
  8
0
 10
720.486461
 20
163.080437
 42
0.044371
  0
VERTEX
  8
0
 10
721.384533
 20
163.319341
 42
0.048511
  0
VERTEX
  8
0
 10
722.118154
 20
163.669773
 42
0.119222
  0
VERTEX
  8
0
 10
722.540116
 20
164.087118
 42
-0.127969
  0
VERTEX
  8
0
 10
722.937017
 20
164.466374
 42
-0.070112
  0
VERTEX
  8
0
 10
723.568683
 20
164.710007
 42
-0.062485
  0
VERTEX
  8
0
 10
724.326852
 20
164.788616
 42
-0.058638
  0
VERTEX
  8
0
 10
725.098137
 20
164.680998
 42
0.045559
  0
VERTEX
  8
0
 10
725.858298
 20
164.554638
 42
0.054525
  0
VERTEX
  8
0
 10
726.583234
 20
164.580220
 42
0.063577
  0
VERTEX
  8
0
 10
727.169232
 20
164.743157
 42
0.156007
  0
VERTEX
  8
0
 10
727.505158
 20
165.030556
 42
-0.126306
  0
VERTEX
  8
0
 10
728.624544
 20
166.107208
 42
-0.020292
  0
VERTEX
  8
0
 10
731.343027
 20
167.502096
 42
-0.022303
  0
VERTEX
  8
0
 10
734.200604
 20
168.673064
 42
-0.086290
  0
VERTEX
  8
0
 10
736.080895
 20
169.000000
 42
0.052611
  0
VERTEX
  8
0
 10
736.812289
 20
169.077172
 42
0.048614
  0
VERTEX
  8
0
 10
737.532140
 20
169.305699
 42
0.051987
  0
VERTEX
  8
0
 10
738.135392
 20
169.641893
 42
0.101575
  0
VERTEX
  8
0
 10
738.511414
 20
170.040677
 42
-0.135531
  0
VERTEX
  8
0
 10
738.893782
 20
170.395323
 42
-0.073852
  0
VERTEX
  8
0
 10
739.503713
 20
170.604883
 42
-0.064695
  0
VERTEX
  8
0
 10
740.237950
 20
170.644789
 42
-0.058170
  0
VERTEX
  8
0
 10
740.986274
 20
170.500000
 42
0.054638
  0
VERTEX
  8
0
 10
741.731702
 20
170.350319
 42
0.062623
  0
VERTEX
  8
0
 10
742.457338
 20
170.376516
 42
0.072414
  0
VERTEX
  8
0
 10
743.055166
 20
170.565215
 42
0.142682
  0
VERTEX
  8
0
 10
743.421997
 20
170.895999
 42
-0.123468
  0
VERTEX
  8
0
 10
744.770746
 20
172.207848
 42
-0.032948
  0
VERTEX
  8
0
 10
747.476142
 20
173.548120
 42
-0.032172
  0
VERTEX
  8
0
 10
750.309554
 20
174.517914
 42
-0.144182
  0
VERTEX
  8
0
 10
752.044305
 20
174.481582
 42
0.083715
  0
VERTEX
  8
0
 10
752.782395
 20
174.377350
 42
0.103900
  0
VERTEX
  8
0
 10
753.455614
 20
174.537686
 42
0.104848
  0
VERTEX
  8
0
 10
754.003009
 20
174.953645
 42
0.086630
  0
VERTEX
  8
0
 10
754.380001
 20
175.583653
 42
-0.090160
  0
VERTEX
  8
0
 10
754.777398
 20
176.237325
 42
-0.108208
  0
VERTEX
  8
0
 10
755.358187
 20
176.660027
 42
-0.100118
  0
VERTEX
  8
0
 10
756.099813
 20
176.821200
 42
-0.067654
  0
VERTEX
  8
0
 10
756.961658
 20
176.716688
 42
0.076898
  0
VERTEX
  8
0
 10
757.798372
 20
176.630806
 42
0.060546
  0
VERTEX
  8
0
 10
758.697076
 20
176.787068
 42
0.061374
  0
VERTEX
  8
0
 10
759.519152
 20
177.149946
 42
0.085151
  0
VERTEX
  8
0
 10
760.129650
 20
177.672757
 42
-0.079971
  0
VERTEX
  8
0
 10
760.730423
 20
178.198052
 42
-0.060935
  0
VERTEX
  8
0
 10
761.523383
 20
178.568603
 42
-0.061132
  0
VERTEX
  8
0
 10
762.379294
 20
178.736158
 42
-0.081929
  0
VERTEX
  8
0
 10
763.165421
 20
178.663403
 42
0.047198
  0
VERTEX
  8
0
 10
763.899791
 20
178.543796
 42
0.055685
  0
VERTEX
  8
0
 10
764.602869
 20
178.574842
 42
0.064718
  0
VERTEX
  8
0
 10
765.173263
 20
178.741729
 42
0.151986
  0
VERTEX
  8
0
 10
765.504717
 20
179.029842
 42
-0.138086
  0
VERTEX
  8
0
 10
766.932816
 20
180.341137
 42
-0.010856
  0
VERTEX
  8
0
 10
771.632453
 20
182.591867
 42
-0.008102
  0
VERTEX
  8
0
 10
776.517630
 20
184.707712
 42
-0.241036
  0
VERTEX
  8
0
 10
777.820286
 20
184.602586
 42
0.163889
  0
VERTEX
  8
0
 10
778.275670
 20
184.496592
 42
0.079004
  0
VERTEX
  8
0
 10
778.862393
 20
184.648837
 42
0.065182
  0
VERTEX
  8
0
 10
779.486012
 20
185.024131
 42
0.051583
  0
VERTEX
  8
0
 10
780.048764
 20
185.575296
 42
-0.078897
  0
VERTEX
  8
0
 10
780.732002
 20
186.175273
 42
-0.071759
  0
VERTEX
  8
0
 10
781.589497
 20
186.558067
 42
-0.068613
  0
VERTEX
  8
0
 10
782.556159
 20
186.693876
 42
-0.062198
  0
VERTEX
  8
0
 10
783.557812
 20
186.571401
 42
0.051180
  0
VERTEX
  8
0
 10
784.572918
 20
186.424586
 42
0.099238
  0
VERTEX
  8
0
 10
785.379325
 20
186.551800
 42
0.118587
  0
VERTEX
  8
0
 10
785.981235
 20
186.955129
 42
0.094771
  0
VERTEX
  8
0
 10
786.394167
 20
187.620569
 42
-0.093714
  0
VERTEX
  8
0
 10
786.788470
 20
188.258972
 42
-0.109220
  0
VERTEX
  8
0
 10
787.370572
 20
188.668461
 42
-0.098720
  0
VERTEX
  8
0
 10
788.119978
 20
188.819334
 42
-0.064500
  0
VERTEX
  8
0
 10
788.997429
 20
188.707334
 42
0.043256
  0
VERTEX
  8
0
 10
789.796150
 20
188.570787
 42
0.052810
  0
VERTEX
  8
0
 10
790.553651
 20
188.587956
 42
0.061789
  0
VERTEX
  8
0
 10
791.162951
 20
188.744578
 42
0.161943
  0
VERTEX
  8
0
 10
791.505158
 20
189.030556
 42
-0.126306
  0
VERTEX
  8
0
 10
792.624544
 20
190.107208
 42
-0.020292
  0
VERTEX
  8
0
 10
795.343027
 20
191.502096
 42
-0.022303
  0
VERTEX
  8
0
 10
798.200604
 20
192.673064
 42
-0.086290
  0
VERTEX
  8
0
 10
800.080895
 20
193.000000
 42
0.053908
  0
VERTEX
  8
0
 10
800.813548
 20
193.079222
 42
0.049062
  0
VERTEX
  8
0
 10
801.537131
 20
193.313776
 42
0.052270
  0
VERTEX
  8
0
 10
802.145631
 20
193.658922
 42
0.099531
  0
VERTEX
  8
0
 10
802.528407
 20
194.068174
 42
-0.103775
  0
VERTEX
  8
0
 10
802.880103
 20
194.437920
 42
-0.081683
  0
VERTEX
  8
0
 10
803.381252
 20
194.674218
 42
-0.078343
  0
VERTEX
  8
0
 10
803.952123
 20
194.743766
 42
-0.083008
  0
VERTEX
  8
0
 10
804.504666
 20
194.631316
 42
0.117049
  0
VERTEX
  8
0
 10
805.052385
 20
194.557831
 42
0.100550
  0
VERTEX
  8
0
 10
805.608909
 20
194.730042
 42
0.092889
  0
VERTEX
  8
0
 10
806.088854
 20
195.122755
 42
0.083537
  0
VERTEX
  8
0
 10
806.415666
 20
195.676596
 42
-0.099729
  0
VERTEX
  8
0
 10
806.797312
 20
196.278343
 42
-0.105124
  0
VERTEX
  8
0
 10
807.375877
 20
196.671880
 42
-0.094728
  0
VERTEX
  8
0
 10
808.116072
 20
196.821107
 42
-0.066554
  0
VERTEX
  8
0
 10
808.961658
 20
196.716688
 42
0.076648
  0
VERTEX
  8
0
 10
809.798049
 20
196.630419
 42
0.060510
  0
VERTEX
  8
0
 10
810.695799
 20
196.785530
 42
0.061390
  0
VERTEX
  8
0
 10
811.516476
 20
197.146706
 42
0.085422
  0
VERTEX
  8
0
 10
812.125303
 20
197.667520
 42
-0.086323
  0
VERTEX
  8
0
 10
812.785594
 20
198.230316
 42
-0.072723
  0
VERTEX
  8
0
 10
813.636867
 20
198.578689
 42
-0.066908
  0
VERTEX
  8
0
 10
814.619187
 20
198.686822
 42
-0.055539
  0
VERTEX
  8
0
 10
815.662071
 20
198.545234
 42
0.036767
  0
VERTEX
  8
0
 10
816.552801
 20
198.390129
 42
0.063488
  0
VERTEX
  8
0
 10
817.303539
 20
198.411083
 42
0.095652
  0
VERTEX
  8
0
 10
817.806725
 20
198.592160
 42
0.264587
  0
VERTEX
  8
0
 10
817.986274
 20
198.907706
 42
-0.261060
  0
VERTEX
  8
0
 10
818.640650
 20
200.075599
 42
-0.032988
  0
VERTEX
  8
0
 10
821.296463
 20
201.469749
 42
-0.035934
  0
VERTEX
  8
0
 10
824.192890
 20
202.512648
 42
-0.146307
  0
VERTEX
  8
0
 10
826.044305
 20
202.481582
 42
0.083715
  0
VERTEX
  8
0
 10
826.782395
 20
202.377350
 42
0.103900
  0
VERTEX
  8
0
 10
827.455614
 20
202.537686
 42
0.104848
  0
VERTEX
  8
0
 10
828.003009
 20
202.953645
 42
0.086630
  0
VERTEX
  8
0
 10
828.380001
 20
203.583653
 42
-0.090060
  0
VERTEX
  8
0
 10
828.780597
 20
204.242881
 42
-0.110346
  0
VERTEX
  8
0
 10
829.363668
 20
204.663839
 42
-0.100834
  0
VERTEX
  8
0
 10
830.113611
 20
204.819396
 42
-0.064920
  0
VERTEX
  8
0
 10
830.997429
 20
204.707334
 42
0.043256
  0
VERTEX
  8
0
 10
831.796150
 20
204.570787
 42
0.052810
  0
VERTEX
  8
0
 10
832.553651
 20
204.587956
 42
0.061789
  0
VERTEX
  8
0
 10
833.162951
 20
204.744578
 42
0.161943
  0
VERTEX
  8
0
 10
833.505158
 20
205.030556
 42
-0.124710
  0
VERTEX
  8
0
 10
834.525618
 20
206.018249
 42
-0.016375
  0
VERTEX
  8
0
 10
837.211444
 20
207.444620
 42
-0.017854
  0
VERTEX
  8
0
 10
839.992202
 20
208.685574
 42
-0.096306
  0
VERTEX
  8
0
 10
841.609495
 20
209.000000
 42
0.082524
  0
VERTEX
  8
0
 10
842.335656
 20
209.120674
 42
0.015391
  0
VERTEX
  8
0
 10
843.604169
 20
209.598336
 42
0.016110
  0
VERTEX
  8
0
 10
845.067032
 20
210.257108
 42
0.014103
  0
VERTEX
  8
0
 10
846.551951
 20
211.036889
 42
-0.030372
  0
VERTEX
  8
0
 10
848.108245
 20
211.790646
 42
-0.034222
  0
VERTEX
  8
0
 10
849.684408
 20
212.316276
 42
-0.037228
  0
VERTEX
  8
0
 10
851.089127
 20
212.570513
 42
-0.103356
  0
VERTEX
  8
0
 10
852.082367
 20
212.469501
 42
0.046246
  0
VERTEX
  8
0
 10
852.811761
 20
212.310292
 42
0.081293
  0
VERTEX
  8
0
 10
853.427001
 20
212.334761
 42
0.124385
  0
VERTEX
  8
0
 10
853.832670
 20
212.530461
 42
0.221997
  0
VERTEX
  8
0
 10
853.986274
 20
212.859370
 42
-0.258291
  0
VERTEX
  8
0
 10
854.647206
 20
214.053449
 42
-0.034334
  0
VERTEX
  8
0
 10
857.283891
 20
215.463524
 42
-0.037092
  0
VERTEX
  8
0
 10
860.173160
 20
216.512628
 42
-0.146403
  0
VERTEX
  8
0
 10
862.044305
 20
216.481582
 42
0.083715
  0
VERTEX
  8
0
 10
862.782395
 20
216.377350
 42
0.103900
  0
VERTEX
  8
0
 10
863.455614
 20
216.537686
 42
0.104848
  0
VERTEX
  8
0
 10
864.003009
 20
216.953645
 42
0.086630
  0
VERTEX
  8
0
 10
864.380001
 20
217.583653
 42
-0.090060
  0
VERTEX
  8
0
 10
864.780597
 20
218.242881
 42
-0.110346
  0
VERTEX
  8
0
 10
865.363668
 20
218.663839
 42
-0.100834
  0
VERTEX
  8
0
 10
866.113611
 20
218.819396
 42
-0.064920
  0
VERTEX
  8
0
 10
866.997429
 20
218.707334
 42
0.045128
  0
VERTEX
  8
0
 10
867.797797
 20
218.573581
 42
0.054211
  0
VERTEX
  8
0
 10
868.560290
 20
218.598697
 42
0.063259
  0
VERTEX
  8
0
 10
869.176066
 20
218.767523
 42
0.157093
  0
VERTEX
  8
0
 10
869.527756
 20
219.067120
 42
-0.131241
  0
VERTEX
  8
0
 10
870.752925
 20
220.222829
 42
-0.023127
  0
VERTEX
  8
0
 10
873.628034
 20
221.608109
 42
-0.019581
  0
VERTEX
  8
0
 10
876.605693
 20
222.741141
 42
-0.223097
  0
VERTEX
  8
0
 10
877.822696
 20
222.601097
 42
0.162620
  0
VERTEX
  8
0
 10
878.276057
 20
222.494392
 42
0.079343
  0
VERTEX
  8
0
 10
878.858524
 20
222.642883
 42
0.065575
  0
VERTEX
  8
0
 10
879.476558
 20
223.012458
 42
0.052090
  0
VERTEX
  8
0
 10
880.033181
 20
223.556519
 42
-0.059583
  0
VERTEX
  8
0
 10
880.613814
 20
224.107331
 42
-0.061576
  0
VERTEX
  8
0
 10
881.301856
 20
224.498564
 42
-0.068292
  0
VERTEX
  8
0
 10
881.988507
 20
224.679506
 42
-0.122531
  0
VERTEX
  8
0
 10
882.563729
 20
224.608651
 42
0.122556
  0
VERTEX
  8
0
 10
883.088928
 20
224.543985
 42
0.100764
  0
VERTEX
  8
0
 10
883.626259
 20
224.723384
 42
0.091124
  0
VERTEX
  8
0
 10
884.093520
 20
225.120826
 42
0.079621
  0
VERTEX
  8
0
 10
884.415666
 20
225.676596
 42
-0.099729
  0
VERTEX
  8
0
 10
884.797312
 20
226.278343
 42
-0.105124
  0
VERTEX
  8
0
 10
885.375877
 20
226.671880
 42
-0.094728
  0
VERTEX
  8
0
 10
886.116072
 20
226.821107
 42
-0.066554
  0
VERTEX
  8
0
 10
886.961658
 20
226.716688
 42
0.076648
  0
VERTEX
  8
0
 10
887.798049
 20
226.630419
 42
0.060510
  0
VERTEX
  8
0
 10
888.695799
 20
226.785530
 42
0.061390
  0
VERTEX
  8
0
 10
889.516476
 20
227.146706
 42
0.085422
  0
VERTEX
  8
0
 10
890.125303
 20
227.667520
 42
-0.086483
  0
VERTEX
  8
0
 10
890.771028
 20
228.217547
 42
-0.068988
  0
VERTEX
  8
0
 10
891.616531
 20
228.570287
 42
-0.064960
  0
VERTEX
  8
0
 10
892.576771
 20
228.693626
 42
-0.061054
  0
VERTEX
  8
0
 10
893.557812
 20
228.571401
 42
0.050865
  0
VERTEX
  8
0
 10
894.562517
 20
228.425447
 42
0.096152
  0
VERTEX
  8
0
 10
895.368999
 20
228.546589
 42
0.116451
  0
VERTEX
  8
0
 10
895.970520
 20
228.934413
 42
0.100300
  0
VERTEX
  8
0
 10
896.374952
 20
229.570497
 42
-0.075955
  0
VERTEX
  8
0
 10
896.685014
 20
230.114518
 42
-0.104954
  0
VERTEX
  8
0
 10
897.116417
 20
230.472028
 42
-0.124178
  0
VERTEX
  8
0
 10
897.599188
 20
230.588010
 42
-0.136400
  0
VERTEX
  8
0
 10
898.060471
 20
230.454143
 42
0.300320
  0
VERTEX
  8
0
 10
899.758951
 20
230.504989
 42
0.055510
  0
VERTEX
  8
0
 10
902.223041
 20
232.685135
 42
0.053976
  0
VERTEX
  8
0
 10
904.250354
 20
235.479079
 42
0.193815
  0
VERTEX
  8
0
 10
904.545479
 20
237.620130
 42
-0.064164
  0
VERTEX
  8
0
 10
904.436341
 20
238.542678
 42
-0.060260
  0
VERTEX
  8
0
 10
904.560076
 20
239.483461
 42
-0.063626
  0
VERTEX
  8
0
 10
904.891216
 20
240.316814
 42
-0.093462
  0
VERTEX
  8
0
 10
905.392705
 20
240.922345
 42
0.082573
  0
VERTEX
  8
0
 10
905.888452
 20
241.495275
 42
0.061188
  0
VERTEX
  8
0
 10
906.235372
 20
242.259156
 42
0.060863
  0
VERTEX
  8
0
 10
906.388535
 20
243.089053
 42
0.079342
  0
VERTEX
  8
0
 10
906.313516
 20
243.856624
 42
-0.083396
  0
VERTEX
  8
0
 10
906.244299
 20
244.629060
 42
-0.061255
  0
VERTEX
  8
0
 10
906.414923
 20
245.473398
 42
-0.060767
  0
VERTEX
  8
0
 10
906.787542
 20
246.258494
 42
-0.078549
  0
VERTEX
  8
0
 10
907.313516
 20
246.856624
 42
0.078549
  0
VERTEX
  8
0
 10
907.839491
 20
247.454755
 42
0.060767
  0
VERTEX
  8
0
 10
908.212110
 20
248.239850
 42
0.061255
  0
VERTEX
  8
0
 10
908.382734
 20
249.084188
 42
0.083396
  0
VERTEX
  8
0
 10
908.313516
 20
249.856624
 42
-0.085607
  0
VERTEX
  8
0
 10
908.247487
 20
250.631743
 42
-0.061401
  0
VERTEX
  8
0
 10
908.427787
 20
251.484075
 42
-0.060485
  0
VERTEX
  8
0
 10
908.814608
 20
252.280918
 42
-0.076477
  0
VERTEX
  8
0
 10
909.357310
 20
252.892970
 42
0.069027
  0
VERTEX
  8
0
 10
909.893287
 20
253.479683
 42
0.065274
  0
VERTEX
  8
0
 10
910.261528
 20
254.200971
 42
0.069825
  0
VERTEX
  8
0
 10
910.413459
 20
254.941901
 42
0.107723
  0
VERTEX
  8
0
 10
910.314957
 20
255.585848
 42
-0.099431
  0
VERTEX
  8
0
 10
910.201322
 20
256.255077
 42
-0.055542
  0
VERTEX
  8
0
 10
910.317860
 20
257.076189
 42
-0.052272
  0
VERTEX
  8
0
 10
910.629845
 20
257.914173
 42
-0.058032
  0
VERTEX
  8
0
 10
911.100599
 20
258.637753
 42
0.074085
  0
VERTEX
  8
0
 10
911.593194
 20
259.450606
 42
0.039367
  0
VERTEX
  8
0
 10
911.962274
 20
260.570964
 42
0.038117
  0
VERTEX
  8
0
 10
912.164979
 20
261.800889
 42
0.047951
  0
VERTEX
  8
0
 10
912.154959
 20
262.954840
 42
-0.051956
  0
VERTEX
  8
0
 10
912.154181
 20
264.078982
 42
-0.046943
  0
VERTEX
  8
0
 10
912.381779
 20
265.219647
 42
-0.049890
  0
VERTEX
  8
0
 10
912.788703
 20
266.208308
 42
-0.097284
  0
VERTEX
  8
0
 10
913.325523
 20
266.866589
 42
0.079135
  0
VERTEX
  8
0
 10
913.846913
 20
267.460901
 42
0.060839
  0
VERTEX
  8
0
 10
914.215637
 20
268.242777
 42
0.061206
  0
VERTEX
  8
0
 10
914.383610
 20
269.084924
 42
0.082786
  0
VERTEX
  8
0
 10
914.313516
 20
269.856624
 42
-0.083396
  0
VERTEX
  8
0
 10
914.244299
 20
270.629060
 42
-0.061255
  0
VERTEX
  8
0
 10
914.414923
 20
271.473398
 42
-0.060767
  0
VERTEX
  8
0
 10
914.787542
 20
272.258494
 42
-0.078549
  0
VERTEX
  8
0
 10
915.313516
 20
272.856624
 42
0.078549
  0
VERTEX
  8
0
 10
915.839491
 20
273.454755
 42
0.060767
  0
VERTEX
  8
0
 10
916.212110
 20
274.239850
 42
0.061255
  0
VERTEX
  8
0
 10
916.382734
 20
275.084188
 42
0.083396
  0
VERTEX
  8
0
 10
916.313516
 20
275.856624
 42
-0.085607
  0
VERTEX
  8
0
 10
916.247487
 20
276.631743
 42
-0.061401
  0
VERTEX
  8
0
 10
916.427787
 20
277.484075
 42
-0.060485
  0
VERTEX
  8
0
 10
916.814608
 20
278.280918
 42
-0.076477
  0
VERTEX
  8
0
 10
917.357310
 20
278.892970
 42
0.069027
  0
VERTEX
  8
0
 10
917.893287
 20
279.479683
 42
0.065274
  0
VERTEX
  8
0
 10
918.261528
 20
280.200971
 42
0.069825
  0
VERTEX
  8
0
 10
918.413459
 20
280.941901
 42
0.107723
  0
VERTEX
  8
0
 10
918.314957
 20
281.585848
 42
-0.099431
  0
VERTEX
  8
0
 10
918.201322
 20
282.255077
 42
-0.055542
  0
VERTEX
  8
0
 10
918.317860
 20
283.076189
 42
-0.052272
  0
VERTEX
  8
0
 10
918.629845
 20
283.914173
 42
-0.058032
  0
VERTEX
  8
0
 10
919.100599
 20
284.637753
 42
0.077661
  0
VERTEX
  8
0
 10
919.592217
 20
285.462167
 42
0.038985
  0
VERTEX
  8
0
 10
919.956957
 20
286.621650
 42
0.037508
  0
VERTEX
  8
0
 10
920.153719
 20
287.907372
 42
0.045378
  0
VERTEX
  8
0
 10
920.136860
 20
289.127387
 42
-0.038920
  0
VERTEX
  8
0
 10
920.102393
 20
290.417413
 42
-0.074654
  0
VERTEX
  8
0
 10
920.307716
 20
291.429675
 42
-0.097234
  0
VERTEX
  8
0
 10
920.746761
 20
292.157137
 42
-0.117415
  0
VERTEX
  8
0
 10
921.403544
 20
292.606627
 42
0.099536
  0
VERTEX
  8
0
 10
922.064247
 20
293.025310
 42
0.124086
  0
VERTEX
  8
0
 10
922.449426
 20
293.638805
 42
0.096953
  0
VERTEX
  8
0
 10
922.551693
 20
294.483884
 42
0.043285
  0
VERTEX
  8
0
 10
922.373089
 20
295.594941
 42
-0.043410
  0
VERTEX
  8
0
 10
922.193664
 20
296.712881
 42
-0.098851
  0
VERTEX
  8
0
 10
922.299537
 20
297.557571
 42
-0.125507
  0
VERTEX
  8
0
 10
922.694045
 20
298.171086
 42
-0.096100
  0
VERTEX
  8
0
 10
923.373089
 20
298.594941
 42
0.095559
  0
VERTEX
  8
0
 10
924.034192
 20
299.006613
 42
0.118293
  0
VERTEX
  8
0
 10
924.435249
 20
299.608442
 42
0.098789
  0
VERTEX
  8
0
 10
924.561571
 20
300.414852
 42
0.051132
  0
VERTEX
  8
0
 10
924.414873
 20
301.428461
 42
-0.061054
  0
VERTEX
  8
0
 10
924.292648
 20
302.409503
 42
-0.064960
  0
VERTEX
  8
0
 10
924.415987
 20
303.369742
 42
-0.068988
  0
VERTEX
  8
0
 10
924.768727
 20
304.215245
 42
-0.086483
  0
VERTEX
  8
0
 10
925.318753
 20
304.860970
 42
0.078804
  0
VERTEX
  8
0
 10
925.842728
 20
305.457436
 42
0.060799
  0
VERTEX
  8
0
 10
926.213649
 20
306.241127
 42
0.061234
  0
VERTEX
  8
0
 10
926.383116
 20
307.084509
 42
0.083131
  0
VERTEX
  8
0
 10
926.313516
 20
307.856624
 42
-0.085607
  0
VERTEX
  8
0
 10
926.247487
 20
308.631743
 42
-0.061401
  0
VERTEX
  8
0
 10
926.427787
 20
309.484075
 42
-0.060485
  0
VERTEX
  8
0
 10
926.814608
 20
310.280918
 42
-0.076477
  0
VERTEX
  8
0
 10
927.357310
 20
310.892970
 42
0.069027
  0
VERTEX
  8
0
 10
927.893287
 20
311.479683
 42
0.065274
  0
VERTEX
  8
0
 10
928.261528
 20
312.200971
 42
0.069825
  0
VERTEX
  8
0
 10
928.413459
 20
312.941901
 42
0.107723
  0
VERTEX
  8
0
 10
928.314957
 20
313.585848
 42
-0.099431
  0
VERTEX
  8
0
 10
928.201322
 20
314.255077
 42
-0.055542
  0
VERTEX
  8
0
 10
928.317860
 20
315.076189
 42
-0.052272
  0
VERTEX
  8
0
 10
928.629845
 20
315.914173
 42
-0.058032
  0
VERTEX
  8
0
 10
929.100599
 20
316.637753
 42
0.077661
  0
VERTEX
  8
0
 10
929.592217
 20
317.462167
 42
0.038985
  0
VERTEX
  8
0
 10
929.956957
 20
318.621650
 42
0.037508
  0
VERTEX
  8
0
 10
930.153719
 20
319.907372
 42
0.045378
  0
VERTEX
  8
0
 10
930.136860
 20
321.127387
 42
-0.038920
  0
VERTEX
  8
0
 10
930.102393
 20
322.417413
 42
-0.074654
  0
VERTEX
  8
0
 10
930.307716
 20
323.429675
 42
-0.097234
  0
VERTEX
  8
0
 10
930.746761
 20
324.157137
 42
-0.117415
  0
VERTEX
  8
0
 10
931.403544
 20
324.606627
 42
0.099536
  0
VERTEX
  8
0
 10
932.064247
 20
325.025310
 42
0.124086
  0
VERTEX
  8
0
 10
932.449426
 20
325.638805
 42
0.096953
  0
VERTEX
  8
0
 10
932.551693
 20
326.483884
 42
0.043285
  0
VERTEX
  8
0
 10
932.373089
 20
327.594941
 42
-0.043410
  0
VERTEX
  8
0
 10
932.193664
 20
328.712881
 42
-0.098851
  0
VERTEX
  8
0
 10
932.299537
 20
329.557571
 42
-0.125507
  0
VERTEX
  8
0
 10
932.694045
 20
330.171086
 42
-0.096100
  0
VERTEX
  8
0
 10
933.373089
 20
330.594941
 42
0.095773
  0
VERTEX
  8
0
 10
934.043062
 20
331.012530
 42
0.121849
  0
VERTEX
  8
0
 10
934.440944
 20
331.619882
 42
0.098957
  0
VERTEX
  8
0
 10
934.557312
 20
332.444551
 42
0.047239
  0
VERTEX
  8
0
 10
934.395037
 20
333.507492
 42
-0.051819
  0
VERTEX
  8
0
 10
934.252654
 20
334.500895
 42
-0.068859
  0
VERTEX
  8
0
 10
934.342461
 20
335.407968
 42
-0.079993
  0
VERTEX
  8
0
 10
934.651517
 20
336.147532
 42
-0.112920
  0
VERTEX
  8
0
 10
935.152153
 20
336.653233
 42
0.085871
  0
VERTEX
  8
0
 10
936.395594
 20
337.781480
 42
0.034651
  0
VERTEX
  8
0
 10
937.681382
 20
339.688057
 42
0.034420
  0
VERTEX
  8
0
 10
938.682036
 20
341.732119
 42
0.096910
  0
VERTEX
  8
0
 10
938.986274
 20
343.287067
 42
-0.086357
  0
VERTEX
  8
0
 10
939.277702
 20
344.961837
 42
-0.026697
  0
VERTEX
  8
0
 10
940.273239
 20
347.330004
 42
-0.020201
  0
VERTEX
  8
0
 10
941.457937
 20
349.541853
 42
-0.262883
  0
VERTEX
  8
0
 10
942.236274
 20
349.992198
 42
0.189974
  0
VERTEX
  8
0
 10
942.522729
 20
350.108568
 42
0.087188
  0
VERTEX
  8
0
 10
942.765961
 20
350.438333
 42
0.067540
  0
VERTEX
  8
0
 10
942.930990
 20
350.925372
 42
0.047993
  0
VERTEX
  8
0
 10
942.986274
 20
351.500000
 42
0.251400
  0
VERTEX
  8
0
 10
942.467420
 20
352.466710
 42
0.119300
  0
VERTEX
  8
0
 10
941.098790
 20
352.963408
 42
0.105189
  0
VERTEX
  8
0
 10
939.519406
 20
352.806615
 42
0.179043
  0
SEQEND
  0
POLYLINE
  8
0
 66
1
 70
1
  0
VERTEX
  8
0
 10
608.962417
 20
306.636501
 42
-0.036051
  0
VERTEX
  8
0
 10
608.711147
 20
303.489568
 42
-0.021932
  0
VERTEX
  8
0
 10
607.985606
 20
299.827798
 42
-0.011810
  0
VERTEX
  8
0
 10
606.531495
 20
294.428712
 42
-0.002149
  0
VERTEX
  8
0
 10
603.557825
 20
284.500000
 42
-0.002956
  0
VERTEX
  8
0
 10
597.664942
 20
265.531239
 42
-0.007873
  0
VERTEX
  8
0
 10
593.166925
 20
252.087256
 42
-0.006076
  0
VERTEX
  8
0
 10
589.586541
 20
242.302001
 42
-0.124885
  0
VERTEX
  8
0
 10
587.798279
 20
239.751011
 42
-0.068804
  0
VERTEX
  8
0
 10
586.491630
 20
238.906987
 42
-0.010790
  0
VERTEX
  8
0
 10
583.678820
 20
237.669209
 42
-0.011820
  0
VERTEX
  8
0
 10
580.275183
 20
236.351677
 42
-0.010066
  0
VERTEX
  8
0
 10
576.626738
 20
235.120053
 42
0.007993
  0
VERTEX
  8
0
 10
571.944920
 20
233.561184
 42
0.002552
  0
VERTEX
  8
0
 10
565.030660
 20
231.095847
 42
0.002546
  0
VERTEX
  8
0
 10
557.356600
 20
228.271089
 42
0.002839
  0
VERTEX
  8
0
 10
549.986274
 20
225.467646
 42
-0.000920
  0
VERTEX
  8
0
 10
530.063106
 20
217.801846
 42
-0.000643
  0
VERTEX
  8
0
 10
507.578350
 20
209.231052
 42
-0.000634
  0
VERTEX
  8
0
 10
486.545748
 20
201.275268
 42
-0.001844
  0
VERTEX
  8
0
 10
471.986274
 20
195.850325
 42
0.000818
  0
VERTEX
  8
0
 10
465.705027
 20
193.524555
 42
0.000429
  0
VERTEX
  8
0
 10
457.898774
 20
190.611944
 42
0.000427
  0
VERTEX
  8
0
 10
449.903194
 20
187.613084
 42
0.000656
  0
VERTEX
  8
0
 10
442.986274
 20
185.001687
 42
-0.005113
  0
VERTEX
  8
0
 10
408.152319
 20
172.204142
 42
-0.002899
  0
VERTEX
  8
0
 10
365.731939
 20
157.386519
 42
-0.002340
  0
VERTEX
  8
0
 10
325.689053
 20
143.868470
 42
-0.016615
  0
VERTEX
  8
0
 10
306.035478
 20
138.053445
 42
-0.019677
  0
VERTEX
  8
0
 10
292.303519
 20
135.053390
 42
-0.110498
  0
VERTEX
  8
0
 10
284.841314
 20
135.384635
 42
-0.206325
  0
VERTEX
  8
0
 10
280.639263
 20
138.723345
 42
-0.096177
  0
VERTEX
  8
0
 10
278.537896
 20
145.500000
 42
-0.037029
  0
VERTEX
  8
0
 10
278.398721
 20
149.486462
 42
-0.030259
  0
VERTEX
  8
0
 10
278.823235
 20
153.733420
 42
-0.017485
  0
VERTEX
  8
0
 10
279.991557
 20
159.645834
 42
-0.003579
  0
VERTEX
  8
0
 10
282.494851
 20
170.000000
 42
-0.002209
  0
VERTEX
  8
0
 10
286.441021
 20
185.532834
 42
-0.008093
  0
VERTEX
  8
0
 10
289.142944
 20
195.318716
 42
-0.012635
  0
VERTEX
  8
0
 10
291.364062
 20
202.232454
 42
-0.022569
  0
VERTEX
  8
0
 10
293.585323
 20
207.773723
 42
-0.047108
  0
VERTEX
  8
0
 10
295.876035
 20
211.769693
 42
-0.131767
  0
VERTEX
  8
0
 10
298.337098
 20
213.817930
 42
-0.113538
  0
VERTEX
  8
0
 10
301.728327
 20
214.526475
 42
-0.030377
  0
VERTEX
  8
0
 10
307.257185
 20
214.078367
 42
0.027366
  0
VERTEX
  8
0
 10
311.044487
 20
213.748458
 42
0.027397
  0
VERTEX
  8
0
 10
314.843740
 20
213.834366
 42
0.019503
  0
VERTEX
  8
0
 10
319.584193
 20
214.388604
 42
0.006136
  0
VERTEX
  8
0
 10
326.624248
 20
215.580131
 42
0.017069
  0
VERTEX
  8
0
 10
336.156125
 20
217.652342
 42
0.014022
  0
VERTEX
  8
0
 10
346.177963
 20
220.493454
 42
0.008708
  0
VERTEX
  8
0
 10
359.676530
 20
224.992250
 42
0.002071
  0
VERTEX
  8
0
 10
381.986274
 20
232.965968
 42
-0.001436
  0
VERTEX
  8
0
 10
386.262868
 20
234.500598
 42
-0.001562
  0
VERTEX
  8
0
 10
390.430024
 20
235.967817
 42
-0.001465
  0
VERTEX
  8
0
 10
394.006919
 20
237.202928
 42
-0.007677
  0
VERTEX
  8
0
 10
395.986274
 20
237.846150
 42
0.003626
  0
VERTEX
  8
0
 10
404.062172
 20
240.398371
 42
0.006320
  0
VERTEX
  8
0
 10
410.715200
 20
242.647413
 42
0.007054
  0
VERTEX
  8
0
 10
415.903294
 20
244.557316
 42
0.028273
  0
VERTEX
  8
0
 10
418.986274
 20
245.946588
 42
-0.035606
  0
VERTEX
  8
0
 10
423.615839
 20
247.951718
 42
-0.001920
  0
VERTEX
  8
0
 10
438.702562
 20
253.181772
 42
-0.000978
  0
VERTEX
  8
0
 10
454.582550
 20
258.583939
 42
-0.081668
  0
VERTEX
  8
0
 10
457.112819
 20
259.000000
 42
0.071914
  0
VERTEX
  8
0
 10
457.713473
 20
259.086840
 42
0.012838
  0
VERTEX
  8
0
 10
458.794996
 20
259.436668
 42
0.013638
  0
VERTEX
  8
0
 10
460.050175
 20
259.917430
 42
0.011933
  0
VERTEX
  8
0
 10
461.335145
 20
260.486529
 42
-0.020795
  0
VERTEX
  8
0
 10
465.919334
 20
262.420404
 42
-0.002190
  0
VERTEX
  8
0
 10
476.830523
 20
266.443452
 42
-0.000732
  0
VERTEX
  8
0
 10
488.646296
 20
270.721765
 42
-0.086700
  0
VERTEX
  8
0
 10
490.238814
 20
271.000000
 42
0.088496
  0
VERTEX
  8
0
 10
490.801493
 20
271.100376
 42
0.005588
  0
VERTEX
  8
0
 10
492.378174
 20
271.701489
 42
0.008081
  0
VERTEX
  8
0
 10
494.247440
 20
272.473312
 42
0.005910
  0
VERTEX
  8
0
 10
496.298199
 20
273.388048
 42
-0.017326
  0
VERTEX
  8
0
 10
499.062006
 20
274.545940
 42
-0.005013
  0
VERTEX
  8
0
 10
503.404985
 20
276.141389
 42
-0.005035
  0
VERTEX
  8
0
 10
508.338630
 20
277.842116
 42
-0.005352
  0
VERTEX
  8
0
 10
513.206131
 20
279.407696
 42
0.005506
  0
VERTEX
  8
0
 10
518.544751
 20
281.126616
 42
0.003162
  0
VERTEX
  8
0
 10
524.943697
 20
283.310072
 42
0.003159
  0
VERTEX
  8
0
 10
531.346770
 20
285.585703
 42
0.005263
  0
VERTEX
  8
0
 10
536.706131
 20
287.592687
 42
-0.002464
  0
VERTEX
  8
0
 10
541.656271
 20
289.478084
 42
-0.002235
  0
VERTEX
  8
0
 10
546.788357
 20
291.377748
 42
-0.002236
  0
VERTEX
  8
0
 10
551.396494
 20
293.036772
 42
-0.007177
  0
VERTEX
  8
0
 10
554.486274
 20
294.083878
 42
0.003570
  0
VERTEX
  8
0
 10
556.930032
 20
294.892442
 42
0.003801
  0
VERTEX
  8
0
 10
559.311274
 20
295.719461
 42
0.003618
  0
VERTEX
  8
0
 10
561.349156
 20
296.461293
 42
0.017561
  0
VERTEX
  8
0
 10
562.486274
 20
296.930657
 42
-0.023116
  0
VERTEX
  8
0
 10
572.782080
 20
301.047206
 42
-0.009472
  0
VERTEX
  8
0
 10
587.096150
 20
305.714470
 42
-0.005426
  0
VERTEX
  8
0
 10
601.416563
 20
309.916184
 42
-0.105457
  0
VERTEX
  8
0
 10
605.997568
 20
310.211650
 42
-0.035665
  0
VERTEX
  8
0
 10
607.630067
 20
309.851682
 42
-0.148609
  0
VERTEX
  8
0
 10
608.461417
 20
309.302974
 42
-0.143500
  0
VERTEX
  8
0
 10
608.862798
 20
308.372604
 42
-0.032474
  0
SEQEND
  0
POLYLINE
  8
0
 66
1
 70
1
  0
VERTEX
  8
0
 10
913.096965
 20
309.250000
 42
-0.014093
  0
VERTEX
  8
0
 10
913.126584
 20
308.403695
 42
-0.006149
  0
VERTEX
  8
0
 10
913.120405
 20
307.279688
 42
-0.006080
  0
VERTEX
  8
0
 10
913.084614
 20
306.085196
 42
-0.008070
  0
VERTEX
  8
0
 10
913.021324
 20
305.000000
 42
-0.053197
  0
VERTEX
  8
0
 10
912.041412
 20
299.635952
 42
-0.001554
  0
VERTEX
  8
0
 10
905.440812
 20
277.524243
 42
-0.001838
  0
VERTEX
  8
0
 10
898.779451
 20
255.748968
 42
-0.042864
  0
VERTEX
  8
0
 10
896.345470
 20
249.763498
 42
-0.045463
  0
VERTEX
  8
0
 10
894.115898
 20
246.229020
 42
-0.033917
  0
VERTEX
  8
0
 10
891.070223
 20
242.766503
 42
-0.033833
  0
VERTEX
  8
0
 10
887.573195
 20
239.736848
 42
-0.044341
  0
VERTEX
  8
0
 10
883.988249
 20
237.501001
 42
-0.021631
  0
VERTEX
  8
0
 10
878.263190
 20
234.904635
 42
-0.002038
  0
VERTEX
  8
0
 10
863.923791
 20
229.203279
 42
-0.002489
  0
VERTEX
  8
0
 10
846.124637
 20
222.312278
 42
-0.001616
  0
VERTEX
  8
0
 10
825.486274
 20
214.516290
 42
0.001065
  0
VERTEX
  8
0
 10
813.676017
 20
210.069918
 42
0.001182
  0
VERTEX
  8
0
 10
802.289027
 20
205.724354
 42
0.001074
  0
VERTEX
  8
0
 10
790.024176
 20
200.980268
 42
0.000645
  0
VERTEX
  8
0
 10
775.486274
 20
195.299432
 42
-0.006148
  0
VERTEX
  8
0
 10
753.164027
 20
186.858745
 42
-0.001781
  0
VERTEX
  8
0
 10
718.514214
 20
174.380932
 42
-0.001868
  0
VERTEX
  8
0
 10
682.375443
 20
161.664072
 42
-0.003668
  0
VERTEX
  8
0
 10
653.510990
 20
151.864764
 42
-0.002038
  0
VERTEX
  8
0
 10
628.024299
 20
143.535351
 42
-0.008918
  0
VERTEX
  8
0
 10
612.851793
 20
138.942183
 42
-0.014838
  0
VERTEX
  8
0
 10
602.577115
 20
136.357458
 42
-0.037977
  0
VERTEX
  8
0
 10
594.986274
 20
135.281106
 42
-0.007869
  0
VERTEX
  8
0
 10
590.423104
 20
135.056405
 42
-0.058556
  0
VERTEX
  8
0
 10
588.262301
 20
135.237280
 42
-0.104640
  0
VERTEX
  8
0
 10
586.758219
 20
135.889235
 42
-0.050961
  0
VERTEX
  8
0
 10
585.176617
 20
137.274640
 42
-0.113803
  0
VERTEX
  8
0
 10
583.213693
 20
140.679518
 42
-0.058571
  0
VERTEX
  8
0
 10
582.331197
 20
145.547890
 42
-0.045122
  0
VERTEX
  8
0
 10
582.505800
 20
151.811442
 42
-0.023719
  0
VERTEX
  8
0
 10
583.789857
 20
159.500000
 42
-0.010750
  0
VERTEX
  8
0
 10
587.782033
 20
176.217672
 42
-0.009224
  0
VERTEX
  8
0
 10
592.682700
 20
193.629636
 42
-0.005059
  0
VERTEX
  8
0
 10
597.618412
 20
209.421851
 42
-0.115991
  0
VERTEX
  8
0
 10
600.053382
 20
213.447492
 42
-0.179668
  0
VERTEX
  8
0
 10
600.843730
 20
213.819876
 42
-0.006175
  0
VERTEX
  8
0
 10
604.307868
 20
214.071192
 42
-0.010875
  0
VERTEX
  8
0
 10
608.471431
 20
214.230825
 42
-0.007301
  0
VERTEX
  8
0
 10
613.233765
 20
214.240209
 42
0.019661
  0
VERTEX
  8
0
 10
622.841962
 20
214.496665
 42
0.025575
  0
VERTEX
  8
0
 10
631.583231
 20
215.525336
 42
0.024979
  0
VERTEX
  8
0
 10
640.335546
 20
217.466240
 42
0.017447
  0
VERTEX
  8
0
 10
649.986274
 20
220.483998
 42
-0.001881
  0
VERTEX
  8
0
 10
653.839551
 20
221.821922
 42
-0.000612
  0
VERTEX
  8
0
 10
659.542524
 20
223.770291
 42
-0.000610
  0
VERTEX
  8
0
 10
665.884852
 20
225.919810
 42
-0.000686
  0
VERTEX
  8
0
 10
671.986274
 20
227.970066
 42
0.001048
  0
VERTEX
  8
0
 10
677.977680
 20
229.988183
 42
0.001033
  0
VERTEX
  8
0
 10
683.989399
 20
232.041048
 42
0.001014
  0
VERTEX
  8
0
 10
689.248727
 20
233.861074
 42
0.003967
  0
VERTEX
  8
0
 10
692.486274
 20
235.017692
 42
-0.001705
  0
VERTEX
  8
0
 10
704.253815
 20
239.281789
 42
-0.001408
  0
VERTEX
  8
0
 10
716.827064
 20
243.749492
 42
-0.001430
  0
VERTEX
  8
0
 10
728.448964
 20
247.805020
 42
-0.003550
  0
VERTEX
  8
0
 10
736.986274
 20
250.689104
 42
0.004074
  0
VERTEX
  8
0
 10
741.409569
 20
252.188551
 42
0.003547
  0
VERTEX
  8
0
 10
746.017524
 20
253.829313
 42
0.003569
  0
VERTEX
  8
0
 10
750.165057
 20
255.372989
 42
0.010515
  0
VERTEX
  8
0
 10
752.986274
 20
256.514478
 42
-0.012117
  0
VERTEX
  8
0
 10
758.480216
 20
258.716915
 42
-0.004540
  0
VERTEX
  8
0
 10
766.282807
 20
261.547016
 42
-0.004309
  0
VERTEX
  8
0
 10
775.230631
 20
264.614441
 42
-0.003958
  0
VERTEX
  8
0
 10
784.486274
 20
267.617327
 42
0.007421
  0
VERTEX
  8
0
 10
787.915328
 20
268.756155
 42
0.005799
  0
VERTEX
  8
0
 10
791.605024
 20
270.090845
 42
0.005867
  0
VERTEX
  8
0
 10
795.012022
 20
271.413946
 42
0.014224
  0
VERTEX
  8
0
 10
797.486274
 20
272.491100
 42
-0.012751
  0
VERTEX
  8
0
 10
799.728465
 20
273.475095
 42
-0.008535
  0
VERTEX
  8
0
 10
802.339399
 20
274.490715
 42
-0.008598
  0
VERTEX
  8
0
 10
804.904679
 20
275.388670
 42
-0.016715
  0
VERTEX
  8
0
 10
806.986274
 20
276.000990
 42
0.014829
  0
VERTEX
  8
0
 10
808.865990
 20
276.546231
 42
0.013053
  0
VERTEX
  8
0
 10
810.792695
 20
277.223615
 42
0.013229
  0
VERTEX
  8
0
 10
812.498592
 20
277.926110
 42
0.038069
  0
VERTEX
  8
0
 10
813.625154
 20
278.531643
 42
-0.050225
  0
VERTEX
  8
0
 10
814.968754
 20
279.212346
 42
-0.007178
  0
VERTEX
  8
0
 10
817.867115
 20
280.284186
 42
-0.008100
  0
VERTEX
  8
0
 10
821.345497
 20
281.451017
 42
-0.006833
  0
VERTEX
  8
0
 10
825.062338
 20
282.575537
 42
0.008139
  0
VERTEX
  8
0
 10
829.605094
 20
283.962901
 42
0.003286
  0
VERTEX
  8
0
 10
835.760217
 20
285.997548
 42
0.003250
  0
VERTEX
  8
0
 10
842.358411
 20
288.274750
 42
0.004118
  0
VERTEX
  8
0
 10
848.423457
 20
290.468486
 42
-0.003388
  0
VERTEX
  8
0
 10
854.149036
 20
292.548887
 42
-0.003727
  0
VERTEX
  8
0
 10
859.723735
 20
294.485119
 42
-0.003477
  0
VERTEX
  8
0
 10
864.510600
 20
296.070810
 42
-0.018818
  0
VERTEX
  8
0
 10
867.144703
 20
296.814864
 42
0.017078
  0
VERTEX
  8
0
 10
869.310665
 20
297.418556
 42
0.008577
  0
VERTEX
  8
0
 10
872.003805
 20
298.320387
 42
0.008506
  0
VERTEX
  8
0
 10
874.759912
 20
299.349280
 42
0.012462
  0
VERTEX
  8
0
 10
877.144703
 20
300.355380
 42
-0.010378
  0
VERTEX
  8
0
 10
879.655957
 20
301.427187
 42
-0.005414
  0
VERTEX
  8
0
 10
882.826562
 20
302.663568
 42
-0.005381
  0
VERTEX
  8
0
 10
886.108588
 20
303.862436
 42
-0.008191
  0
VERTEX
  8
0
 10
888.986274
 20
304.825921
 42
-0.002619
  0
VERTEX
  8
0
 10
903.288742
 20
309.273128
 42
-0.028696
  0
VERTEX
  8
0
 10
909.132289
 20
310.696013
 42
-0.105082
  0
VERTEX
  8
0
 10
911.949190
 20
310.617334
 42
-0.328703
  0
SEQEND
  0
POLYLINE
  8
0
 66
1
 70
1
  0
VERTEX
  8
0
 10
331.986274
 20
259.500000
 42
0.099038
  0
VERTEX
  8
0
 10
332.100787
 20
258.927543
 42
0.097945
  0
VERTEX
  8
0
 10
332.426899
 20
258.440625
 42
0.097945
  0
VERTEX
  8
0
 10
332.913816
 20
258.114514
 42
0.099038
  0
VERTEX
  8
0
 10
333.486274
 20
258.000000
 42
0.099038
  0
VERTEX
  8
0
 10
334.058731
 20
258.114514
 42
0.097945
  0
VERTEX
  8
0
 10
334.545649
 20
258.440625
 42
0.097945
  0
VERTEX
  8
0
 10
334.871760
 20
258.927543
 42
0.099038
  0
VERTEX
  8
0
 10
334.986274
 20
259.500000
 42
0.099038
  0
VERTEX
  8
0
 10
334.871760
 20
260.072457
 42
0.097945
  0
VERTEX
  8
0
 10
334.545649
 20
260.559375
 42
0.097945
  0
VERTEX
  8
0
 10
334.058731
 20
260.885486
 42
0.099038
  0
VERTEX
  8
0
 10
333.486274
 20
261.000000
 42
0.099038
  0
VERTEX
  8
0
 10
332.913816
 20
260.885486
 42
0.097945
  0
VERTEX
  8
0
 10
332.426899
 20
260.559375
 42
0.097945
  0
VERTEX
  8
0
 10
332.100787
 20
260.072457
 42
0.099038
  0
SEQEND
  0
POLYLINE
  8
0
 66
1
 70
1
  0
VERTEX
  8
0
 10
298.986274
 20
256.000000
 42
0.099038
  0
VERTEX
  8
0
 10
299.062616
 20
255.618362
 42
0.097945
  0
VERTEX
  8
0
 10
299.280024
 20
255.293750
 42
0.097945
  0
VERTEX
  8
0
 10
299.604636
 20
255.076342
 42
0.099038
  0
VERTEX
  8
0
 10
299.986274
 20
255.000000
 42
0.099038
  0
VERTEX
  8
0
 10
300.367912
 20
255.076342
 42
0.097945
  0
VERTEX
  8
0
 10
300.692524
 20
255.293750
 42
0.097945
  0
VERTEX
  8
0
 10
300.909931
 20
255.618362
 42
0.099038
  0
VERTEX
  8
0
 10
300.986274
 20
256.000000
 42
0.099038
  0
VERTEX
  8
0
 10
300.909931
 20
256.381638
 42
0.097945
  0
VERTEX
  8
0
 10
300.692524
 20
256.706250
 42
0.097945
  0
VERTEX
  8
0
 10
300.367912
 20
256.923658
 42
0.099038
  0
VERTEX
  8
0
 10
299.986274
 20
257.000000
 42
0.099038
  0
VERTEX
  8
0
 10
299.604636
 20
256.923658
 42
0.097945
  0
VERTEX
  8
0
 10
299.280024
 20
256.706250
 42
0.097945
  0
VERTEX
  8
0
 10
299.062616
 20
256.381638
 42
0.099038
  0
SEQEND
  0
POLYLINE
  8
0
 66
1
 70
1
  0
VERTEX
  8
0
 10
329.486274
 20
252.000000
 42
0.139169
  0
VERTEX
  8
0
 10
329.378331
 20
251.620352
 42
0.191142
  0
VERTEX
  8
0
 10
329.507748
 20
251.293750
 42
0.138808
  0
VERTEX
  8
0
 10
329.875619
 20
251.073267
 42
0.066118
  0
VERTEX
  8
0
 10
330.427257
 20
251.000000
 42
0.062283
  0
VERTEX
  8
0
 10
331.023370
 20
251.074545
 42
0.080552
  0
VERTEX
  8
0
 10
331.528312
 20
251.293750
 42
0.097988
  0
VERTEX
  8
0
 10
331.866256
 20
251.618621
 42
0.153634
  0
VERTEX
  8
0
 10
331.986274
 20
252.000000
 42
0.092995
  0
VERTEX
  8
0
 10
331.914656
 20
252.381732
 42
0.096318
  0
VERTEX
  8
0
 10
331.709860
 20
252.706250
 42
0.099231
  0
VERTEX
  8
0
 10
331.404324
 20
252.923444
 42
0.105429
  0
VERTEX
  8
0
 10
331.045291
 20
253.000000
 42
0.089642
  0
VERTEX
  8
0
 10
330.639716
 20
252.926698
 42
0.053229
  0
VERTEX
  8
0
 10
330.199174
 20
252.706250
 42
0.051032
  0
VERTEX
  8
0
 10
329.792477
 20
252.382515
 42
0.060810
  0
SEQEND
  0
POLYLINE
  8
0
 66
1
 70
1
  0
VERTEX
  8
0
 10
295.986274
 20
249.500000
 42
0.099038
  0
VERTEX
  8
0
 10
296.100787
 20
248.927543
 42
0.097945
  0
VERTEX
  8
0
 10
296.426899
 20
248.440625
 42
0.097945
  0
VERTEX
  8
0
 10
296.913816
 20
248.114514
 42
0.099038
  0
VERTEX
  8
0
 10
297.486274
 20
248.000000
 42
0.099038
  0
VERTEX
  8
0
 10
298.058731
 20
248.114514
 42
0.097945
  0
VERTEX
  8
0
 10
298.545649
 20
248.440625
 42
0.097945
  0
VERTEX
  8
0
 10
298.871760
 20
248.927543
 42
0.099038
  0
VERTEX
  8
0
 10
298.986274
 20
249.500000
 42
0.099038
  0
VERTEX
  8
0
 10
298.871760
 20
250.072457
 42
0.097945
  0
VERTEX
  8
0
 10
298.545649
 20
250.559375
 42
0.097945
  0
VERTEX
  8
0
 10
298.058731
 20
250.885486
 42
0.099038
  0
VERTEX
  8
0
 10
297.486274
 20
251.000000
 42
0.099038
  0
VERTEX
  8
0
 10
296.913816
 20
250.885486
 42
0.097945
  0
VERTEX
  8
0
 10
296.426899
 20
250.559375
 42
0.097945
  0
VERTEX
  8
0
 10
296.100787
 20
250.072457
 42
0.099038
  0
SEQEND
  0
POLYLINE
  8
0
 66
1
 70
1
  0
VERTEX
  8
0
 10
490.486274
 20
140.000000
 42
-0.131736
  0
VERTEX
  8
0
 10
490.077793
 20
139.615428
 42
-0.045117
  0
VERTEX
  8
0
 10
489.323529
 20
139.293750
 42
-0.041106
  0
VERTEX
  8
0
 10
488.387564
 20
139.073827
 42
-0.037171
  0
VERTEX
  8
0
 10
487.395872
 20
139.000000
 42
0.056020
  0
VERTEX
  8
0
 10
486.407755
 20
138.888942
 42
0.058054
  0
VERTEX
  8
0
 10
485.481481
 20
138.561465
 42
0.064464
  0
VERTEX
  8
0
 10
484.751684
 20
138.078560
 42
0.123391
  0
VERTEX
  8
0
 10
484.350630
 20
137.507115
 42
-0.108134
  0
VERTEX
  8
0
 10
483.953792
 20
136.903834
 42
-0.114938
  0
VERTEX
  8
0
 10
483.349140
 20
136.537552
 42
-0.092181
  0
VERTEX
  8
0
 10
482.532763
 20
136.429210
 42
-0.048539
  0
VERTEX
  8
0
 10
481.517551
 20
136.581506
 42
0.049664
  0
VERTEX
  8
0
 10
480.461284
 20
136.737536
 42
0.104181
  0
VERTEX
  8
0
 10
479.645646
 20
136.605738
 42
0.123285
  0
VERTEX
  8
0
 10
479.039689
 20
136.179378
 42
0.086693
  0
VERTEX
  8
0
 10
478.609658
 20
135.460937
 42
-0.086039
  0
VERTEX
  8
0
 10
478.204620
 20
134.782254
 42
-0.109335
  0
VERTEX
  8
0
 10
477.622381
 20
134.345782
 42
-0.102553
  0
VERTEX
  8
0
 10
476.879951
 20
134.178921
 42
-0.068221
  0
VERTEX
  8
0
 10
476.010890
 20
134.283312
 42
0.076898
  0
VERTEX
  8
0
 10
475.174175
 20
134.369194
 42
0.060546
  0
VERTEX
  8
0
 10
474.275471
 20
134.212932
 42
0.061374
  0
VERTEX
  8
0
 10
473.453396
 20
133.850054
 42
0.085151
  0
VERTEX
  8
0
 10
472.842898
 20
133.327243
 42
-0.078549
  0
VERTEX
  8
0
 10
472.244767
 20
132.801268
 42
-0.060767
  0
VERTEX
  8
0
 10
471.459672
 20
132.428649
 42
-0.061255
  0
VERTEX
  8
0
 10
470.615334
 20
132.258026
 42
-0.083396
  0
VERTEX
  8
0
 10
469.842898
 20
132.327243
 42
0.083396
  0
VERTEX
  8
0
 10
469.070462
 20
132.396460
 42
0.061255
  0
VERTEX
  8
0
 10
468.226124
 20
132.225837
 42
0.060767
  0
VERTEX
  8
0
 10
467.441028
 20
131.853217
 42
0.078549
  0
VERTEX
  8
0
 10
466.842898
 20
131.327243
 42
-0.078549
  0
VERTEX
  8
0
 10
466.244767
 20
130.801268
 42
-0.060767
  0
VERTEX
  8
0
 10
465.459672
 20
130.428649
 42
-0.061255
  0
VERTEX
  8
0
 10
464.615334
 20
130.258026
 42
-0.083396
  0
VERTEX
  8
0
 10
463.842898
 20
130.327243
 42
0.079841
  0
VERTEX
  8
0
 10
463.074732
 20
130.401551
 42
0.060920
  0
VERTEX
  8
0
 10
462.243073
 20
130.246259
 42
0.061144
  0
VERTEX
  8
0
 10
461.476605
 20
129.896201
 42
0.082061
  0
VERTEX
  8
0
 10
460.900597
 20
129.396765
 42
-0.079997
  0
VERTEX
  8
0
 10
460.288373
 20
128.861515
 42
-0.044242
  0
VERTEX
  8
0
 10
459.400832
 20
128.410300
 42
-0.042695
  0
VERTEX
  8
0
 10
458.395629
 20
128.103126
 42
-0.052858
  0
VERTEX
  8
0
 10
457.422846
 20
128.000000
 42
0.042855
  0
VERTEX
  8
0
 10
456.486087
 20
127.919563
 42
0.044371
  0
VERTEX
  8
0
 10
455.588015
 20
127.680659
 42
0.048511
  0
VERTEX
  8
0
 10
454.854393
 20
127.330227
 42
0.119222
  0
VERTEX
  8
0
 10
454.432432
 20
126.912882
 42
-0.125957
  0
VERTEX
  8
0
 10
454.038035
 20
126.533020
 42
-0.070436
  0
VERTEX
  8
0
 10
453.414372
 20
126.287246
 42
-0.063034
  0
VERTEX
  8
0
 10
452.667786
 20
126.205654
 42
-0.059753
  0
VERTEX
  8
0
 10
451.910182
 20
126.309647
 42
0.077208
  0
VERTEX
  8
0
 10
451.116276
 20
126.390642
 42
0.060590
  0
VERTEX
  8
0
 10
450.262838
 20
126.241090
 42
0.061354
  0
VERTEX
  8
0
 10
449.481547
 20
125.894941
 42
0.084818
  0
VERTEX
  8
0
 10
448.900597
 20
125.396765
 42
-0.079997
  0
VERTEX
  8
0
 10
448.288373
 20
124.861515
 42
-0.044242
  0
VERTEX
  8
0
 10
447.400832
 20
124.410300
 42
-0.042695
  0
VERTEX
  8
0
 10
446.395629
 20
124.103126
 42
-0.052858
  0
VERTEX
  8
0
 10
445.422846
 20
124.000000
 42
0.042625
  0
VERTEX
  8
0
 10
444.486364
 20
123.920020
 42
0.044251
  0
VERTEX
  8
0
 10
443.589121
 20
123.682448
 42
0.048396
  0
VERTEX
  8
0
 10
442.856598
 20
123.334004
 42
0.119693
  0
VERTEX
  8
0
 10
442.436196
 20
122.918973
 42
-0.148288
  0
VERTEX
  8
0
 10
442.013967
 20
122.546558
 42
-0.064688
  0
VERTEX
  8
0
 10
441.292640
 20
122.324084
 42
-0.055947
  0
VERTEX
  8
0
 10
440.405690
 20
122.272412
 42
-0.048117
  0
VERTEX
  8
0
 10
439.481438
 20
122.411858
 42
0.047805
  0
VERTEX
  8
0
 10
438.426705
 20
122.571661
 42
0.098807
  0
VERTEX
  8
0
 10
437.604862
 20
122.454048
 42
0.121213
  0
VERTEX
  8
0
 10
436.998392
 20
122.056389
 42
0.095986
  0
VERTEX
  8
0
 10
436.582103
 20
121.389131
 42
-0.086975
  0
VERTEX
  8
0
 10
436.241298
 20
120.820480
 42
-0.094267
  0
VERTEX
  8
0
 10
435.735554
 20
120.420309
 42
-0.100188
  0
VERTEX
  8
0
 10
435.145051
 20
120.249424
 42
-0.112570
  0
VERTEX
  8
0
 10
434.560603
 20
120.333104
 42
0.109252
  0
VERTEX
  8
0
 10
433.977522
 20
120.420492
 42
0.099804
  0
VERTEX
  8
0
 10
433.390875
 20
120.259507
 42
0.095246
  0
VERTEX
  8
0
 10
432.891039
 20
119.874225
 42
0.089684
  0
VERTEX
  8
0
 10
432.556881
 20
119.323404
 42
-0.099729
  0
VERTEX
  8
0
 10
432.175236
 20
118.721657
 42
-0.105124
  0
VERTEX
  8
0
 10
431.596671
 20
118.328120
 42
-0.094728
  0
VERTEX
  8
0
 10
430.856475
 20
118.178893
 42
-0.066554
  0
VERTEX
  8
0
 10
430.010890
 20
118.283312
 42
0.073091
  0
VERTEX
  8
0
 10
429.179064
 20
118.375062
 42
0.059923
  0
VERTEX
  8
0
 10
428.294777
 20
118.236194
 42
0.061546
  0
VERTEX
  8
0
 10
427.493837
 20
117.899063
 42
0.089419
  0
VERTEX
  8
0
 10
426.908619
 20
117.406432
 42
-0.093408
  0
VERTEX
  8
0
 10
426.298863
 20
116.901334
 42
-0.064696
  0
VERTEX
  8
0
 10
425.463941
 20
116.571425
 42
-0.060910
  0
VERTEX
  8
0
 10
424.517183
 20
116.452051
 42
-0.062496
  0
VERTEX
  8
0
 10
423.578100
 20
116.566309
 42
0.157333
  0
VERTEX
  8
0
 10
421.685387
 20
116.440824
 42
0.086024
  0
VERTEX
  8
0
 10
419.682606
 20
115.213092
 42
0.097276
  0
VERTEX
  8
0
 10
418.383978
 20
113.523479
 42
0.259321
  0
VERTEX
  8
0
 10
418.451694
 20
112.055950
 42
-0.135448
  0
VERTEX
  8
0
 10
418.584149
 20
111.602704
 42
-0.124175
  0
VERTEX
  8
0
 10
418.472183
 20
111.128838
 42
-0.105354
  0
VERTEX
  8
0
 10
418.123820
 20
110.705931
 42
-0.076501
  0
VERTEX
  8
0
 10
417.592746
 20
110.402484
 42
0.114981
  0
VERTEX
  8
0
 10
416.937061
 20
109.958353
 42
0.121520
  0
VERTEX
  8
0
 10
416.561507
 20
109.278391
 42
0.083810
  0
VERTEX
  8
0
 10
416.467020
 20
108.292391
 42
0.031436
  0
VERTEX
  8
0
 10
416.653868
 20
106.912028
 42
-0.043063
  0
VERTEX
  8
0
 10
416.799417
 20
105.609992
 42
-0.048363
  0
VERTEX
  8
0
 10
416.709526
 20
104.353149
 42
-0.052699
  0
VERTEX
  8
0
 10
416.398209
 20
103.242769
 42
-0.078680
  0
VERTEX
  8
0
 10
415.884577
 20
102.377463
 42
0.077112
  0
VERTEX
  8
0
 10
415.388167
 20
101.547076
 42
0.039051
  0
VERTEX
  8
0
 10
415.019300
 20
100.382819
 42
0.037606
  0
VERTEX
  8
0
 10
414.819748
 20
99.093746
 42
0.045761
  0
VERTEX
  8
0
 10
414.835688
 20
97.872613
 42
-0.038990
  0
VERTEX
  8
0
 10
414.869642
 20
96.595042
 42
-0.072596
  0
VERTEX
  8
0
 10
414.668017
 20
95.581184
 42
-0.094551
  0
VERTEX
  8
0
 10
414.240157
 20
94.850585
 42
-0.122117
  0
VERTEX
  8
0
 10
413.604979
 20
94.407178
 42
0.113327
  0
VERTEX
  8
0
 10
412.941683
 20
93.961045
 42
0.122436
  0
VERTEX
  8
0
 10
412.562292
 20
93.281745
 42
0.084559
  0
VERTEX
  8
0
 10
412.466440
 20
92.296418
 42
0.031424
  0
VERTEX
  8
0
 10
412.653868
 20
90.912028
 42
-0.043063
  0
VERTEX
  8
0
 10
412.799417
 20
89.609992
 42
-0.048363
  0
VERTEX
  8
0
 10
412.709526
 20
88.353149
 42
-0.052699
  0
VERTEX
  8
0
 10
412.398209
 20
87.242769
 42
-0.078680
  0
VERTEX
  8
0
 10
411.884577
 20
86.377463
 42
0.077112
  0
VERTEX
  8
0
 10
411.388167
 20
85.547076
 42
0.039051
  0
VERTEX
  8
0
 10
411.019300
 20
84.382819
 42
0.037606
  0
VERTEX
  8
0
 10
410.819748
 20
83.093746
 42
0.045761
  0
VERTEX
  8
0
 10
410.835688
 20
81.872613
 42
-0.038920
  0
VERTEX
  8
0
 10
410.870154
 20
80.582587
 42
-0.074654
  0
VERTEX
  8
0
 10
410.664831
 20
79.570325
 42
-0.097234
  0
VERTEX
  8
0
 10
410.225786
 20
78.842863
 42
-0.117415
  0
VERTEX
  8
0
 10
409.569004
 20
78.393373
 42
0.099536
  0
VERTEX
  8
0
 10
408.908300
 20
77.974690
 42
0.124086
  0
VERTEX
  8
0
 10
408.523122
 20
77.361195
 42
0.096953
  0
VERTEX
  8
0
 10
408.420854
 20
76.516116
 42
0.043285
  0
VERTEX
  8
0
 10
408.599458
 20
75.405059
 42
-0.043264
  0
VERTEX
  8
0
 10
408.777906
 20
74.295278
 42
-0.096604
  0
VERTEX
  8
0
 10
408.676294
 20
73.450122
 42
-0.123814
  0
VERTEX
  8
0
 10
408.292818
 20
72.836614
 42
-0.100177
  0
VERTEX
  8
0
 10
407.635434
 20
72.418864
 42
0.110864
  0
VERTEX
  8
0
 10
406.944028
 20
71.958696
 42
0.127806
  0
VERTEX
  8
0
 10
406.559298
 20
71.268468
 42
0.084962
  0
VERTEX
  8
0
 10
406.472741
 20
70.249642
 42
0.028166
  0
VERTEX
  8
0
 10
406.684378
 20
68.759479
 42
-0.034354
  0
VERTEX
  8
0
 10
406.882203
 20
67.231055
 42
-0.080638
  0
VERTEX
  8
0
 10
406.766583
 20
66.088966
 42
-0.098447
  0
VERTEX
  8
0
 10
406.320664
 20
65.184575
 42
-0.071392
  0
VERTEX
  8
0
 10
405.515567
 20
64.397761
 42
0.071516
  0
VERTEX
  8
0
 10
404.767789
 20
63.666603
 42
0.082408
  0
VERTEX
  8
0
 10
404.299298
 20
62.787004
 42
0.076574
  0
VERTEX
  8
0
 10
404.119014
 20
61.749851
 42
0.052082
  0
VERTEX
  8
0
 10
404.220668
 20
60.554178
 42
-0.051085
  0
VERTEX
  8
0
 10
404.315071
 20
59.469360
 42
-0.054697
  0
VERTEX
  8
0
 10
404.182858
 20
58.413439
 42
-0.060116
  0
VERTEX
  8
0
 10
403.849412
 20
57.511004
 42
-0.101357
  0
VERTEX
  8
0
 10
403.346388
 20
56.883905
 42
0.105977
  0
VERTEX
  8
0
 10
402.823491
 20
56.219681
 42
0.039757
  0
VERTEX
  8
0
 10
402.385807
 20
55.111873
 42
0.037173
  0
VERTEX
  8
0
 10
402.086709
 20
53.789760
 42
0.037060
  0
VERTEX
  8
0
 10
401.986274
 20
52.436572
 42
-0.027894
  0
VERTEX
  8
0
 10
401.912814
 20
51.120823
 42
-0.034318
  0
VERTEX
  8
0
 10
401.692524
 20
49.911307
 42
-0.036683
  0
VERTEX
  8
0
 10
401.372692
 20
48.952925
 42
-0.156712
  0
VERTEX
  8
0
 10
400.986274
 20
48.500000
 42
0.060810
  0
VERTEX
  8
0
 10
400.603759
 20
48.193797
 42
0.051032
  0
VERTEX
  8
0
 10
400.280024
 20
47.787100
 42
0.053229
  0
VERTEX
  8
0
 10
400.059576
 20
47.346558
 42
0.089642
  0
VERTEX
  8
0
 10
399.986274
 20
46.940983
 42
0.323944
  0
VERTEX
  8
0
 10
400.488730
 20
46.246838
 42
0.082890
  0
VERTEX
  8
0
 10
401.942514
 20
46.023717
 42
0.072259
  0
VERTEX
  8
0
 10
403.557483
 20
46.280002
 42
0.180827
  0
VERTEX
  8
0
 10
404.486274
 20
47.000000
 42
-0.111983
  0
VERTEX
  8
0
 10
404.863170
 20
47.383579
 42
-0.050144
  0
VERTEX
  8
0
 10
405.496910
 20
47.706250
 42
-0.046179
  0
VERTEX
  8
0
 10
406.265355
 20
47.925928
 42
-0.046572
  0
VERTEX
  8
0
 10
407.058860
 20
48.000000
 42
0.078710
  0
VERTEX
  8
0
 10
408.906564
 20
48.292678
 42
0.041263
  0
VERTEX
  8
0
 10
411.058743
 20
49.194173
 42
0.040814
  0
VERTEX
  8
0
 10
413.085047
 20
50.466639
 42
0.063913
  0
VERTEX
  8
0
 10
414.560711
 20
51.897459
 42
-0.094588
  0
VERTEX
  8
0
 10
415.203119
 20
52.448519
 42
-0.079038
  0
VERTEX
  8
0
 10
416.044618
 20
52.767804
 42
-0.067760
  0
VERTEX
  8
0
 10
417.060840
 20
52.838630
 42
-0.045074
  0
VERTEX
  8
0
 10
418.216260
 20
52.657125
 42
0.046202
  0
VERTEX
  8
0
 10
419.394406
 20
52.474767
 42
0.070412
  0
VERTEX
  8
0
 10
420.424548
 20
52.556696
 42
0.080338
  0
VERTEX
  8
0
 10
421.290727
 20
52.902948
 42
0.084564
  0
VERTEX
  8
0
 10
421.986274
 20
53.500000
 42
-0.084718
  0
VERTEX
  8
0
 10
422.644321
 20
54.064513
 42
-0.070759
  0
VERTEX
  8
0
 10
423.493840
 20
54.422408
 42
-0.066390
  0
VERTEX
  8
0
 10
424.461697
 20
54.543885
 42
-0.059615
  0
VERTEX
  8
0
 10
425.465161
 20
54.415943
 42
0.049877
  0
VERTEX
  8
0
 10
426.506461
 20
54.262576
 42
0.101556
  0
VERTEX
  8
0
 10
427.319777
 20
54.390374
 42
0.121363
  0
VERTEX
  8
0
 10
427.924253
 20
54.803758
 42
0.091006
  0
VERTEX
  8
0
 10
428.345813
 20
55.494560
 42
-0.085042
  0
VERTEX
  8
0
 10
428.743545
 20
56.164012
 42
-0.120603
  0
VERTEX
  8
0
 10
429.302986
 20
56.567633
 42
-0.110351
  0
VERTEX
  8
0
 10
430.024811
 20
56.687926
 42
-0.063248
  0
VERTEX
  8
0
 10
430.897191
 20
56.528274
 42
0.054054
  0
VERTEX
  8
0
 10
431.678372
 20
56.370466
 42
0.062260
  0
VERTEX
  8
0
 10
432.437808
 20
56.395562
 42
0.072139
  0
VERTEX
  8
0
 10
433.062633
 20
56.589817
 42
0.143924
  0
VERTEX
  8
0
 10
433.444595
 20
56.932563
 42
-0.129396
  0
VERTEX
  8
0
 10
434.868988
 20
58.286000
 42
-0.030895
  0
VERTEX
  8
0
 10
437.849062
 20
59.691611
 42
-0.030932
  0
VERTEX
  8
0
 10
440.980822
 20
60.719414
 42
-0.128461
  0
VERTEX
  8
0
 10
442.953161
 20
60.718910
 42
0.076594
  0
VERTEX
  8
0
 10
443.793125
 20
60.632182
 42
0.060502
  0
VERTEX
  8
0
 10
444.694580
 20
60.787721
 42
0.061393
  0
VERTEX
  8
0
 10
445.518530
 20
61.150104
 42
0.085480
  0
VERTEX
  8
0
 10
446.129650
 20
61.672757
 42
-0.079971
  0
VERTEX
  8
0
 10
446.730423
 20
62.198052
 42
-0.060935
  0
VERTEX
  8
0
 10
447.523383
 20
62.568603
 42
-0.061132
  0
VERTEX
  8
0
 10
448.379294
 20
62.736158
 42
-0.081929
  0
VERTEX
  8
0
 10
449.165421
 20
62.663403
 42
0.047238
  0
VERTEX
  8
0
 10
449.899824
 20
62.543851
 42
0.055712
  0
VERTEX
  8
0
 10
450.602999
 20
62.575051
 42
0.064744
  0
VERTEX
  8
0
 10
451.173522
 20
62.742176
 42
0.151891
  0
VERTEX
  8
0
 10
451.505158
 20
63.030556
 42
-0.128278
  0
VERTEX
  8
0
 10
452.804119
 20
64.270254
 42
-0.030716
  0
VERTEX
  8
0
 10
455.517885
 20
65.566069
 42
-0.030091
  0
VERTEX
  8
0
 10
458.354503
 20
66.518414
 42
-0.143747
  0
VERTEX
  8
0
 10
460.044305
 20
66.481582
 42
0.083022
  0
VERTEX
  8
0
 10
460.777743
 20
66.376977
 42
0.102120
  0
VERTEX
  8
0
 10
461.449950
 20
66.532622
 42
0.104215
  0
VERTEX
  8
0
 10
461.995727
 20
66.937917
 42
0.089729
  0
VERTEX
  8
0
 10
462.367024
 20
67.549835
 42
-0.103585
  0
VERTEX
  8
0
 10
462.838186
 20
68.280336
 42
-0.138321
  0
VERTEX
  8
0
 10
463.521026
 20
68.668248
 42
-0.089084
  0
VERTEX
  8
0
 10
464.542407
 20
68.733733
 42
-0.025638
  0
VERTEX
  8
0
 10
466.110368
 20
68.472744
 42
0.029232
  0
VERTEX
  8
0
 10
467.555175
 20
68.242907
 42
0.064447
  0
VERTEX
  8
0
 10
468.670220
 20
68.275708
 42
0.089853
  0
VERTEX
  8
0
 10
469.491252
 20
68.563692
 42
0.125820
  0
VERTEX
  8
0
 10
470.048514
 20
69.100707
 42
-0.117823
  0
VERTEX
  8
0
 10
470.559011
 20
69.608414
 42
-0.047519
  0
VERTEX
  8
0
 10
471.448497
 20
70.041522
 42
-0.043572
  0
VERTEX
  8
0
 10
472.537379
 20
70.344138
 42
-0.042253
  0
VERTEX
  8
0
 10
473.673594
 20
70.457599
 42
0.036236
  0
VERTEX
  8
0
 10
475.207508
 20
70.592182
 42
0.163970
  0
VERTEX
  8
0
 10
475.991201
 20
71.005176
 42
0.158338
  0
VERTEX
  8
0
 10
476.380376
 20
71.817707
 42
0.033165
  0
VERTEX
  8
0
 10
476.486274
 20
73.412482
 42
-0.041071
  0
VERTEX
  8
0
 10
476.580588
 20
74.558735
 42
-0.050286
  0
VERTEX
  8
0
 10
476.861667
 20
75.595783
 42
-0.058453
  0
VERTEX
  8
0
 10
477.273694
 20
76.383482
 42
-0.163276
  0
VERTEX
  8
0
 10
477.764207
 20
76.755127
 42
0.167086
  0
VERTEX
  8
0
 10
478.286806
 20
77.157220
 42
0.102449
  0
VERTEX
  8
0
 10
478.577815
 20
77.886470
 42
0.064990
  0
VERTEX
  8
0
 10
478.627755
 20
78.978357
 42
0.025344
  0
VERTEX
  8
0
 10
478.424400
 20
80.478124
 42
-0.029519
  0
VERTEX
  8
0
 10
478.249400
 20
81.854962
 42
-0.046500
  0
VERTEX
  8
0
 10
478.279791
 20
83.045198
 42
-0.057753
  0
VERTEX
  8
0
 10
478.495875
 20
83.952369
 42
-0.168571
  0
VERTEX
  8
0
 10
478.896467
 20
84.444496
 42
0.124424
  0
VERTEX
  8
0
 10
479.315129
 20
84.876559
 42
0.047182
  0
VERTEX
  8
0
 10
479.666143
 20
85.646440
 42
0.043031
  0
VERTEX
  8
0
 10
479.905709
 20
86.594645
 42
0.040388
  0
VERTEX
  8
0
 10
479.986274
 20
87.590402
 42
-0.057139
  0
VERTEX
  8
0
 10
480.099662
 20
88.579380
 42
-0.058578
  0
VERTEX
  8
0
 10
480.433816
 20
89.508249
 42
-0.064801
  0
VERTEX
  8
0
 10
480.926711
 20
90.241591
 42
-0.121391
  0
VERTEX
  8
0
 10
481.509820
 20
90.647409
 42
0.121163
  0
VERTEX
  8
0
 10
482.188349
 20
91.119184
 42
0.125843
  0
VERTEX
  8
0
 10
482.558925
 20
91.845623
 42
0.078123
  0
VERTEX
  8
0
 10
482.630990
 20
92.945680
 42
0.023738
  0
VERTEX
  8
0
 10
482.400511
 20
94.605463
 42
-0.023562
  0
VERTEX
  8
0
 10
482.165169
 20
96.295895
 42
-0.082598
  0
VERTEX
  8
0
 10
482.245757
 20
97.388783
 42
-0.132265
  0
VERTEX
  8
0
 10
482.640726
 20
98.109318
 42
-0.110434
  0
VERTEX
  8
0
 10
483.369849
 20
98.593697
 42
0.095744
  0
VERTEX
  8
0
 10
484.050847
 20
99.018104
 42
0.125650
  0
VERTEX
  8
0
 10
484.446342
 20
99.631630
 42
0.099051
  0
VERTEX
  8
0
 10
484.552597
 20
100.476282
 42
0.043424
  0
VERTEX
  8
0
 10
484.373089
 20
101.594941
 42
-0.043851
  0
VERTEX
  8
0
 10
484.191570
 20
102.732322
 42
-0.104381
  0
VERTEX
  8
0
 10
484.308241
 20
103.576149
 42
-0.129028
  0
VERTEX
  8
0
 10
484.730420
 20
104.190553
 42
-0.086643
  0
VERTEX
  8
0
 10
485.465298
 20
104.630325
 42
0.098893
  0
VERTEX
  8
0
 10
486.248109
 20
105.124990
 42
0.136892
  0
VERTEX
  8
0
 10
486.671508
 20
105.834529
 42
0.088403
  0
VERTEX
  8
0
 10
486.767417
 20
106.902472
 42
0.024671
  0
VERTEX
  8
0
 10
486.538796
 20
108.571724
 42
-0.027363
  0
VERTEX
  8
0
 10
486.321835
 20
110.221832
 42
-0.080996
  0
VERTEX
  8
0
 10
486.419232
 20
111.356643
 42
-0.114089
  0
VERTEX
  8
0
 10
486.838895
 20
112.173778
 42
-0.089978
  0
VERTEX
  8
0
 10
487.608194
 20
112.808292
 42
0.072444
  0
VERTEX
  8
0
 10
488.281982
 20
113.325674
 42
0.103109
  0
VERTEX
  8
0
 10
488.685418
 20
113.960907
 42
0.104943
  0
VERTEX
  8
0
 10
488.797389
 20
114.695718
 42
0.077279
  0
VERTEX
  8
0
 10
488.623512
 20
115.502958
 42
-0.070080
  0
VERTEX
  8
0
 10
488.446920
 20
116.269323
 42
-0.055083
  0
VERTEX
  8
0
 10
488.466979
 20
117.122305
 42
-0.056264
  0
VERTEX
  8
0
 10
488.669537
 20
117.929115
 42
-0.083780
  0
VERTEX
  8
0
 10
489.033933
 20
118.557426
 42
0.080348
  0
VERTEX
  8
0
 10
489.456612
 20
119.274914
 42
0.028826
  0
VERTEX
  8
0
 10
489.824605
 20
120.406604
 42
0.027713
  0
VERTEX
  8
0
 10
490.091851
 20
121.715963
 42
0.029384
  0
VERTEX
  8
0
 10
490.205947
 20
123.021450
 42
-0.039175
  0
VERTEX
  8
0
 10
490.339592
 20
124.268816
 42
-0.046815
  0
VERTEX
  8
0
 10
490.664566
 20
125.404905
 42
-0.053359
  0
VERTEX
  8
0
 10
491.117896
 20
126.278255
 42
-0.155993
  0
VERTEX
  8
0
 10
491.641035
 20
126.697761
 42
0.162958
  0
VERTEX
  8
0
 10
492.164905
 20
127.129677
 42
0.055582
  0
VERTEX
  8
0
 10
492.596692
 20
128.030006
 42
0.047491
  0
VERTEX
  8
0
 10
492.888738
 20
129.217113
 42
0.036595
  0
VERTEX
  8
0
 10
492.986274
 20
130.547972
 42
-0.027767
  0
VERTEX
  8
0
 10
493.059728
 20
131.869641
 42
-0.034212
  0
VERTEX
  8
0
 10
493.280024
 20
133.084153
 42
-0.036539
  0
VERTEX
  8
0
 10
493.599821
 20
134.046342
 42
-0.157098
  0
VERTEX
  8
0
 10
493.986274
 20
134.500000
 42
0.146547
  0
VERTEX
  8
0
 10
494.371851
 20
134.934161
 42
0.040338
  0
VERTEX
  8
0
 10
494.692524
 20
135.800400
 42
0.037109
  0
VERTEX
  8
0
 10
494.912662
 20
136.887885
 42
0.031397
  0
VERTEX
  8
0
 10
494.986274
 20
138.059017
 42
0.032166
  0
VERTEX
  8
0
 10
494.893113
 20
139.505659
 42
0.114177
  0
VERTEX
  8
0
 10
494.571279
 20
140.371199
 42
0.162195
  0
VERTEX
  8
0
 10
493.976996
 20
140.838022
 42
0.086279
  0
VERTEX
  8
0
 10
493.045291
 20
141.000000
 42
0.046881
  0
VERTEX
  8
0
 10
492.256978
 20
140.925923
 42
0.046318
  0
VERTEX
  8
0
 10
491.492924
 20
140.706250
 42
0.050262
  0
VERTEX
  8
0
 10
490.862297
 20
140.383556
 42
0.111412
  0
SEQEND
  0
POLYLINE
  8
0
 66
1
 70
1
  0
VERTEX
  8
0
 10
475.013818
 20
117.427553
 42
-0.145342
  0
VERTEX
  8
0
 10
475.377723
 20
112.562375
 42
-0.016269
  0
VERTEX
  8
0
 10
472.638490
 20
101.677592
 42
-0.020451
  0
VERTEX
  8
0
 10
469.032569
 20
90.795229
 42
-0.061364
  0
VERTEX
  8
0
 10
465.399116
 20
83.874232
 42
-0.083092
  0
VERTEX
  8
0
 10
462.480073
 20
80.874803
 42
-0.040939
  0
VERTEX
  8
0
 10
457.933916
 20
78.079123
 42
-0.030375
  0
VERTEX
  8
0
 10
451.534103
 20
75.306849
 42
-0.013157
  0
VERTEX
  8
0
 10
442.725679
 20
72.370857
 42
-0.005747
  0
VERTEX
  8
0
 10
433.181099
 20
69.585630
 42
-0.023903
  0
VERTEX
  8
0
 10
427.336805
 20
68.250247
 42
-0.037333
  0
VERTEX
  8
0
 10
423.584969
 20
67.865439
 42
-0.230362
  0
VERTEX
  8
0
 10
421.867319
 20
68.643332
 42
-0.210288
  0
VERTEX
  8
0
 10
420.637902
 20
72.948117
 42
-0.021120
  0
VERTEX
  8
0
 10
422.580366
 20
83.709409
 42
-0.026931
  0
VERTEX
  8
0
 10
425.667246
 20
94.664079
 42
-0.067825
  0
VERTEX
  8
0
 10
429.368910
 20
102.061686
 42
-0.085991
  0
VERTEX
  8
0
 10
432.742761
 20
105.534406
 42
-0.035563
  0
VERTEX
  8
0
 10
438.321492
 20
109.010135
 42
-0.028150
  0
VERTEX
  8
0
 10
445.970040
 20
112.516095
 42
-0.014412
  0
VERTEX
  8
0
 10
455.907457
 20
116.083931
 42
-0.009074
  0
VERTEX
  8
0
 10
465.231963
 20
118.945134
 42
-0.052391
  0
VERTEX
  8
0
 10
470.303270
 20
119.841227
 42
-0.126176
  0
VERTEX
  8
0
 10
473.265819
 20
119.299629
 42
-0.196375
  0
SEQEND
  0
ENDSEC
  0
EOF
