solid OpenSCAD_Model
  facet normal 0.11837281897349403 -0.9929692219440986 5.573918936182123e-20
    outer loop
      vertex -26.504578688137116 -0.1917066495168811 1.99
      vertex -26.53598064837739 -0.1954501074940147 4.3999999999999995
      vertex -26.53598064837739 -0.1954501074940147 1.99
    endloop
  endfacet
  facet normal 0.11837281897349403 -0.9929692219440986 0
    outer loop
      vertex -26.504578688137116 -0.1917066495168811 1.99
      vertex -26.504578688137116 -0.1917066495168811 4.3999999999999995
      vertex -26.53598064837739 -0.1954501074940147 4.3999999999999995
    endloop
  endfacet
  facet normal 0.19660707958448503 -0.9804823589730005 -9.297666941693083e-20
    outer loop
      vertex -26.47376827985891 -0.18552852266233089 1.99
      vertex -26.504578688137116 -0.1917066495168811 4.3999999999999995
      vertex -26.504578688137116 -0.1917066495168811 1.99
    endloop
  endfacet
  facet normal 0.19660707958448503 -0.9804823589730005 0
    outer loop
      vertex -26.47376827985891 -0.18552852266233089 1.99
      vertex -26.47376827985891 -0.18552852266233089 4.3999999999999995
      vertex -26.504578688137116 -0.1917066495168811 4.3999999999999995
    endloop
  endfacet
  facet normal 0.2722481970611248 -0.9622270621828128 -1.5325715720132194e-19
    outer loop
      vertex -26.44344178953343 -0.17694808189238032 1.99
      vertex -26.47376827985891 -0.18552852266233089 4.3999999999999995
      vertex -26.47376827985891 -0.18552852266233089 1.99
    endloop
  endfacet
  facet normal 0.2722481970611248 -0.9622270621828128 0
    outer loop
      vertex -26.44344178953343 -0.17694808189238032 1.99
      vertex -26.44344178953343 -0.17694808189238032 4.3999999999999995
      vertex -26.47376827985891 -0.18552852266233089 4.3999999999999995
    endloop
  endfacet
  facet normal 0.34822927585180885 -0.937409393722788 3.2307092749741977e-19
    outer loop
      vertex -26.413841011811435 -0.1659519712711237 1.99
      vertex -26.44344178953343 -0.17694808189238032 4.3999999999999995
      vertex -26.44344178953343 -0.17694808189238032 1.99
    endloop
  endfacet
  facet normal 0.34822927585180885 -0.937409393722788 0
    outer loop
      vertex -26.413841011811435 -0.1659519712711237 1.99
      vertex -26.413841011811435 -0.1659519712711237 4.3999999999999995
      vertex -26.44344178953343 -0.17694808189238032 4.3999999999999995
    endloop
  endfacet
  facet normal 0.4205631416818803 -0.9072632715252319 -3.1390235151210755e-19
    outer loop
      vertex -26.385354023238285 -0.15274678840150457 1.99
      vertex -26.413841011811435 -0.1659519712711237 4.3999999999999995
      vertex -26.413841011811435 -0.1659519712711237 1.99
    endloop
  endfacet
  facet normal 0.4205631416818803 -0.9072632715252319 0
    outer loop
      vertex -26.385354023238285 -0.15274678840150457 1.99
      vertex -26.385354023238285 -0.15274678840150457 4.3999999999999995
      vertex -26.413841011811435 -0.1659519712711237 4.3999999999999995
    endloop
  endfacet
  facet normal 0.4901002426865187 -0.8716660783342525 2.183661863812175e-20
    outer loop
      vertex -26.35806186546104 -0.13740158513785516 1.99
      vertex -26.385354023238285 -0.15274678840150457 4.3999999999999995
      vertex -26.385354023238285 -0.15274678840150457 1.99
    endloop
  endfacet
  facet normal 0.4901002426865187 -0.8716660783342525 0
    outer loop
      vertex -26.35806186546104 -0.13740158513785516 1.99
      vertex -26.35806186546104 -0.13740158513785516 4.3999999999999995
      vertex -26.385354023238285 -0.15274678840150457 4.3999999999999995
    endloop
  endfacet
  facet normal 0.5562646874855922 -0.8310051729421162 3.3648668492529166e-19
    outer loop
      vertex -26.332019196159138 -0.11996894118784951 1.99
      vertex -26.35806186546104 -0.13740158513785516 4.3999999999999995
      vertex -26.35806186546104 -0.13740158513785516 1.99
    endloop
  endfacet
  facet normal 0.5562646874855922 -0.8310051729421162 0
    outer loop
      vertex -26.332019196159138 -0.11996894118784951 1.99
      vertex -26.332019196159138 -0.11996894118784951 4.3999999999999995
      vertex -26.35806186546104 -0.13740158513785516 4.3999999999999995
    endloop
  endfacet
  facet normal 0.6196168000297178 -0.7849044662383651 8.764511403538879e-20
    outer loop
      vertex -26.30737384562243 -0.10051348655354175 1.99
      vertex -26.332019196159138 -0.11996894118784951 4.3999999999999995
      vertex -26.332019196159138 -0.11996894118784951 1.99
    endloop
  endfacet
  facet normal 0.6196168000297178 -0.7849044662383651 0
    outer loop
      vertex -26.30737384562243 -0.10051348655354175 1.99
      vertex -26.30737384562243 -0.10051348655354175 4.3999999999999995
      vertex -26.332019196159138 -0.11996894118784951 4.3999999999999995
    endloop
  endfacet
  facet normal 0.6789848142791964 -0.7341523152440814 -5.775515158831643e-19
    outer loop
      vertex -26.284368146294504 -0.07923653875785064 1.99
      vertex -26.30737384562243 -0.10051348655354175 4.3999999999999995
      vertex -26.30737384562243 -0.10051348655354175 1.99
    endloop
  endfacet
  facet normal 0.6789848142791964 -0.7341523152440814 0
    outer loop
      vertex -26.284368146294504 -0.07923653875785064 1.99
      vertex -26.284368146294504 -0.07923653875785064 4.3999999999999995
      vertex -26.30737384562243 -0.10051348655354175 4.3999999999999995
    endloop
  endfacet
  facet normal 0.7341205558617317 -0.6790191524995903 3.8594140565639513e-19
    outer loop
      vertex -26.263076527211233 -0.056217136169472326 1.99
      vertex -26.284368146294504 -0.07923653875785064 4.3999999999999995
      vertex -26.284368146294504 -0.07923653875785064 1.99
    endloop
  endfacet
  facet normal 0.7341205558617317 -0.6790191524995903 0
    outer loop
      vertex -26.263076527211233 -0.056217136169472326 1.99
      vertex -26.263076527211233 -0.056217136169472326 4.3999999999999995
      vertex -26.284368146294504 -0.07923653875785064 4.3999999999999995
    endloop
  endfacet
  facet normal 0.7849044695495306 -0.6196167958352725 1.4052911775364718e-19
    outer loop
      vertex -26.243654060939413 -0.03161357363066841 1.99
      vertex -26.263076527211233 -0.056217136169472326 4.3999999999999995
      vertex -26.263076527211233 -0.056217136169472326 1.99
    endloop
  endfacet
  facet normal 0.7849044695495306 -0.6196167958352725 0
    outer loop
      vertex -26.243654060939413 -0.03161357363066841 1.99
      vertex -26.243654060939413 -0.03161357363066841 4.3999999999999995
      vertex -26.263076527211233 -0.056217136169472326 4.3999999999999995
    endloop
  endfacet
  facet normal 0.8307424964797118 -0.5566569002021406 -3.068361574116108e-19
    outer loop
      vertex -26.22621376016378 -0.0055860529074998055 1.99
      vertex -26.243654060939413 -0.03161357363066841 4.3999999999999995
      vertex -26.243654060939413 -0.03161357363066841 1.99
    endloop
  endfacet
  facet normal 0.8307424964797118 -0.5566569002021406 0
    outer loop
      vertex -26.22621376016378 -0.0055860529074998055 1.99
      vertex -26.22621376016378 -0.0055860529074998055 4.3999999999999995
      vertex -26.243654060939413 -0.03161357363066841 4.3999999999999995
    endloop
  endfacet
  facet normal 0.8716661035908825 -0.49010019776642505 1.4274876544444512e-19
    outer loop
      vertex -26.210839596008505 0.021757616461069773 1.99
      vertex -26.22621376016378 -0.0055860529074998055 4.3999999999999995
      vertex -26.22621376016378 -0.0055860529074998055 1.99
    endloop
  endfacet
  facet normal 0.8716661035908825 -0.49010019776642505 0
    outer loop
      vertex -26.210839596008505 0.021757616461069773 1.99
      vertex -26.210839596008505 0.021757616461069773 4.3999999999999995
      vertex -26.22621376016378 -0.0055860529074998055 4.3999999999999995
    endloop
  endfacet
  facet normal 0.9072632716783466 -0.4205631413515723 -3.491601270844617e-19
    outer loop
      vertex -26.1975768132844 0.05036886281794395 1.99
      vertex -26.210839596008505 0.021757616461069773 4.3999999999999995
      vertex -26.210839596008505 0.021757616461069773 1.99
    endloop
  endfacet
  facet normal 0.9072632716783466 -0.4205631413515723 0
    outer loop
      vertex -26.1975768132844 0.05036886281794395 1.99
      vertex -26.1975768132844 0.05036886281794395 4.3999999999999995
      vertex -26.210839596008505 0.021757616461069773 4.3999999999999995
    endloop
  endfacet
  facet normal 0.93778979390935 -0.34720354612166443 -3.2456618917861553e-19
    outer loop
      vertex -26.186656715947088 0.07986382606304687 1.99
      vertex -26.1975768132844 0.05036886281794395 4.3999999999999995
      vertex -26.1975768132844 0.05036886281794395 1.99
    endloop
  endfacet
  facet normal 0.93778979390935 -0.34720354612166443 0
    outer loop
      vertex -26.186656715947088 0.07986382606304687 1.99
      vertex -26.186656715947088 0.07986382606304687 4.3999999999999995
      vertex -26.1975768132844 0.05036886281794395 4.3999999999999995
    endloop
  endfacet
  facet normal 0.9619404463757242 -0.2732591766555565 -6.340088483133145e-20
    outer loop
      vertex -26.178083728089646 0.1100428812270593 1.99
      vertex -26.186656715947088 0.07986382606304687 4.3999999999999995
      vertex -26.186656715947088 0.07986382606304687 1.99
    endloop
  endfacet
  facet normal 0.9619404463757242 -0.2732591766555565 0
    outer loop
      vertex -26.178083728089646 0.1100428812270593 1.99
      vertex -26.178083728089646 0.1100428812270593 4.3999999999999995
      vertex -26.186656715947088 0.07986382606304687 4.3999999999999995
    endloop
  endfacet
  facet normal 0.9804823565493678 -0.1966070916711774 1.6654731960957425e-19
    outer loop
      vertex -26.171856458920026 0.141098360957713 1.99
      vertex -26.178083728089646 0.1100428812270593 4.3999999999999995
      vertex -26.178083728089646 0.1100428812270593 1.99
    endloop
  endfacet
  facet normal 0.9804823565493678 -0.1966070916711774 0
    outer loop
      vertex -26.171856458920026 0.141098360957713 1.99
      vertex -26.171856458920026 0.141098360957713 4.3999999999999995
      vertex -26.178083728089646 0.1100428812270593 4.3999999999999995
    endloop
  endfacet
  facet normal 0.9930807190174514 -0.11743374947510446 2.6886378068495016e-20
    outer loop
      vertex -26.168154169732098 0.17240683935673573 1.99
      vertex -26.171856458920026 0.141098360957713 4.3999999999999995
      vertex -26.171856458920026 0.141098360957713 1.99
    endloop
  endfacet
  facet normal 0.9930807190174514 -0.11743374947510446 0
    outer loop
      vertex -26.168154169732098 0.17240683935673573 1.99
      vertex -26.168154169732098 0.17240683935673573 4.3999999999999995
      vertex -26.171856458920026 0.141098360957713 4.3999999999999995
    endloop
  endfacet
  facet normal 0.9991995999023427 -0.040001994387754126 1.9259414605227408e-20
    outer loop
      vertex -26.166893947807885 0.20388560089685726 1.99
      vertex -26.168154169732098 0.17240683935673573 4.3999999999999995
      vertex -26.168154169732098 0.17240683935673573 1.99
    endloop
  endfacet
  facet normal 0.9991995999023427 -0.040001994387754126 0
    outer loop
      vertex -26.166893947807885 0.20388560089685726 1.99
      vertex -26.166893947807885 0.20388560089685726 4.3999999999999995
      vertex -26.168154169732098 0.17240683935673573 4.3999999999999995
    endloop
  endfacet
  facet normal 0.9991995999023426 0.04000199438775864 -4.431791966511906e-20
    outer loop
      vertex -26.168154169732098 0.23536436243697523 1.99
      vertex -26.166893947807885 0.20388560089685726 4.3999999999999995
      vertex -26.166893947807885 0.20388560089685726 1.99
    endloop
  endfacet
  facet normal 0.9991995999023426 0.04000199438775864 0
    outer loop
      vertex -26.168154169732098 0.23536436243697523 1.99
      vertex -26.168154169732098 0.23536436243697523 4.3999999999999995
      vertex -26.166893947807885 0.20388560089685726 4.3999999999999995
    endloop
  endfacet
  facet normal 0.9930807190174514 0.11743374947510446 -2.6886378068495016e-20
    outer loop
      vertex -26.171856458920026 0.26667284083599796 1.99
      vertex -26.168154169732098 0.23536436243697523 4.3999999999999995
      vertex -26.168154169732098 0.23536436243697523 1.99
    endloop
  endfacet
  facet normal 0.9930807190174514 0.11743374947510446 0
    outer loop
      vertex -26.171856458920026 0.26667284083599796 1.99
      vertex -26.171856458920026 0.26667284083599796 4.3999999999999995
      vertex -26.168154169732098 0.23536436243697523 4.3999999999999995
    endloop
  endfacet
  facet normal 0.9804823565493678 0.1966070916711774 -1.6654731960957425e-19
    outer loop
      vertex -26.178083728089646 0.29772832056665166 1.99
      vertex -26.171856458920026 0.26667284083599796 4.3999999999999995
      vertex -26.171856458920026 0.26667284083599796 1.99
    endloop
  endfacet
  facet normal 0.9804823565493678 0.1966070916711774 0
    outer loop
      vertex -26.178083728089646 0.29772832056665166 1.99
      vertex -26.178083728089646 0.29772832056665166 4.3999999999999995
      vertex -26.171856458920026 0.26667284083599796 4.3999999999999995
    endloop
  endfacet
  facet normal 0.9619404463757242 0.2732591766555565 6.340088483133145e-20
    outer loop
      vertex -26.186656715947088 0.3279073757306641 1.99
      vertex -26.178083728089646 0.29772832056665166 4.3999999999999995
      vertex -26.178083728089646 0.29772832056665166 1.99
    endloop
  endfacet
  facet normal 0.9619404463757242 0.2732591766555565 0
    outer loop
      vertex -26.186656715947088 0.3279073757306641 1.99
      vertex -26.186656715947088 0.3279073757306641 4.3999999999999995
      vertex -26.178083728089646 0.29772832056665166 4.3999999999999995
    endloop
  endfacet
  facet normal 0.93778979390935 0.34720354612166443 3.2456618917861553e-19
    outer loop
      vertex -26.1975768132844 0.357402338975767 1.99
      vertex -26.186656715947088 0.3279073757306641 4.3999999999999995
      vertex -26.186656715947088 0.3279073757306641 1.99
    endloop
  endfacet
  facet normal 0.93778979390935 0.34720354612166443 0
    outer loop
      vertex -26.1975768132844 0.357402338975767 1.99
      vertex -26.1975768132844 0.357402338975767 4.3999999999999995
      vertex -26.186656715947088 0.3279073757306641 4.3999999999999995
    endloop
  endfacet
  facet normal 0.9072632716783466 0.4205631413515723 3.491601270844617e-19
    outer loop
      vertex -26.210839596008505 0.3860135853326412 1.99
      vertex -26.1975768132844 0.357402338975767 4.3999999999999995
      vertex -26.1975768132844 0.357402338975767 1.99
    endloop
  endfacet
  facet normal 0.9072632716783466 0.4205631413515723 0
    outer loop
      vertex -26.210839596008505 0.3860135853326412 1.99
      vertex -26.210839596008505 0.3860135853326412 4.3999999999999995
      vertex -26.1975768132844 0.357402338975767 4.3999999999999995
    endloop
  endfacet
  facet normal 0.8716661035909097 0.49010019776637664 1.7188212815586214e-19
    outer loop
      vertex -26.22621376016378 0.4133572547012143 1.99
      vertex -26.210839596008505 0.3860135853326412 4.3999999999999995
      vertex -26.210839596008505 0.3860135853326412 1.99
    endloop
  endfacet
  facet normal 0.8716661035909097 0.49010019776637664 0
    outer loop
      vertex -26.22621376016378 0.4133572547012143 1.99
      vertex -26.22621376016378 0.4133572547012143 4.3999999999999995
      vertex -26.210839596008505 0.3860135853326412 4.3999999999999995
    endloop
  endfacet
  facet normal 0.8307424964796767 0.5566569002021932 2.835397087357234e-19
    outer loop
      vertex -26.243654060939413 0.43938477542437937 1.99
      vertex -26.22621376016378 0.4133572547012143 4.3999999999999995
      vertex -26.22621376016378 0.4133572547012143 1.99
    endloop
  endfacet
  facet normal 0.8307424964796767 0.5566569002021932 0
    outer loop
      vertex -26.243654060939413 0.43938477542437937 1.99
      vertex -26.243654060939413 0.43938477542437937 4.3999999999999995
      vertex -26.22621376016378 0.4133572547012143 4.3999999999999995
    endloop
  endfacet
  facet normal 0.7849044695495306 0.6196167958352725 -1.4052911775364718e-19
    outer loop
      vertex -26.263076527211233 0.4639883379631833 1.99
      vertex -26.243654060939413 0.43938477542437937 4.3999999999999995
      vertex -26.243654060939413 0.43938477542437937 1.99
    endloop
  endfacet
  facet normal 0.7849044695495306 0.6196167958352725 0
    outer loop
      vertex -26.263076527211233 0.4639883379631833 1.99
      vertex -26.263076527211233 0.4639883379631833 4.3999999999999995
      vertex -26.243654060939413 0.43938477542437937 4.3999999999999995
    endloop
  endfacet
  facet normal 0.7341205558617317 0.6790191524995903 -3.8594140565639513e-19
    outer loop
      vertex -26.284368146294504 0.4870077405515616 1.99
      vertex -26.263076527211233 0.4639883379631833 4.3999999999999995
      vertex -26.263076527211233 0.4639883379631833 1.99
    endloop
  endfacet
  facet normal 0.7341205558617317 0.6790191524995903 0
    outer loop
      vertex -26.284368146294504 0.4870077405515616 1.99
      vertex -26.284368146294504 0.4870077405515616 4.3999999999999995
      vertex -26.263076527211233 0.4639883379631833 4.3999999999999995
    endloop
  endfacet
  facet normal 0.6789848142791964 0.7341523152440814 5.775515158831643e-19
    outer loop
      vertex -26.30737384562243 0.5082846883472527 1.99
      vertex -26.284368146294504 0.4870077405515616 4.3999999999999995
      vertex -26.284368146294504 0.4870077405515616 1.99
    endloop
  endfacet
  facet normal 0.6789848142791964 0.7341523152440814 0
    outer loop
      vertex -26.30737384562243 0.5082846883472527 1.99
      vertex -26.30737384562243 0.5082846883472527 4.3999999999999995
      vertex -26.284368146294504 0.4870077405515616 4.3999999999999995
    endloop
  endfacet
  facet normal 0.6196168000297178 0.7849044662383651 -8.764511403538879e-20
    outer loop
      vertex -26.332019196159138 0.5277401429815605 1.99
      vertex -26.30737384562243 0.5082846883472527 4.3999999999999995
      vertex -26.30737384562243 0.5082846883472527 1.99
    endloop
  endfacet
  facet normal 0.6196168000297178 0.7849044662383651 0
    outer loop
      vertex -26.332019196159138 0.5277401429815605 1.99
      vertex -26.332019196159138 0.5277401429815605 4.3999999999999995
      vertex -26.30737384562243 0.5082846883472527 4.3999999999999995
    endloop
  endfacet
  facet normal 0.5562646874855922 0.8310051729421162 -3.3648668492529166e-19
    outer loop
      vertex -26.35806186546104 0.5451727869315661 1.99
      vertex -26.332019196159138 0.5277401429815605 4.3999999999999995
      vertex -26.332019196159138 0.5277401429815605 1.99
    endloop
  endfacet
  facet normal 0.5562646874855922 0.8310051729421162 0
    outer loop
      vertex -26.35806186546104 0.5451727869315661 1.99
      vertex -26.35806186546104 0.5451727869315661 4.3999999999999995
      vertex -26.332019196159138 0.5277401429815605 4.3999999999999995
    endloop
  endfacet
  facet normal 0.4901002426865187 0.8716660783342525 -2.183661863812175e-20
    outer loop
      vertex -26.385354023238285 0.5605179901952155 1.99
      vertex -26.35806186546104 0.5451727869315661 4.3999999999999995
      vertex -26.35806186546104 0.5451727869315661 1.99
    endloop
  endfacet
  facet normal 0.4901002426865187 0.8716660783342525 0
    outer loop
      vertex -26.385354023238285 0.5605179901952155 1.99
      vertex -26.385354023238285 0.5605179901952155 4.3999999999999995
      vertex -26.35806186546104 0.5451727869315661 4.3999999999999995
    endloop
  endfacet
  facet normal 0.4205631416818803 0.9072632715252319 3.1390235151210755e-19
    outer loop
      vertex -26.413841011811435 0.5737231730648347 1.99
      vertex -26.385354023238285 0.5605179901952155 4.3999999999999995
      vertex -26.385354023238285 0.5605179901952155 1.99
    endloop
  endfacet
  facet normal 0.4205631416818803 0.9072632715252319 0
    outer loop
      vertex -26.413841011811435 0.5737231730648347 1.99
      vertex -26.413841011811435 0.5737231730648347 4.3999999999999995
      vertex -26.385354023238285 0.5605179901952155 4.3999999999999995
    endloop
  endfacet
  facet normal 0.3482292758519077 0.9374093937227512 -2.636392534587426e-19
    outer loop
      vertex -26.44344178953343 0.5847192836860948 1.99
      vertex -26.413841011811435 0.5737231730648347 4.3999999999999995
      vertex -26.413841011811435 0.5737231730648347 1.99
    endloop
  endfacet
  facet normal 0.3482292758519077 0.9374093937227512 0
    outer loop
      vertex -26.44344178953343 0.5847192836860948 1.99
      vertex -26.44344178953343 0.5847192836860948 4.3999999999999995
      vertex -26.413841011811435 0.5737231730648347 4.3999999999999995
    endloop
  endfacet
  facet normal 0.27224819706102044 0.9622270621828424 -2.2010328328475454e-19
    outer loop
      vertex -26.47376827985891 0.5932997244560418 1.99
      vertex -26.44344178953343 0.5847192836860948 4.3999999999999995
      vertex -26.44344178953343 0.5847192836860948 1.99
    endloop
  endfacet
  facet normal 0.27224819706102044 0.9622270621828424 0
    outer loop
      vertex -26.47376827985891 0.5932997244560418 1.99
      vertex -26.47376827985891 0.5932997244560418 4.3999999999999995
      vertex -26.44344178953343 0.5847192836860948 4.3999999999999995
    endloop
  endfacet
  facet normal 0.19660707958459375 0.9804823589729788 -4.3686027357158453e-20
    outer loop
      vertex -26.504578688137116 0.5994778513105956 1.99
      vertex -26.47376827985891 0.5932997244560418 4.3999999999999995
      vertex -26.47376827985891 0.5932997244560418 1.99
    endloop
  endfacet
  facet normal 0.19660707958459375 0.9804823589729788 0
    outer loop
      vertex -26.504578688137116 0.5994778513105956 1.99
      vertex -26.504578688137116 0.5994778513105956 4.3999999999999995
      vertex -26.47376827985891 0.5932997244560418 4.3999999999999995
    endloop
  endfacet
  facet normal 0.11837281897338327 0.9929692219441117 -8.499687502798996e-20
    outer loop
      vertex -26.53598064837739 0.6032213092877257 1.99
      vertex -26.504578688137116 0.5994778513105956 4.3999999999999995
      vertex -26.504578688137116 0.5994778513105956 1.99
    endloop
  endfacet
  facet normal 0.11837281897338327 0.9929692219441117 0
    outer loop
      vertex -26.53598064837739 0.6032213092877257 1.99
      vertex -26.53598064837739 0.6032213092877257 4.3999999999999995
      vertex -26.504578688137116 0.5994778513105956 4.3999999999999995
    endloop
  endfacet
  facet normal 0.03915227678273142 0.999233255662925 -9.311732271694453e-21
    outer loop
      vertex -26.567471986800733 0.6044552129745995 1.99
      vertex -26.53598064837739 0.6032213092877257 4.3999999999999995
      vertex -26.53598064837739 0.6032213092877257 1.99
    endloop
  endfacet
  facet normal 0.03915227678273142 0.999233255662925 0
    outer loop
      vertex -26.567471986800733 0.6044552129745995 1.99
      vertex -26.567471986800733 0.6044552129745995 4.3999999999999995
      vertex -26.53598064837739 0.6032213092877257 4.3999999999999995
    endloop
  endfacet
  facet normal -0.03915227691847369 0.9992332556576063 2.6758232168793676e-22
    outer loop
      vertex -26.59895072443895 0.6032218030114329 1.99
      vertex -26.567471986800733 0.6044552129745995 4.3999999999999995
      vertex -26.567471986800733 0.6044552129745995 1.99
    endloop
  endfacet
  facet normal -0.03915227691847369 0.9992332556576063 0
    outer loop
      vertex -26.59895072443895 0.6032218030114329 1.99
      vertex -26.59895072443895 0.6032218030114329 4.3999999999999995
      vertex -26.567471986800733 0.6044552129745995 4.3999999999999995
    endloop
  endfacet
  facet normal -0.1182728025855485 0.9929811398856274 3.0837562169171404e-20
    outer loop
      vertex -26.630362948306278 0.5994803303862213 1.99
      vertex -26.59895072443895 0.6032218030114329 4.3999999999999995
      vertex -26.59895072443895 0.6032218030114329 1.99
    endloop
  endfacet
  facet normal -0.1182728025855485 0.9929811398856274 0
    outer loop
      vertex -26.630362948306278 0.5994803303862213 1.99
      vertex -26.630362948306278 0.5994803303862213 4.3999999999999995
      vertex -26.59895072443895 0.6032218030114329 4.3999999999999995
    endloop
  endfacet
  facet normal -0.1966070919628576 0.9804823564908797 -1.0571516284735308e-19
    outer loop
      vertex -26.6612141728206 0.5932940186233431 1.99
      vertex -26.630362948306278 0.5994803303862213 4.3999999999999995
      vertex -26.630362948306278 0.5994803303862213 1.99
    endloop
  endfacet
  facet normal -0.1966070919628576 0.9804823564908797 0
    outer loop
      vertex -26.6612141728206 0.5932940186233431 1.99
      vertex -26.6612141728206 0.5932940186233431 4.3999999999999995
      vertex -26.630362948306278 0.5994803303862213 4.3999999999999995
    endloop
  endfacet
  facet normal -0.2724712438743098 0.9621639263979846 2.0533228069063617e-19
    outer loop
      vertex -26.691493703373652 0.5847192829391581 1.99
      vertex -26.6612141728206 0.5932940186233431 4.3999999999999995
      vertex -26.6612141728206 0.5932940186233431 1.99
    endloop
  endfacet
  facet normal -0.2724712438743098 0.9621639263979846 0
    outer loop
      vertex -26.691493703373652 0.5847192829391581 1.99
      vertex -26.691493703373652 0.5847192829391581 4.3999999999999995
      vertex -26.6612141728206 0.5932940186233431 4.3999999999999995
    endloop
  endfacet
  facet normal -0.3479515691874553 0.937512509516533 2.3818331533301466e-19
    outer loop
      vertex -26.721079339239324 0.5737387698042689 1.99
      vertex -26.691493703373652 0.5847192829391581 4.3999999999999995
      vertex -26.691493703373652 0.5847192829391581 1.99
    endloop
  endfacet
  facet normal -0.3479515691874553 0.937512509516533 0
    outer loop
      vertex -26.721079339239324 0.5737387698042689 1.99
      vertex -26.721079339239324 0.5737387698042689 4.3999999999999995
      vertex -26.691493703373652 0.5847192829391581 4.3999999999999995
    endloop
  endfacet
  facet normal -0.4205631299663207 0.9072632769559955 -1.5252889027218406e-19
    outer loop
      vertex -26.74959997497119 0.5605179901952155 1.99
      vertex -26.721079339239324 0.5737387698042689 4.3999999999999995
      vertex -26.721079339239324 0.5737387698042689 1.99
    endloop
  endfacet
  facet normal -0.4205631299663207 0.9072632769559955 0
    outer loop
      vertex -26.74959997497119 0.5605179901952155 1.99
      vertex -26.74959997497119 0.5605179901952155 4.3999999999999995
      vertex -26.721079339239324 0.5737387698042689 4.3999999999999995
    endloop
  endfacet
  facet normal -0.49010023926579493 0.8716660802575782 -3.119410488030502e-19
    outer loop
      vertex -26.776892129013767 0.5451727891723728 1.99
      vertex -26.74959997497119 0.5605179901952155 4.3999999999999995
      vertex -26.74959997497119 0.5605179901952155 1.99
    endloop
  endfacet
  facet normal -0.49010023926579493 0.8716660802575782 0
    outer loop
      vertex -26.776892129013767 0.5451727891723728 1.99
      vertex -26.776892129013767 0.5451727891723728 4.3999999999999995
      vertex -26.74959997497119 0.5605179901952155 4.3999999999999995
    endloop
  endfacet
  facet normal -0.5562646623454574 0.831005189770614 3.758706221527037e-20
    outer loop
      vertex -26.802989477656226 0.5277035446846021 1.99
      vertex -26.776892129013767 0.5451727891723728 4.3999999999999995
      vertex -26.776892129013767 0.5451727891723728 1.99
    endloop
  endfacet
  facet normal -0.5562646623454574 0.831005189770614 0
    outer loop
      vertex -26.802989477656226 0.5277035446846021 1.99
      vertex -26.802989477656226 0.5277035446846021 4.3999999999999995
      vertex -26.776892129013767 0.5451727891723728 4.3999999999999995
    endloop
  endfacet
  facet normal -0.6200292359889934 0.7845787063889161 1.1147308320969904e-19
    outer loop
      vertex -26.82756186464259 0.5082847174777001 1.99
      vertex -26.802989477656226 0.5277035446846021 4.3999999999999995
      vertex -26.802989477656226 0.5277035446846021 1.99
    endloop
  endfacet
  facet normal -0.6200292359889934 0.7845787063889161 0
    outer loop
      vertex -26.82756186464259 0.5082847174777001 1.99
      vertex -26.82756186464259 0.5082847174777001 4.3999999999999995
      vertex -26.802989477656226 0.5277035446846021 4.3999999999999995
    endloop
  endfacet
  facet normal -0.6785618799972403 0.734543242440233 1.3298040651704299e-19
    outer loop
      vertex -26.850536894839664 0.48706067131844577 1.99
      vertex -26.82756186464259 0.5082847174777001 4.3999999999999995
      vertex -26.82756186464259 0.5082847174777001 1.99
    endloop
  endfacet
  facet normal -0.6785618799972403 0.734543242440233 0
    outer loop
      vertex -26.850536894839664 0.48706067131844577 1.99
      vertex -26.850536894839664 0.48706067131844577 4.3999999999999995
      vertex -26.82756186464259 0.5082847174777001 4.3999999999999995
    endloop
  endfacet
  facet normal -0.73412056010949 0.679019147907133 -7.107750844750683e-19
    outer loop
      vertex -26.871934058756473 0.46392715879854407 1.99
      vertex -26.850536894839664 0.48706067131844577 4.3999999999999995
      vertex -26.850536894839664 0.48706067131844577 1.99
    endloop
  endfacet
  facet normal -0.73412056010949 0.679019147907133 0
    outer loop
      vertex -26.871934058756473 0.46392715879854407 1.99
      vertex -26.871934058756473 0.46392715879854407 4.3999999999999995
      vertex -26.850536894839664 0.48706067131844577 4.3999999999999995
    endloop
  endfacet
  facet normal -0.785316755522244 0.6190941717509674 -1.5390006711899375e-19
    outer loop
      vertex -26.8912816926478 0.43938481650577543 1.99
      vertex -26.871934058756473 0.46392715879854407 4.3999999999999995
      vertex -26.871934058756473 0.46392715879854407 1.99
    endloop
  endfacet
  facet normal -0.785316755522244 0.6190941717509674 0
    outer loop
      vertex -26.8912816926478 0.43938481650577543 1.99
      vertex -26.8912816926478 0.43938481650577543 4.3999999999999995
      vertex -26.871934058756473 0.46392715879854407 4.3999999999999995
    endloop
  endfacet
  facet normal -0.8303500531615639 0.557242127996967 -2.29054111953816e-19
    outer loop
      vertex -26.908748591761224 0.41335727860311877 1.99
      vertex -26.8912816926478 0.43938481650577543 4.3999999999999995
      vertex -26.8912816926478 0.43938481650577543 1.99
    endloop
  endfacet
  facet normal -0.8303500531615639 0.557242127996967 0
    outer loop
      vertex -26.908748591761224 0.41335727860311877 1.99
      vertex -26.908748591761224 0.41335727860311877 4.3999999999999995
      vertex -26.8912816926478 0.43938481650577543 4.3999999999999995
    endloop
  endfacet
  facet normal -0.8720282609453295 0.4894555261846211 -7.14886422068745e-20
    outer loop
      vertex -26.924143308566386 0.3859296015105791 1.99
      vertex -26.908748591761224 0.41335727860311877 4.3999999999999995
      vertex -26.908748591761224 0.41335727860311877 1.99
    endloop
  endfacet
  facet normal -0.8720282609453295 0.4894555261846211 0
    outer loop
      vertex -26.924143308566386 0.3859296015105791 1.99
      vertex -26.924143308566386 0.3859296015105791 4.3999999999999995
      vertex -26.908748591761224 0.41335727860311877 4.3999999999999995
    endloop
  endfacet
  facet normal -0.9072632759914977 0.42056313204699186 2.262005677638084e-19
    outer loop
      vertex -26.937325155708145 0.3574929533354485 1.99
      vertex -26.924143308566386 0.3859296015105791 4.3999999999999995
      vertex -26.924143308566386 0.3859296015105791 1.99
    endloop
  endfacet
  facet normal -0.9072632759914977 0.42056313204699186 0
    outer loop
      vertex -26.937325155708145 0.3574929533354485 1.99
      vertex -26.937325155708145 0.3574929533354485 4.3999999999999995
      vertex -26.924143308566386 0.3859296015105791 4.3999999999999995
    endloop
  endfacet
  facet normal -0.9375125083232106 0.3479515724027154 2.838121598685153e-19
    outer loop
      vertex -26.94826999076939 0.32800344794078384 1.99
      vertex -26.937325155708145 0.3574929533354485 4.3999999999999995
      vertex -26.937325155708145 0.3574929533354485 1.99
    endloop
  endfacet
  facet normal -0.9375125083232106 0.3479515724027154 0
    outer loop
      vertex -26.94826999076939 0.32800344794078384 1.99
      vertex -26.94826999076939 0.32800344794078384 4.3999999999999995
      vertex -26.937325155708145 0.3574929533354485 4.3999999999999995
    endloop
  endfacet
  facet normal -0.9619404447429466 0.27325918240334013 2.8009078474253575e-19
    outer loop
      vertex -26.95689882243829 0.29762780932475863 1.99
      vertex -26.94826999076939 0.32800344794078384 4.3999999999999995
      vertex -26.94826999076939 0.32800344794078384 1.99
    endloop
  endfacet
  facet normal -0.9619404447429466 0.27325918240334013 0
    outer loop
      vertex -26.95689882243829 0.29762780932475863 1.99
      vertex -26.95689882243829 0.29762780932475863 4.3999999999999995
      vertex -26.94826999076939 0.32800344794078384 4.3999999999999995
    endloop
  endfacet
  facet normal -0.9806461011440698 0.19578872365622788 -2.246022903209146e-20
    outer loop
      vertex -26.963079074321513 0.2666728094647475 1.99
      vertex -26.95689882243829 0.29762780932475863 4.3999999999999995
      vertex -26.95689882243829 0.29762780932475863 1.99
    endloop
  endfacet
  facet normal -0.9806461011440698 0.19578872365622788 0
    outer loop
      vertex -26.963079074321513 0.2666728094647475 1.99
      vertex -26.963079074321513 0.2666728094647475 4.3999999999999995
      vertex -26.95689882243829 0.29762780932475863 4.3999999999999995
    endloop
  endfacet
  facet normal -0.9929811404160759 0.1182727981320703 7.910596749088594e-20
    outer loop
      vertex -26.96680818891531 0.23536433853507077 1.99
      vertex -26.963079074321513 0.2666728094647475 4.3999999999999995
      vertex -26.963079074321513 0.2666728094647475 1.99
    endloop
  endfacet
  facet normal -0.9929811404160759 0.1182727981320703 0
    outer loop
      vertex -26.96680818891531 0.23536433853507077 1.99
      vertex -26.96680818891531 0.23536433853507077 4.3999999999999995
      vertex -26.963079074321513 0.2666728094647475 4.3999999999999995
    endloop
  endfacet
  facet normal -0.9992332556576107 0.03915227691836551 3.7178907033637165e-20
    outer loop
      vertex -26.96804159887847 0.20388560089685726 1.99
      vertex -26.96680818891531 0.23536433853507077 4.3999999999999995
      vertex -26.96680818891531 0.23536433853507077 1.99
    endloop
  endfacet
  facet normal -0.9992332556576107 0.03915227691836551 0
    outer loop
      vertex -26.96804159887847 0.20388560089685726 1.99
      vertex -26.96804159887847 0.20388560089685726 4.3999999999999995
      vertex -26.96680818891531 0.23536433853507077 4.3999999999999995
    endloop
  endfacet
  facet normal -0.9992332556576107 -0.03915227691836109 -7.015210324412991e-21
    outer loop
      vertex -26.96680818891531 0.1724068632586402 1.99
      vertex -26.96804159887847 0.20388560089685726 4.3999999999999995
      vertex -26.96804159887847 0.20388560089685726 1.99
    endloop
  endfacet
  facet normal -0.9992332556576107 -0.03915227691836109 0
    outer loop
      vertex -26.96680818891531 0.1724068632586402 1.99
      vertex -26.96680818891531 0.1724068632586402 4.3999999999999995
      vertex -26.96804159887847 0.20388560089685726 4.3999999999999995
    endloop
  endfacet
  facet normal -0.9929811404160759 -0.1182727981320703 -7.910596749088594e-20
    outer loop
      vertex -26.963079074321513 0.14109839232896348 1.99
      vertex -26.96680818891531 0.1724068632586402 4.3999999999999995
      vertex -26.96680818891531 0.1724068632586402 1.99
    endloop
  endfacet
  facet normal -0.9929811404160759 -0.1182727981320703 0
    outer loop
      vertex -26.963079074321513 0.14109839232896348 1.99
      vertex -26.963079074321513 0.14109839232896348 4.3999999999999995
      vertex -26.96680818891531 0.1724068632586402 4.3999999999999995
    endloop
  endfacet
  facet normal -0.9806461011440698 -0.19578872365622788 2.246022903209146e-20
    outer loop
      vertex -26.95689882243829 0.11014339246895233 1.99
      vertex -26.963079074321513 0.14109839232896348 4.3999999999999995
      vertex -26.963079074321513 0.14109839232896348 1.99
    endloop
  endfacet
  facet normal -0.9806461011440698 -0.19578872365622788 0
    outer loop
      vertex -26.95689882243829 0.11014339246895233 1.99
      vertex -26.95689882243829 0.11014339246895233 4.3999999999999995
      vertex -26.963079074321513 0.14109839232896348 4.3999999999999995
    endloop
  endfacet
  facet normal -0.9619404447429466 -0.27325918240334013 -2.8009078474253575e-19
    outer loop
      vertex -26.94826999076939 0.07976775385292711 1.99
      vertex -26.95689882243829 0.11014339246895233 4.3999999999999995
      vertex -26.95689882243829 0.11014339246895233 1.99
    endloop
  endfacet
  facet normal -0.9619404447429466 -0.27325918240334013 0
    outer loop
      vertex -26.94826999076939 0.07976775385292711 1.99
      vertex -26.94826999076939 0.07976775385292711 4.3999999999999995
      vertex -26.95689882243829 0.11014339246895233 4.3999999999999995
    endloop
  endfacet
  facet normal -0.9375125083232106 -0.3479515724027154 -2.838121598685153e-19
    outer loop
      vertex -26.937325155708145 0.05027824845826245 1.99
      vertex -26.94826999076939 0.07976775385292711 4.3999999999999995
      vertex -26.94826999076939 0.07976775385292711 1.99
    endloop
  endfacet
  facet normal -0.9375125083232106 -0.3479515724027154 0
    outer loop
      vertex -26.937325155708145 0.05027824845826245 1.99
      vertex -26.937325155708145 0.05027824845826245 4.3999999999999995
      vertex -26.94826999076939 0.07976775385292711 4.3999999999999995
    endloop
  endfacet
  facet normal -0.9072632759914977 -0.42056313204699186 -2.262005677638084e-19
    outer loop
      vertex -26.924143308566386 0.021841600283131868 1.99
      vertex -26.937325155708145 0.05027824845826245 4.3999999999999995
      vertex -26.937325155708145 0.05027824845826245 1.99
    endloop
  endfacet
  facet normal -0.9072632759914977 -0.42056313204699186 0
    outer loop
      vertex -26.924143308566386 0.021841600283131868 1.99
      vertex -26.924143308566386 0.021841600283131868 4.3999999999999995
      vertex -26.937325155708145 0.05027824845826245 4.3999999999999995
    endloop
  endfacet
  facet normal -0.8720282609453024 -0.4894555261846693 5.808501583347689e-21
    outer loop
      vertex -26.908748591761224 -0.005586076809404261 1.99
      vertex -26.924143308566386 0.021841600283131868 4.3999999999999995
      vertex -26.924143308566386 0.021841600283131868 1.99
    endloop
  endfacet
  facet normal -0.8720282609453024 -0.4894555261846693 0
    outer loop
      vertex -26.908748591761224 -0.005586076809404261 1.99
      vertex -26.908748591761224 -0.005586076809404261 4.3999999999999995
      vertex -26.924143308566386 0.021841600283131868 4.3999999999999995
    endloop
  endfacet
  facet normal -0.8303500531615989 -0.5572421279969145 -2.8095491410158637e-19
    outer loop
      vertex -26.8912816926478 -0.031613614712064475 1.99
      vertex -26.908748591761224 -0.005586076809404261 4.3999999999999995
      vertex -26.908748591761224 -0.005586076809404261 1.99
    endloop
  endfacet
  facet normal -0.8303500531615989 -0.5572421279969145 0
    outer loop
      vertex -26.8912816926478 -0.031613614712064475 1.99
      vertex -26.8912816926478 -0.031613614712064475 4.3999999999999995
      vertex -26.908748591761224 -0.005586076809404261 4.3999999999999995
    endloop
  endfacet
  facet normal -0.7853167555222003 -0.6190941717510225 1.2981284126022037e-19
    outer loop
      vertex -26.871934058756473 -0.05615595700482956 1.99
      vertex -26.8912816926478 -0.031613614712064475 4.3999999999999995
      vertex -26.8912816926478 -0.031613614712064475 1.99
    endloop
  endfacet
  facet normal -0.7853167555222003 -0.6190941717510225 0
    outer loop
      vertex -26.871934058756473 -0.05615595700482956 1.99
      vertex -26.871934058756473 -0.05615595700482956 4.3999999999999995
      vertex -26.8912816926478 -0.031613614712064475 4.3999999999999995
    endloop
  endfacet
  facet normal -0.73412056010949 -0.679019147907133 7.107750844750683e-19
    outer loop
      vertex -26.850536894839664 -0.07928946952473126 1.99
      vertex -26.871934058756473 -0.05615595700482956 4.3999999999999995
      vertex -26.871934058756473 -0.05615595700482956 1.99
    endloop
  endfacet
  facet normal -0.73412056010949 -0.679019147907133 0
    outer loop
      vertex -26.850536894839664 -0.07928946952473126 1.99
      vertex -26.850536894839664 -0.07928946952473126 4.3999999999999995
      vertex -26.871934058756473 -0.05615595700482956 4.3999999999999995
    endloop
  endfacet
  facet normal -0.6785618799972403 -0.734543242440233 -1.3298040651704299e-19
    outer loop
      vertex -26.82756186464259 -0.10051351568398559 1.99
      vertex -26.850536894839664 -0.07928946952473126 4.3999999999999995
      vertex -26.850536894839664 -0.07928946952473126 1.99
    endloop
  endfacet
  facet normal -0.6785618799972403 -0.734543242440233 0
    outer loop
      vertex -26.82756186464259 -0.10051351568398559 1.99
      vertex -26.82756186464259 -0.10051351568398559 4.3999999999999995
      vertex -26.850536894839664 -0.07928946952473126 4.3999999999999995
    endloop
  endfacet
  facet normal -0.6200292359890631 -0.784578706388861 3.367243146697172e-19
    outer loop
      vertex -26.802989477656226 -0.11993234289089116 1.99
      vertex -26.82756186464259 -0.10051351568398559 4.3999999999999995
      vertex -26.82756186464259 -0.10051351568398559 1.99
    endloop
  endfacet
  facet normal -0.6200292359890631 -0.784578706388861 0
    outer loop
      vertex -26.802989477656226 -0.11993234289089116 1.99
      vertex -26.802989477656226 -0.11993234289089116 4.3999999999999995
      vertex -26.82756186464259 -0.10051351568398559 4.3999999999999995
    endloop
  endfacet
  facet normal -0.5562646623453793 -0.8310051897706664 1.8863688915065378e-19
    outer loop
      vertex -26.776892129013767 -0.13740158737865826 1.99
      vertex -26.802989477656226 -0.11993234289089116 4.3999999999999995
      vertex -26.802989477656226 -0.11993234289089116 1.99
    endloop
  endfacet
  facet normal -0.5562646623453793 -0.8310051897706664 0
    outer loop
      vertex -26.776892129013767 -0.13740158737865826 1.99
      vertex -26.776892129013767 -0.13740158737865826 4.3999999999999995
      vertex -26.802989477656226 -0.11993234289089116 4.3999999999999995
    endloop
  endfacet
  facet normal -0.4901002392658811 -0.8716660802575296 -1.3247591925081248e-19
    outer loop
      vertex -26.74959997497119 -0.15274678840150457 1.99
      vertex -26.776892129013767 -0.13740158737865826 4.3999999999999995
      vertex -26.776892129013767 -0.13740158737865826 1.99
    endloop
  endfacet
  facet normal -0.4901002392658811 -0.8716660802575296 0
    outer loop
      vertex -26.74959997497119 -0.15274678840150457 1.99
      vertex -26.74959997497119 -0.15274678840150457 4.3999999999999995
      vertex -26.776892129013767 -0.13740158737865826 4.3999999999999995
    endloop
  endfacet
  facet normal -0.4205631299663207 -0.9072632769559955 1.5252889027218406e-19
    outer loop
      vertex -26.721079339239324 -0.1659675680105579 1.99
      vertex -26.74959997497119 -0.15274678840150457 4.3999999999999995
      vertex -26.74959997497119 -0.15274678840150457 1.99
    endloop
  endfacet
  facet normal -0.4205631299663207 -0.9072632769559955 0
    outer loop
      vertex -26.721079339239324 -0.1659675680105579 1.99
      vertex -26.721079339239324 -0.1659675680105579 4.3999999999999995
      vertex -26.74959997497119 -0.15274678840150457 4.3999999999999995
    endloop
  endfacet
  facet normal -0.3479515691874553 -0.937512509516533 -2.3818331533301466e-19
    outer loop
      vertex -26.691493703373652 -0.17694808114544713 1.99
      vertex -26.721079339239324 -0.1659675680105579 4.3999999999999995
      vertex -26.721079339239324 -0.1659675680105579 1.99
    endloop
  endfacet
  facet normal -0.3479515691874553 -0.937512509516533 0
    outer loop
      vertex -26.691493703373652 -0.17694808114544713 1.99
      vertex -26.691493703373652 -0.17694808114544713 4.3999999999999995
      vertex -26.721079339239324 -0.1659675680105579 4.3999999999999995
    endloop
  endfacet
  facet normal -0.2724712438743098 -0.9621639263979846 -2.0533228069063617e-19
    outer loop
      vertex -26.6612141728206 -0.18552281682963212 1.99
      vertex -26.691493703373652 -0.17694808114544713 4.3999999999999995
      vertex -26.691493703373652 -0.17694808114544713 1.99
    endloop
  endfacet
  facet normal -0.2724712438743098 -0.9621639263979846 0
    outer loop
      vertex -26.6612141728206 -0.18552281682963212 1.99
      vertex -26.6612141728206 -0.18552281682963212 4.3999999999999995
      vertex -26.691493703373652 -0.17694808114544713 4.3999999999999995
    endloop
  endfacet
  facet normal -0.1966070919628576 -0.9804823564908797 1.0571516284735308e-19
    outer loop
      vertex -26.630362948306278 -0.19170912859251033 1.99
      vertex -26.6612141728206 -0.18552281682963212 4.3999999999999995
      vertex -26.6612141728206 -0.18552281682963212 1.99
    endloop
  endfacet
  facet normal -0.1966070919628576 -0.9804823564908797 0
    outer loop
      vertex -26.630362948306278 -0.19170912859251033 1.99
      vertex -26.630362948306278 -0.19170912859251033 4.3999999999999995
      vertex -26.6612141728206 -0.18552281682963212 4.3999999999999995
    endloop
  endfacet
  facet normal -0.1182728025855485 -0.9929811398856274 -3.0837562169171404e-20
    outer loop
      vertex -26.59895072443895 -0.19545060121772195 1.99
      vertex -26.630362948306278 -0.19170912859251033 4.3999999999999995
      vertex -26.630362948306278 -0.19170912859251033 1.99
    endloop
  endfacet
  facet normal -0.1182728025855485 -0.9929811398856274 0
    outer loop
      vertex -26.59895072443895 -0.19545060121772195 1.99
      vertex -26.59895072443895 -0.19545060121772195 4.3999999999999995
      vertex -26.630362948306278 -0.19170912859251033 4.3999999999999995
    endloop
  endfacet
  facet normal -0.03915227691836109 -0.9992332556576107 -7.015210324412991e-21
    outer loop
      vertex -26.567471986800733 -0.19668401118088497 1.99
      vertex -26.59895072443895 -0.19545060121772195 4.3999999999999995
      vertex -26.59895072443895 -0.19545060121772195 1.99
    endloop
  endfacet
  facet normal -0.03915227691836109 -0.9992332556576107 0
    outer loop
      vertex -26.567471986800733 -0.19668401118088497 1.99
      vertex -26.567471986800733 -0.19668401118088497 4.3999999999999995
      vertex -26.59895072443895 -0.19545060121772195 4.3999999999999995
    endloop
  endfacet
  facet normal 0.039152276782618865 -0.9992332556629294 -3.804830923925593e-20
    outer loop
      vertex -26.53598064837739 -0.1954501074940147 1.99
      vertex -26.567471986800733 -0.19668401118088497 4.3999999999999995
      vertex -26.567471986800733 -0.19668401118088497 1.99
    endloop
  endfacet
  facet normal 0.039152276782618865 -0.9992332556629294 0
    outer loop
      vertex -26.53598064837739 -0.1954501074940147 1.99
      vertex -26.53598064837739 -0.1954501074940147 4.3999999999999995
      vertex -26.567471986800733 -0.19668401118088497 4.3999999999999995
    endloop
  endfacet
  facet normal 0.11837281897349403 -0.9929692219440986 5.573918936182123e-20
    outer loop
      vertex -30.113645376448826 -1.1942251740479115 1.99
      vertex -30.1450473366891 -1.197968632025045 4.3999999999999995
      vertex -30.1450473366891 -1.197968632025045 1.99
    endloop
  endfacet
  facet normal 0.11837281897349403 -0.9929692219440986 0
    outer loop
      vertex -30.113645376448826 -1.1942251740479115 1.99
      vertex -30.113645376448826 -1.1942251740479115 4.3999999999999995
      vertex -30.1450473366891 -1.197968632025045 4.3999999999999995
    endloop
  endfacet
  facet normal 0.19660707958450685 -0.9804823589729962 -1.4036826245878082e-20
    outer loop
      vertex -30.082834968170623 -1.1880470471933613 1.99
      vertex -30.113645376448826 -1.1942251740479115 4.3999999999999995
      vertex -30.113645376448826 -1.1942251740479115 1.99
    endloop
  endfacet
  facet normal 0.19660707958450685 -0.9804823589729962 0
    outer loop
      vertex -30.082834968170623 -1.1880470471933613 1.99
      vertex -30.082834968170623 -1.1880470471933613 4.3999999999999995
      vertex -30.113645376448826 -1.1942251740479115 4.3999999999999995
    endloop
  endfacet
  facet normal 0.2722481970610658 -0.9622270621828296 3.1459963963198113e-19
    outer loop
      vertex -30.052508477845137 -1.1794666064234107 1.99
      vertex -30.082834968170623 -1.1880470471933613 4.3999999999999995
      vertex -30.082834968170623 -1.1880470471933613 1.99
    endloop
  endfacet
  facet normal 0.2722481970610658 -0.9622270621828296 0
    outer loop
      vertex -30.052508477845137 -1.1794666064234107 1.99
      vertex -30.052508477845137 -1.1794666064234107 4.3999999999999995
      vertex -30.082834968170623 -1.1880470471933613 4.3999999999999995
    endloop
  endfacet
  facet normal 0.34822927585180885 -0.937409393722788 3.2307092749741977e-19
    outer loop
      vertex -30.02290770012314 -1.1684704958021541 1.99
      vertex -30.052508477845137 -1.1794666064234107 4.3999999999999995
      vertex -30.052508477845137 -1.1794666064234107 1.99
    endloop
  endfacet
  facet normal 0.34822927585180885 -0.937409393722788 0
    outer loop
      vertex -30.02290770012314 -1.1684704958021541 1.99
      vertex -30.02290770012314 -1.1684704958021541 4.3999999999999995
      vertex -30.052508477845137 -1.1794666064234107 4.3999999999999995
    endloop
  endfacet
  facet normal 0.4205631416819667 -0.907263271525192 -1.919218291469716e-19
    outer loop
      vertex -29.99442071155 -1.155265312932535 1.99
      vertex -30.02290770012314 -1.1684704958021541 4.3999999999999995
      vertex -30.02290770012314 -1.1684704958021541 1.99
    endloop
  endfacet
  facet normal 0.4205631416819667 -0.907263271525192 0
    outer loop
      vertex -29.99442071155 -1.155265312932535 1.99
      vertex -29.99442071155 -1.155265312932535 4.3999999999999995
      vertex -30.02290770012314 -1.1684704958021541 4.3999999999999995
    endloop
  endfacet
  facet normal 0.49010024268642177 -0.8716660783343071 2.5638637135946263e-19
    outer loop
      vertex -29.967128553772746 -1.1399201096688856 1.99
      vertex -29.99442071155 -1.155265312932535 4.3999999999999995
      vertex -29.99442071155 -1.155265312932535 1.99
    endloop
  endfacet
  facet normal 0.49010024268642177 -0.8716660783343071 0
    outer loop
      vertex -29.967128553772746 -1.1399201096688856 1.99
      vertex -29.967128553772746 -1.1399201096688856 4.3999999999999995
      vertex -29.99442071155 -1.155265312932535 4.3999999999999995
    endloop
  endfacet
  facet normal 0.556264687485697 -0.8310051729420459 -3.3211577310431873e-19
    outer loop
      vertex -29.94108588447085 -1.12248746571888 1.99
      vertex -29.967128553772746 -1.1399201096688856 4.3999999999999995
      vertex -29.967128553772746 -1.1399201096688856 1.99
    endloop
  endfacet
  facet normal 0.556264687485697 -0.8310051729420459 0
    outer loop
      vertex -29.94108588447085 -1.12248746571888 1.99
      vertex -29.94108588447085 -1.12248746571888 4.3999999999999995
      vertex -29.967128553772746 -1.1399201096688856 4.3999999999999995
    endloop
  endfacet
  facet normal 0.6196168000296076 -0.784904466238452 1.3446059444665125e-19
    outer loop
      vertex -29.916440533934136 -1.1030320110845722 1.99
      vertex -29.94108588447085 -1.12248746571888 4.3999999999999995
      vertex -29.94108588447085 -1.12248746571888 1.99
    endloop
  endfacet
  facet normal 0.6196168000296076 -0.784904466238452 0
    outer loop
      vertex -29.916440533934136 -1.1030320110845722 1.99
      vertex -29.916440533934136 -1.1030320110845722 4.3999999999999995
      vertex -29.94108588447085 -1.12248746571888 4.3999999999999995
    endloop
  endfacet
  facet normal 0.678984814279253 -0.7341523152440291 5.666129637037009e-19
    outer loop
      vertex -29.893434834606214 -1.081755063288881 1.99
      vertex -29.916440533934136 -1.1030320110845722 4.3999999999999995
      vertex -29.916440533934136 -1.1030320110845722 1.99
    endloop
  endfacet
  facet normal 0.678984814279253 -0.7341523152440291 0
    outer loop
      vertex -29.893434834606214 -1.081755063288881 1.99
      vertex -29.893434834606214 -1.081755063288881 4.3999999999999995
      vertex -29.916440533934136 -1.1030320110845722 4.3999999999999995
    endloop
  endfacet
  facet normal 0.7341205558617317 -0.6790191524995903 3.8594140565639513e-19
    outer loop
      vertex -29.872143215522943 -1.0587356607005027 1.99
      vertex -29.893434834606214 -1.081755063288881 4.3999999999999995
      vertex -29.893434834606214 -1.081755063288881 1.99
    endloop
  endfacet
  facet normal 0.7341205558617317 -0.6790191524995903 0
    outer loop
      vertex -29.872143215522943 -1.0587356607005027 1.99
      vertex -29.872143215522943 -1.0587356607005027 4.3999999999999995
      vertex -29.893434834606214 -1.081755063288881 4.3999999999999995
    endloop
  endfacet
  facet normal 0.7849044695495858 -0.6196167958352028 -1.6019850465574424e-19
    outer loop
      vertex -29.852720749251127 -1.0341320981616988 1.99
      vertex -29.872143215522943 -1.0587356607005027 4.3999999999999995
      vertex -29.872143215522943 -1.0587356607005027 1.99
    endloop
  endfacet
  facet normal 0.7849044695495858 -0.6196167958352028 0
    outer loop
      vertex -29.852720749251127 -1.0341320981616988 1.99
      vertex -29.852720749251127 -1.0341320981616988 4.3999999999999995
      vertex -29.872143215522943 -1.0587356607005027 4.3999999999999995
    endloop
  endfacet
  facet normal 0.8307424964796243 -0.5566569002022714 2.4745801078842835e-19
    outer loop
      vertex -29.83528044847549 -1.0081045774385338 1.99
      vertex -29.852720749251127 -1.0341320981616988 4.3999999999999995
      vertex -29.852720749251127 -1.0341320981616988 1.99
    endloop
  endfacet
  facet normal 0.8307424964796243 -0.5566569002022714 0
    outer loop
      vertex -29.83528044847549 -1.0081045774385338 1.99
      vertex -29.83528044847549 -1.0081045774385338 4.3999999999999995
      vertex -29.852720749251127 -1.0341320981616988 4.3999999999999995
    endloop
  endfacet
  facet normal 0.8716661035909097 -0.49010019776637664 -1.7188212815586214e-19
    outer loop
      vertex -29.819906284320215 -0.9807609080699606 1.99
      vertex -29.83528044847549 -1.0081045774385338 4.3999999999999995
      vertex -29.83528044847549 -1.0081045774385338 1.99
    endloop
  endfacet
  facet normal 0.8716661035909097 -0.49010019776637664 0
    outer loop
      vertex -29.819906284320215 -0.9807609080699606 1.99
      vertex -29.819906284320215 -0.9807609080699606 4.3999999999999995
      vertex -29.83528044847549 -1.0081045774385338 4.3999999999999995
    endloop
  endfacet
  facet normal 0.9072632716783466 -0.4205631413515723 -3.491601270844617e-19
    outer loop
      vertex -29.80664350159611 -0.9521496617130865 1.99
      vertex -29.819906284320215 -0.9807609080699606 4.3999999999999995
      vertex -29.819906284320215 -0.9807609080699606 1.99
    endloop
  endfacet
  facet normal 0.9072632716783466 -0.4205631413515723 0
    outer loop
      vertex -29.80664350159611 -0.9521496617130865 1.99
      vertex -29.80664350159611 -0.9521496617130865 4.3999999999999995
      vertex -29.819906284320215 -0.9807609080699606 4.3999999999999995
    endloop
  endfacet
  facet normal 0.9377897939093133 -0.3472035461217638 -3.375030792757507e-19
    outer loop
      vertex -29.795723404258794 -0.9226546984679835 1.99
      vertex -29.80664350159611 -0.9521496617130865 4.3999999999999995
      vertex -29.80664350159611 -0.9521496617130865 1.99
    endloop
  endfacet
  facet normal 0.9377897939093133 -0.3472035461217638 0
    outer loop
      vertex -29.795723404258794 -0.9226546984679835 1.99
      vertex -29.795723404258794 -0.9226546984679835 4.3999999999999995
      vertex -29.80664350159611 -0.9521496617130865 4.3999999999999995
    endloop
  endfacet
  facet normal 0.9619404463757538 -0.2732591766554517 6.955605376878584e-20
    outer loop
      vertex -29.787150416401357 -0.8924756433039711 1.99
      vertex -29.795723404258794 -0.9226546984679835 4.3999999999999995
      vertex -29.795723404258794 -0.9226546984679835 1.99
    endloop
  endfacet
  facet normal 0.9619404463757538 -0.2732591766554517 0
    outer loop
      vertex -29.787150416401357 -0.8924756433039711 1.99
      vertex -29.787150416401357 -0.8924756433039711 4.3999999999999995
      vertex -29.795723404258794 -0.9226546984679835 4.3999999999999995
    endloop
  endfacet
  facet normal 0.9804823565493893 -0.19660709167106957 -1.2359453336102686e-20
    outer loop
      vertex -29.78092314723174 -0.8614201635733174 1.99
      vertex -29.787150416401357 -0.8924756433039711 4.3999999999999995
      vertex -29.787150416401357 -0.8924756433039711 1.99
    endloop
  endfacet
  facet normal 0.9804823565493893 -0.19660709167106957 0
    outer loop
      vertex -29.78092314723174 -0.8614201635733174 1.99
      vertex -29.78092314723174 -0.8614201635733174 4.3999999999999995
      vertex -29.787150416401357 -0.8924756433039711 4.3999999999999995
    endloop
  endfacet
  facet normal 0.9930807190174514 -0.11743374947510446 2.6886378068495016e-20
    outer loop
      vertex -29.777220858043812 -0.8301116851742947 1.99
      vertex -29.78092314723174 -0.8614201635733174 4.3999999999999995
      vertex -29.78092314723174 -0.8614201635733174 1.99
    endloop
  endfacet
  facet normal 0.9930807190174514 -0.11743374947510446 0
    outer loop
      vertex -29.777220858043812 -0.8301116851742947 1.99
      vertex -29.777220858043812 -0.8301116851742947 4.3999999999999995
      vertex -29.78092314723174 -0.8614201635733174 4.3999999999999995
    endloop
  endfacet
  facet normal 0.9991995999023384 -0.040001994387866724 1.3630452801792654e-20
    outer loop
      vertex -29.775960636119596 -0.7986329236341732 1.99
      vertex -29.777220858043812 -0.8301116851742947 4.3999999999999995
      vertex -29.777220858043812 -0.8301116851742947 1.99
    endloop
  endfacet
  facet normal 0.9991995999023384 -0.040001994387866724 0
    outer loop
      vertex -29.775960636119596 -0.7986329236341732 1.99
      vertex -29.775960636119596 -0.7986329236341732 4.3999999999999995
      vertex -29.777220858043812 -0.8301116851742947 4.3999999999999995
    endloop
  endfacet
  facet normal 0.9991995999023381 0.04000199438787123 -3.8688957695442614e-20
    outer loop
      vertex -29.777220858043812 -0.7671541620940552 1.99
      vertex -29.775960636119596 -0.7986329236341732 4.3999999999999995
      vertex -29.775960636119596 -0.7986329236341732 1.99
    endloop
  endfacet
  facet normal 0.9991995999023381 0.04000199438787123 0
    outer loop
      vertex -29.777220858043812 -0.7671541620940552 1.99
      vertex -29.777220858043812 -0.7671541620940552 4.3999999999999995
      vertex -29.775960636119596 -0.7986329236341732 4.3999999999999995
    endloop
  endfacet
  facet normal 0.9930807190174514 0.11743374947510446 -2.6886378068495016e-20
    outer loop
      vertex -29.78092314723174 -0.7358456836950324 1.99
      vertex -29.777220858043812 -0.7671541620940552 4.3999999999999995
      vertex -29.777220858043812 -0.7671541620940552 1.99
    endloop
  endfacet
  facet normal 0.9930807190174514 0.11743374947510446 0
    outer loop
      vertex -29.78092314723174 -0.7358456836950324 1.99
      vertex -29.78092314723174 -0.7358456836950324 4.3999999999999995
      vertex -29.777220858043812 -0.7671541620940552 4.3999999999999995
    endloop
  endfacet
  facet normal 0.9804823565493893 0.19660709167106957 1.2359453336102686e-20
    outer loop
      vertex -29.787150416401357 -0.7047902039643787 1.99
      vertex -29.78092314723174 -0.7358456836950324 4.3999999999999995
      vertex -29.78092314723174 -0.7358456836950324 1.99
    endloop
  endfacet
  facet normal 0.9804823565493893 0.19660709167106957 0
    outer loop
      vertex -29.787150416401357 -0.7047902039643787 1.99
      vertex -29.787150416401357 -0.7047902039643787 4.3999999999999995
      vertex -29.78092314723174 -0.7358456836950324 4.3999999999999995
    endloop
  endfacet
  facet normal 0.9619404463757538 0.2732591766554517 -6.955605376878584e-20
    outer loop
      vertex -29.795723404258794 -0.6746111488003663 1.99
      vertex -29.787150416401357 -0.7047902039643787 4.3999999999999995
      vertex -29.787150416401357 -0.7047902039643787 1.99
    endloop
  endfacet
  facet normal 0.9619404463757538 0.2732591766554517 0
    outer loop
      vertex -29.795723404258794 -0.6746111488003663 1.99
      vertex -29.795723404258794 -0.6746111488003663 4.3999999999999995
      vertex -29.787150416401357 -0.7047902039643787 4.3999999999999995
    endloop
  endfacet
  facet normal 0.9377897939093133 0.3472035461217638 3.375030792757507e-19
    outer loop
      vertex -29.80664350159611 -0.6451161855552634 1.99
      vertex -29.795723404258794 -0.6746111488003663 4.3999999999999995
      vertex -29.795723404258794 -0.6746111488003663 1.99
    endloop
  endfacet
  facet normal 0.9377897939093133 0.3472035461217638 0
    outer loop
      vertex -29.80664350159611 -0.6451161855552634 1.99
      vertex -29.80664350159611 -0.6451161855552634 4.3999999999999995
      vertex -29.795723404258794 -0.6746111488003663 4.3999999999999995
    endloop
  endfacet
  facet normal 0.9072632716783466 0.4205631413515723 3.491601270844617e-19
    outer loop
      vertex -29.819906284320215 -0.6165049391983892 1.99
      vertex -29.80664350159611 -0.6451161855552634 4.3999999999999995
      vertex -29.80664350159611 -0.6451161855552634 1.99
    endloop
  endfacet
  facet normal 0.9072632716783466 0.4205631413515723 0
    outer loop
      vertex -29.819906284320215 -0.6165049391983892 1.99
      vertex -29.819906284320215 -0.6165049391983892 4.3999999999999995
      vertex -29.80664350159611 -0.6451161855552634 4.3999999999999995
    endloop
  endfacet
  facet normal 0.8716661035909097 0.49010019776637664 1.7188212815586214e-19
    outer loop
      vertex -29.83528044847549 -0.5891612698298161 1.99
      vertex -29.819906284320215 -0.6165049391983892 4.3999999999999995
      vertex -29.819906284320215 -0.6165049391983892 1.99
    endloop
  endfacet
  facet normal 0.8716661035909097 0.49010019776637664 0
    outer loop
      vertex -29.83528044847549 -0.5891612698298161 1.99
      vertex -29.83528044847549 -0.5891612698298161 4.3999999999999995
      vertex -29.819906284320215 -0.6165049391983892 4.3999999999999995
    endloop
  endfacet
  facet normal 0.8307424964796243 0.5566569002022714 -2.4745801078842835e-19
    outer loop
      vertex -29.852720749251127 -0.563133749106651 1.99
      vertex -29.83528044847549 -0.5891612698298161 4.3999999999999995
      vertex -29.83528044847549 -0.5891612698298161 1.99
    endloop
  endfacet
  facet normal 0.8307424964796243 0.5566569002022714 0
    outer loop
      vertex -29.852720749251127 -0.563133749106651 1.99
      vertex -29.852720749251127 -0.563133749106651 4.3999999999999995
      vertex -29.83528044847549 -0.5891612698298161 4.3999999999999995
    endloop
  endfacet
  facet normal 0.7849044695495858 0.6196167958352028 1.6019850465574424e-19
    outer loop
      vertex -29.872143215522943 -0.5385301865678471 1.99
      vertex -29.852720749251127 -0.563133749106651 4.3999999999999995
      vertex -29.852720749251127 -0.563133749106651 1.99
    endloop
  endfacet
  facet normal 0.7849044695495858 0.6196167958352028 0
    outer loop
      vertex -29.872143215522943 -0.5385301865678471 1.99
      vertex -29.872143215522943 -0.5385301865678471 4.3999999999999995
      vertex -29.852720749251127 -0.563133749106651 4.3999999999999995
    endloop
  endfacet
  facet normal 0.7341205558617317 0.6790191524995903 -3.8594140565639513e-19
    outer loop
      vertex -29.893434834606214 -0.5155107839794688 1.99
      vertex -29.872143215522943 -0.5385301865678471 4.3999999999999995
      vertex -29.872143215522943 -0.5385301865678471 1.99
    endloop
  endfacet
  facet normal 0.7341205558617317 0.6790191524995903 0
    outer loop
      vertex -29.893434834606214 -0.5155107839794688 1.99
      vertex -29.893434834606214 -0.5155107839794688 4.3999999999999995
      vertex -29.872143215522943 -0.5385301865678471 4.3999999999999995
    endloop
  endfacet
  facet normal 0.6789847902729751 0.7341523374463667 -3.2100168986249754e-21
    outer loop
      vertex -29.913501276438456 -0.49695222589276256 1.99
      vertex -29.893434834606214 -0.5155107839794688 4.3999999999999995
      vertex -29.893434834606214 -0.5155107839794688 1.99
    endloop
  endfacet
  facet normal 0.6789847902729751 0.7341523374463667 0
    outer loop
      vertex -29.913501276438456 -0.49695222589276256 1.99
      vertex -29.913501276438456 -0.49695222589276256 4.3999999999999995
      vertex -29.893434834606214 -0.5155107839794688 4.3999999999999995
    endloop
  endfacet
  facet normal 0.03961087310337959 -0.9992151813958733 2.921113492161935e-22
    outer loop
      vertex -29.8984088298364 -0.4963539313529033 1.99
      vertex -29.913501276438456 -0.49695222589276256 4.3999999999999995
      vertex -29.913501276438456 -0.49695222589276256 1.99
    endloop
  endfacet
  facet normal 0.03961087310337959 -0.9992151813958733 0
    outer loop
      vertex -29.8984088298364 -0.4963539313529033 1.99
      vertex -29.8984088298364 -0.4963539313529033 4.3999999999999995
      vertex -29.913501276438456 -0.49695222589276256 4.3999999999999995
    endloop
  endfacet
  facet normal 0.1174336907326414 -0.9930807259638617 -7.689252332201807e-20
    outer loop
      vertex -29.87095147404817 -0.49310704663983884 1.99
      vertex -29.8984088298364 -0.4963539313529033 4.3999999999999995
      vertex -29.8984088298364 -0.4963539313529033 1.99
    endloop
  endfacet
  facet normal 0.1174336907326414 -0.9930807259638617 0
    outer loop
      vertex -29.87095147404817 -0.49310704663983884 1.99
      vertex -29.87095147404817 -0.49310704663983884 4.3999999999999995
      vertex -29.8984088298364 -0.4963539313529033 4.3999999999999995
    endloop
  endfacet
  facet normal 0.19660714337079316 -0.9804823461825186 -6.321182740351523e-20
    outer loop
      vertex -29.843774194051115 -0.48765743563397734 1.99
      vertex -29.87095147404817 -0.49310704663983884 4.3999999999999995
      vertex -29.87095147404817 -0.49310704663983884 1.99
    endloop
  endfacet
  facet normal 0.19660714337079316 -0.9804823461825186 0
    outer loop
      vertex -29.843774194051115 -0.48765743563397734 1.99
      vertex -29.843774194051115 -0.48765743563397734 4.3999999999999995
      vertex -29.87095147404817 -0.49310704663983884 4.3999999999999995
    endloop
  endfacet
  facet normal 0.2730355589275089 -0.9620039415517707 -9.247204877422166e-20
    outer loop
      vertex -29.81732775510987 -0.48015141832357244 1.99
      vertex -29.843774194051115 -0.48765743563397734 4.3999999999999995
      vertex -29.843774194051115 -0.48765743563397734 1.99
    endloop
  endfacet
  facet normal 0.2730355589275089 -0.9620039415517707 0
    outer loop
      vertex -29.81732775510987 -0.48015141832357244 1.99
      vertex -29.81732775510987 -0.48015141832357244 4.3999999999999995
      vertex -29.843774194051115 -0.48765743563397734 4.3999999999999995
    endloop
  endfacet
  facet normal 0.3474808405490411 -0.9376870829073695 3.5297441848696746e-19
    outer loop
      vertex -29.791430699196184 -0.47055468725980276 1.99
      vertex -29.81732775510987 -0.48015141832357244 4.3999999999999995
      vertex -29.81732775510987 -0.48015141832357244 1.99
    endloop
  endfacet
  facet normal 0.3474808405490411 -0.9376870829073695 0
    outer loop
      vertex -29.791430699196184 -0.47055468725980276 1.99
      vertex -29.791430699196184 -0.47055468725980276 4.3999999999999995
      vertex -29.81732775510987 -0.48015141832357244 4.3999999999999995
    endloop
  endfacet
  facet normal 0.4210738756284147 -0.9070263454074895 -3.193232515620956e-19
    outer loop
      vertex -29.766525787424523 -0.4589929418099885 1.99
      vertex -29.791430699196184 -0.47055468725980276 4.3999999999999995
      vertex -29.791430699196184 -0.47055468725980276 1.99
    endloop
  endfacet
  facet normal 0.4210738756284147 -0.9070263454074895 0
    outer loop
      vertex -29.766525787424523 -0.4589929418099885 1.99
      vertex -29.766525787424523 -0.4589929418099885 4.3999999999999995
      vertex -29.791430699196184 -0.47055468725980276 4.3999999999999995
    endloop
  endfacet
  facet normal 0.48941609492449345 -0.8720503919091255 3.0370462739009473e-19
    outer loop
      vertex -29.742613553853065 -0.44557280911577024 1.99
      vertex -29.766525787424523 -0.4589929418099885 4.3999999999999995
      vertex -29.766525787424523 -0.4589929418099885 1.99
    endloop
  endfacet
  facet normal 0.48941609492449345 -0.8720503919091255 0
    outer loop
      vertex -29.742613553853065 -0.44557280911577024 1.99
      vertex -29.742613553853065 -0.44557280911577024 4.3999999999999995
      vertex -29.766525787424523 -0.4589929418099885 4.3999999999999995
    endloop
  endfacet
  facet normal 0.5570458640732089 -0.8304817308760815 3.9434906979312497e-19
    outer loop
      vertex -29.71978503037787 -0.4302605703127078 1.99
      vertex -29.742613553853065 -0.44557280911577024 4.3999999999999995
      vertex -29.742613553853065 -0.44557280911577024 1.99
    endloop
  endfacet
  facet normal 0.5570458640732089 -0.8304817308760815 0
    outer loop
      vertex -29.71978503037787 -0.4302605703127078 1.99
      vertex -29.71978503037787 -0.4302605703127078 4.3999999999999995
      vertex -29.742613553853065 -0.44557280911577024 4.3999999999999995
    endloop
  endfacet
  facet normal 0.6195618163617435 -0.7849478681457369 1.2358248615517939e-19
    outer loop
      vertex -29.698387944889188 -0.4133717835687776 1.99
      vertex -29.71978503037787 -0.4302605703127078 4.3999999999999995
      vertex -29.71978503037787 -0.4302605703127078 1.99
    endloop
  endfacet
  facet normal 0.6195618163617435 -0.7849478681457369 0
    outer loop
      vertex -29.698387944889188 -0.4133717835687776 1.99
      vertex -29.698387944889188 -0.4133717835687776 4.3999999999999995
      vertex -29.71978503037787 -0.4302605703127078 4.3999999999999995
    endloop
  endfacet
  facet normal 0.6785444330752338 -0.7345593593050255 -1.6385137603280567e-19
    outer loop
      vertex -29.678202205665276 -0.394725338180276 1.99
      vertex -29.698387944889188 -0.4133717835687776 4.3999999999999995
      vertex -29.698387944889188 -0.4133717835687776 1.99
    endloop
  endfacet
  facet normal 0.6785444330752338 -0.7345593593050255 0
    outer loop
      vertex -29.678202205665276 -0.394725338180276 1.99
      vertex -29.678202205665276 -0.394725338180276 4.3999999999999995
      vertex -29.698387944889188 -0.4133717835687776 4.3999999999999995
    endloop
  endfacet
  facet normal 0.7345110595799446 -0.6785967162864459 3.834102742125171e-19
    outer loop
      vertex -29.65953866369285 -0.3745239760742223 1.99
      vertex -29.678202205665276 -0.394725338180276 4.3999999999999995
      vertex -29.678202205665276 -0.394725338180276 1.99
    endloop
  endfacet
  facet normal 0.7345110595799446 -0.6785967162864459 0
    outer loop
      vertex -29.65953866369285 -0.3745239760742223 1.99
      vertex -29.65953866369285 -0.3745239760742223 4.3999999999999995
      vertex -29.678202205665276 -0.394725338180276 4.3999999999999995
    endloop
  endfacet
  facet normal 0.7849478686066159 -0.6195618157778372 -2.290974307188841e-19
    outer loop
      vertex -29.642644356355984 -0.35311989629082063 1.99
      vertex -29.65953866369285 -0.3745239760742223 4.3999999999999995
      vertex -29.65953866369285 -0.3745239760742223 1.99
    endloop
  endfacet
  facet normal 0.7849478686066159 -0.6195618157778372 0
    outer loop
      vertex -29.642644356355984 -0.35311989629082063 1.99
      vertex -29.642644356355984 -0.35311989629082063 4.3999999999999995
      vertex -29.65953866369285 -0.3745239760742223 4.3999999999999995
    endloop
  endfacet
  facet normal 0.830481730241002 -0.5570458650200281 3.617014741505974e-19
    outer loop
      vertex -29.627375554782223 -0.33035613203735537 1.99
      vertex -29.642644356355984 -0.35311989629082063 4.3999999999999995
      vertex -29.642644356355984 -0.35311989629082063 1.99
    endloop
  endfacet
  facet normal 0.830481730241002 -0.5570458650200281 0
    outer loop
      vertex -29.627375554782223 -0.33035613203735537 1.99
      vertex -29.627375554782223 -0.33035613203735537 4.3999999999999995
      vertex -29.642644356355984 -0.35311989629082063 4.3999999999999995
    endloop
  endfacet
  facet normal 0.8717453990957063 -0.48995914029178783 3.600669985767274e-19
    outer loop
      vertex -29.61384125240172 -0.306275622337818 1.99
      vertex -29.627375554782223 -0.33035613203735537 4.3999999999999995
      vertex -29.627375554782223 -0.33035613203735537 1.99
    endloop
  endfacet
  facet normal 0.8717453990957063 -0.48995914029178783 0
    outer loop
      vertex -29.61384125240172 -0.306275622337818 1.99
      vertex -29.61384125240172 -0.306275622337818 4.3999999999999995
      vertex -29.627375554782223 -0.33035613203735537 4.3999999999999995
    endloop
  endfacet
  facet normal 0.9077359997021592 -0.41954183920643895 -1.0630190268163108e-19
    outer loop
      vertex -29.60234969788137 -0.28141207654607214 1.99
      vertex -29.61384125240172 -0.306275622337818 4.3999999999999995
      vertex -29.61384125240172 -0.306275622337818 1.99
    endloop
  endfacet
  facet normal 0.9077359997021592 -0.41954183920643895 0
    outer loop
      vertex -29.60234969788137 -0.28141207654607214 1.99
      vertex -29.60234969788137 -0.28141207654607214 4.3999999999999995
      vertex -29.61384125240172 -0.306275622337818 4.3999999999999995
    endloop
  endfacet
  facet normal 0.9372703628475566 -0.3486033088305526 2.5141475483944474e-19
    outer loop
      vertex -29.592809657652786 -0.25576230002323896 1.99
      vertex -29.60234969788137 -0.28141207654607214 4.3999999999999995
      vertex -29.60234969788137 -0.28141207654607214 1.99
    endloop
  endfacet
  facet normal 0.9372703628475566 -0.3486033088305526 0
    outer loop
      vertex -29.592809657652786 -0.25576230002323896 1.99
      vertex -29.592809657652786 -0.25576230002323896 4.3999999999999995
      vertex -29.60234969788137 -0.28141207654607214 4.3999999999999995
    endloop
  endfacet
  facet normal 0.9619086527873658 -0.2733710732553742 1.0543347035796357e-19
    outer loop
      vertex -29.585204693928283 -0.2290027737733631 1.99
      vertex -29.592809657652786 -0.25576230002323896 4.3999999999999995
      vertex -29.592809657652786 -0.25576230002323896 1.99
    endloop
  endfacet
  facet normal 0.9619086527873658 -0.2733710732553742 0
    outer loop
      vertex -29.585204693928283 -0.2290027737733631 1.99
      vertex -29.585204693928283 -0.2290027737733631 4.3999999999999995
      vertex -29.592809657652786 -0.25576230002323896 4.3999999999999995
    endloop
  endfacet
  facet normal 0.9807764025980961 -0.1951349484503927 1.661142886339828e-19
    outer loop
      vertex -29.57982050094039 -0.2019410430506241 1.99
      vertex -29.585204693928283 -0.2290027737733631 4.3999999999999995
      vertex -29.585204693928283 -0.2290027737733631 1.99
    endloop
  endfacet
  facet normal 0.9807764025980961 -0.1951349484503927 0
    outer loop
      vertex -29.57982050094039 -0.2019410430506241 1.99
      vertex -29.57982050094039 -0.2019410430506241 4.3999999999999995
      vertex -29.585204693928283 -0.2290027737733631 4.3999999999999995
    endloop
  endfacet
  facet normal 0.9929130728224487 -0.11884287870243879 1.0531150982369731e-20
    outer loop
      vertex -29.576557280769663 -0.17467736513917842 1.99
      vertex -29.57982050094039 -0.2019410430506241 4.3999999999999995
      vertex -29.57982050094039 -0.2019410430506241 1.99
    endloop
  endfacet
  facet normal 0.9929130728224487 -0.11884287870243879 0
    outer loop
      vertex -29.576557280769663 -0.17467736513917842 1.99
      vertex -29.576557280769663 -0.17467736513917842 4.3999999999999995
      vertex -29.57982050094039 -0.2019410430506241 4.3999999999999995
    endloop
  endfacet
  facet normal 0.9992171839271418 -0.039560325386838374 -1.1496559407519015e-20
    outer loop
      vertex -29.575461334392305 -0.146995882689005 1.99
      vertex -29.576557280769663 -0.17467736513917842 4.3999999999999995
      vertex -29.576557280769663 -0.17467736513917842 1.99
    endloop
  endfacet
  facet normal 0.9992171839271418 -0.039560325386838374 0
    outer loop
      vertex -29.575461334392305 -0.146995882689005 1.99
      vertex -29.575461334392305 -0.146995882689005 4.3999999999999995
      vertex -29.576557280769663 -0.17467736513917842 4.3999999999999995
    endloop
  endfacet
  facet normal 0.9992171839271418 0.039560325386838374 1.1496559407519015e-20
    outer loop
      vertex -29.576557280769663 -0.11931440023883155 1.99
      vertex -29.575461334392305 -0.146995882689005 4.3999999999999995
      vertex -29.575461334392305 -0.146995882689005 1.99
    endloop
  endfacet
  facet normal 0.9992171839271418 0.039560325386838374 0
    outer loop
      vertex -29.576557280769663 -0.11931440023883155 1.99
      vertex -29.576557280769663 -0.11931440023883155 4.3999999999999995
      vertex -29.575461334392305 -0.146995882689005 4.3999999999999995
    endloop
  endfacet
  facet normal 0.9929130728224487 0.11884287870243879 -1.0531150982369731e-20
    outer loop
      vertex -29.57982050094039 -0.09205072232738587 1.99
      vertex -29.576557280769663 -0.11931440023883155 4.3999999999999995
      vertex -29.576557280769663 -0.11931440023883155 1.99
    endloop
  endfacet
  facet normal 0.9929130728224487 0.11884287870243879 0
    outer loop
      vertex -29.57982050094039 -0.09205072232738587 1.99
      vertex -29.57982050094039 -0.09205072232738587 4.3999999999999995
      vertex -29.576557280769663 -0.11931440023883155 4.3999999999999995
    endloop
  endfacet
  facet normal 0.9807764025980961 0.1951349484503927 -1.661142886339828e-19
    outer loop
      vertex -29.585204693928283 -0.06498899160464688 1.99
      vertex -29.57982050094039 -0.09205072232738587 4.3999999999999995
      vertex -29.57982050094039 -0.09205072232738587 1.99
    endloop
  endfacet
  facet normal 0.9807764025980961 0.1951349484503927 0
    outer loop
      vertex -29.585204693928283 -0.06498899160464688 1.99
      vertex -29.585204693928283 -0.06498899160464688 4.3999999999999995
      vertex -29.57982050094039 -0.09205072232738587 4.3999999999999995
    endloop
  endfacet
  facet normal 0.9619086527873658 0.2733710732553742 -1.0543347035796357e-19
    outer loop
      vertex -29.592809657652786 -0.03822946535477101 1.99
      vertex -29.585204693928283 -0.06498899160464688 4.3999999999999995
      vertex -29.585204693928283 -0.06498899160464688 1.99
    endloop
  endfacet
  facet normal 0.9619086527873658 0.2733710732553742 0
    outer loop
      vertex -29.592809657652786 -0.03822946535477101 1.99
      vertex -29.592809657652786 -0.03822946535477101 4.3999999999999995
      vertex -29.585204693928283 -0.06498899160464688 4.3999999999999995
    endloop
  endfacet
  facet normal 0.9372703628475566 0.3486033088305526 -2.5141475483944474e-19
    outer loop
      vertex -29.60234969788137 -0.01257968883193783 1.99
      vertex -29.592809657652786 -0.03822946535477101 4.3999999999999995
      vertex -29.592809657652786 -0.03822946535477101 1.99
    endloop
  endfacet
  facet normal 0.9372703628475566 0.3486033088305526 0
    outer loop
      vertex -29.60234969788137 -0.01257968883193783 1.99
      vertex -29.60234969788137 -0.01257968883193783 4.3999999999999995
      vertex -29.592809657652786 -0.03822946535477101 4.3999999999999995
    endloop
  endfacet
  facet normal 0.9077359997021592 0.41954183920643895 1.0630190268163108e-19
    outer loop
      vertex -29.61384125240172 0.012283856959808048 1.99
      vertex -29.60234969788137 -0.01257968883193783 4.3999999999999995
      vertex -29.60234969788137 -0.01257968883193783 1.99
    endloop
  endfacet
  facet normal 0.9077359997021592 0.41954183920643895 0
    outer loop
      vertex -29.61384125240172 0.012283856959808048 1.99
      vertex -29.61384125240172 0.012283856959808048 4.3999999999999995
      vertex -29.60234969788137 -0.01257968883193783 4.3999999999999995
    endloop
  endfacet
  facet normal 0.8717453990957063 0.48995914029178783 -3.600669985767274e-19
    outer loop
      vertex -29.627375554782223 0.03636436665934539 1.99
      vertex -29.61384125240172 0.012283856959808048 4.3999999999999995
      vertex -29.61384125240172 0.012283856959808048 1.99
    endloop
  endfacet
  facet normal 0.8717453990957063 0.48995914029178783 0
    outer loop
      vertex -29.627375554782223 0.03636436665934539 1.99
      vertex -29.627375554782223 0.03636436665934539 4.3999999999999995
      vertex -29.61384125240172 0.012283856959808048 4.3999999999999995
    endloop
  endfacet
  facet normal 0.830481730241002 0.5570458650200281 -3.617014741505974e-19
    outer loop
      vertex -29.642644356355984 0.05912813091281066 1.99
      vertex -29.627375554782223 0.03636436665934539 4.3999999999999995
      vertex -29.627375554782223 0.03636436665934539 1.99
    endloop
  endfacet
  facet normal 0.830481730241002 0.5570458650200281 0
    outer loop
      vertex -29.642644356355984 0.05912813091281066 1.99
      vertex -29.642644356355984 0.05912813091281066 4.3999999999999995
      vertex -29.627375554782223 0.03636436665934539 4.3999999999999995
    endloop
  endfacet
  facet normal 0.7849478686066159 0.6195618157778372 2.290974307188841e-19
    outer loop
      vertex -29.65953866369285 0.0805322106962123 1.99
      vertex -29.642644356355984 0.05912813091281066 4.3999999999999995
      vertex -29.642644356355984 0.05912813091281066 1.99
    endloop
  endfacet
  facet normal 0.7849478686066159 0.6195618157778372 0
    outer loop
      vertex -29.65953866369285 0.0805322106962123 1.99
      vertex -29.65953866369285 0.0805322106962123 4.3999999999999995
      vertex -29.642644356355984 0.05912813091281066 4.3999999999999995
    endloop
  endfacet
  facet normal 0.7345110595799446 0.6785967162864459 -3.834102742125171e-19
    outer loop
      vertex -29.678202205665276 0.10073357280226602 1.99
      vertex -29.65953866369285 0.0805322106962123 4.3999999999999995
      vertex -29.65953866369285 0.0805322106962123 1.99
    endloop
  endfacet
  facet normal 0.7345110595799446 0.6785967162864459 0
    outer loop
      vertex -29.678202205665276 0.10073357280226602 1.99
      vertex -29.678202205665276 0.10073357280226602 4.3999999999999995
      vertex -29.65953866369285 0.0805322106962123 4.3999999999999995
    endloop
  endfacet
  facet normal 0.6785444330752338 0.7345593593050255 1.6385137603280567e-19
    outer loop
      vertex -29.698387944889188 0.1193800181907676 1.99
      vertex -29.678202205665276 0.10073357280226602 4.3999999999999995
      vertex -29.678202205665276 0.10073357280226602 1.99
    endloop
  endfacet
  facet normal 0.6785444330752338 0.7345593593050255 0
    outer loop
      vertex -29.698387944889188 0.1193800181907676 1.99
      vertex -29.698387944889188 0.1193800181907676 4.3999999999999995
      vertex -29.678202205665276 0.10073357280226602 4.3999999999999995
    endloop
  endfacet
  facet normal 0.6195618163617435 0.7849478681457369 -1.2358248615517939e-19
    outer loop
      vertex -29.71978503037787 0.13626880493469784 1.99
      vertex -29.698387944889188 0.1193800181907676 4.3999999999999995
      vertex -29.698387944889188 0.1193800181907676 1.99
    endloop
  endfacet
  facet normal 0.6195618163617435 0.7849478681457369 0
    outer loop
      vertex -29.71978503037787 0.13626880493469784 1.99
      vertex -29.71978503037787 0.13626880493469784 4.3999999999999995
      vertex -29.698387944889188 0.1193800181907676 4.3999999999999995
    endloop
  endfacet
  facet normal 0.5570458640732089 0.8304817308760815 -3.9434906979312497e-19
    outer loop
      vertex -29.742613553853065 0.15158104373776027 1.99
      vertex -29.71978503037787 0.13626880493469784 4.3999999999999995
      vertex -29.71978503037787 0.13626880493469784 1.99
    endloop
  endfacet
  facet normal 0.5570458640732089 0.8304817308760815 0
    outer loop
      vertex -29.742613553853065 0.15158104373776027 1.99
      vertex -29.742613553853065 0.15158104373776027 4.3999999999999995
      vertex -29.71978503037787 0.13626880493469784 4.3999999999999995
    endloop
  endfacet
  facet normal 0.48941609492449345 0.8720503919091255 -3.0370462739009473e-19
    outer loop
      vertex -29.766525787424523 0.16500117643197854 1.99
      vertex -29.742613553853065 0.15158104373776027 4.3999999999999995
      vertex -29.742613553853065 0.15158104373776027 1.99
    endloop
  endfacet
  facet normal 0.48941609492449345 0.8720503919091255 0
    outer loop
      vertex -29.766525787424523 0.16500117643197854 1.99
      vertex -29.766525787424523 0.16500117643197854 4.3999999999999995
      vertex -29.742613553853065 0.15158104373776027 4.3999999999999995
    endloop
  endfacet
  facet normal 0.4210738756284147 0.9070263454074895 3.193232515620956e-19
    outer loop
      vertex -29.791430699196184 0.1765629218817928 1.99
      vertex -29.766525787424523 0.16500117643197854 4.3999999999999995
      vertex -29.766525787424523 0.16500117643197854 1.99
    endloop
  endfacet
  facet normal 0.4210738756284147 0.9070263454074895 0
    outer loop
      vertex -29.791430699196184 0.1765629218817928 1.99
      vertex -29.791430699196184 0.1765629218817928 4.3999999999999995
      vertex -29.766525787424523 0.16500117643197854 4.3999999999999995
    endloop
  endfacet
  facet normal 0.3474808405490411 0.9376870829073695 -3.5297441848696746e-19
    outer loop
      vertex -29.81732775510987 0.18615965294556247 1.99
      vertex -29.791430699196184 0.1765629218817928 4.3999999999999995
      vertex -29.791430699196184 0.1765629218817928 1.99
    endloop
  endfacet
  facet normal 0.3474808405490411 0.9376870829073695 0
    outer loop
      vertex -29.81732775510987 0.18615965294556247 1.99
      vertex -29.81732775510987 0.18615965294556247 4.3999999999999995
      vertex -29.791430699196184 0.1765629218817928 4.3999999999999995
    endloop
  endfacet
  facet normal 0.2730355589275089 0.9620039415517707 9.247204877422166e-20
    outer loop
      vertex -29.843774194051115 0.19366567025596737 1.99
      vertex -29.81732775510987 0.18615965294556247 4.3999999999999995
      vertex -29.81732775510987 0.18615965294556247 1.99
    endloop
  endfacet
  facet normal 0.2730355589275089 0.9620039415517707 0
    outer loop
      vertex -29.843774194051115 0.19366567025596737 1.99
      vertex -29.843774194051115 0.19366567025596737 4.3999999999999995
      vertex -29.81732775510987 0.18615965294556247 4.3999999999999995
    endloop
  endfacet
  facet normal 0.19660714337079316 0.9804823461825186 6.321182740351523e-20
    outer loop
      vertex -29.87095147404817 0.19911528126182887 1.99
      vertex -29.843774194051115 0.19366567025596737 4.3999999999999995
      vertex -29.843774194051115 0.19366567025596737 1.99
    endloop
  endfacet
  facet normal 0.19660714337079316 0.9804823461825186 0
    outer loop
      vertex -29.87095147404817 0.19911528126182887 1.99
      vertex -29.87095147404817 0.19911528126182887 4.3999999999999995
      vertex -29.843774194051115 0.19366567025596737 4.3999999999999995
    endloop
  endfacet
  facet normal 0.1174336907326414 0.9930807259638617 7.689252332201807e-20
    outer loop
      vertex -29.8984088298364 0.20236216597489332 1.99
      vertex -29.87095147404817 0.19911528126182887 4.3999999999999995
      vertex -29.87095147404817 0.19911528126182887 1.99
    endloop
  endfacet
  facet normal 0.1174336907326414 0.9930807259638617 0
    outer loop
      vertex -29.8984088298364 0.20236216597489332 1.99
      vertex -29.8984088298364 0.20236216597489332 4.3999999999999995
      vertex -29.87095147404817 0.19911528126182887 4.3999999999999995
    endloop
  endfacet
  facet normal 0.03961082780044313 0.9992151831917706 -2.0911309485226105e-20
    outer loop
      vertex -29.925902720432152 0.2034520771214332 1.99
      vertex -29.8984088298364 0.20236216597489332 4.3999999999999995
      vertex -29.8984088298364 0.20236216597489332 1.99
    endloop
  endfacet
  facet normal 0.03961082780044313 0.9992151831917706 0
    outer loop
      vertex -29.925902720432152 0.2034520771214332 1.99
      vertex -29.925902720432152 0.2034520771214332 4.3999999999999995
      vertex -29.8984088298364 0.20236216597489332 4.3999999999999995
    endloop
  endfacet
  facet normal -0.03956031474810032 0.9992171843483434 -2.0557848972558287e-20
    outer loop
      vertex -29.95341300026485 0.20236290917472743 1.99
      vertex -29.925902720432152 0.2034520771214332 4.3999999999999995
      vertex -29.925902720432152 0.2034520771214332 1.99
    endloop
  endfacet
  facet normal -0.03956031474810032 0.9992171843483434 0
    outer loop
      vertex -29.95341300026485 0.20236290917472743 1.99
      vertex -29.95341300026485 0.20236290917472743 4.3999999999999995
      vertex -29.925902720432152 0.2034520771214332 4.3999999999999995
    endloop
  endfacet
  facet normal -0.11743370408961973 0.9930807243843732 -5.852364913060136e-20
    outer loop
      vertex -29.98087663777228 0.19911528126182887 1.99
      vertex -29.95341300026485 0.20236290917472743 4.3999999999999995
      vertex -29.95341300026485 0.20236290917472743 1.99
    endloop
  endfacet
  facet normal -0.11743370408961973 0.9930807243843732 0
    outer loop
      vertex -29.98087663777228 0.19911528126182887 1.99
      vertex -29.98087663777228 0.19911528126182887 4.3999999999999995
      vertex -29.95341300026485 0.20236290917472743 4.3999999999999995
    endloop
  endfacet
  facet normal -0.1966071264548719 0.9804823495745131 -7.693685220785086e-20
    outer loop
      vertex -30.008096731308324 0.19365708573768003 1.99
      vertex -29.98087663777228 0.19911528126182887 4.3999999999999995
      vertex -29.98087663777228 0.19911528126182887 1.99
    endloop
  endfacet
  facet normal -0.1966071264548719 0.9804823495745131 0
    outer loop
      vertex -30.008096731308324 0.19365708573768003 1.99
      vertex -30.008096731308324 0.19365708573768003 4.3999999999999995
      vertex -29.98087663777228 0.19911528126182887 4.3999999999999995
    endloop
  endfacet
  facet normal -0.2733710875898777 0.9619086487135498 1.5240790909477506e-19
    outer loop
      vertex -30.034477885185947 0.1861596536924992 1.99
      vertex -30.008096731308324 0.19365708573768003 4.3999999999999995
      vertex -30.008096731308324 0.19365708573768003 1.99
    endloop
  endfacet
  facet normal -0.2733710875898777 0.9619086487135498 0
    outer loop
      vertex -30.034477885185947 0.1861596536924992 1.99
      vertex -30.034477885185947 0.1861596536924992 4.3999999999999995
      vertex -30.008096731308324 0.19365708573768003 4.3999999999999995
    endloop
  endfacet
  facet normal -0.3470650468378724 0.9378410597022425 -1.77305381051982e-19
    outer loop
      vertex -30.060347063263038 0.17658629645024604 1.99
      vertex -30.034477885185947 0.1861596536924992 4.3999999999999995
      vertex -30.034477885185947 0.1861596536924992 1.99
    endloop
  endfacet
  facet normal -0.3470650468378724 0.9378410597022425 0
    outer loop
      vertex -30.060347063263038 0.17658629645024604 1.99
      vertex -30.060347063263038 0.17658629645024604 4.3999999999999995
      vertex -30.034477885185947 0.1861596536924992 4.3999999999999995
    endloop
  endfacet
  facet normal -0.4210738801389805 0.9070263433135245 -3.4872386041161927e-19
    outer loop
      vertex -30.085373048636626 0.1649683441788028 1.99
      vertex -30.060347063263038 0.17658629645024604 4.3999999999999995
      vertex -30.060347063263038 0.17658629645024604 1.99
    endloop
  endfacet
  facet normal -0.4210738801389805 0.9070263433135245 0
    outer loop
      vertex -30.085373048636626 0.1649683441788028 1.99
      vertex -30.085373048636626 0.1649683441788028 4.3999999999999995
      vertex -30.060347063263038 0.17658629645024604 4.3999999999999995
    endloop
  endfacet
  facet normal -0.489959148731243 0.8717453943523623 -4.0890434091036367e-19
    outer loop
      vertex -30.109269293328037 0.15153760650845882 1.99
      vertex -30.085373048636626 0.1649683441788028 4.3999999999999995
      vertex -30.085373048636626 0.1649683441788028 1.99
    endloop
  endfacet
  facet normal -0.489959148731243 0.8717453943523623 0
    outer loop
      vertex -30.109269293328037 0.15153760650845882 1.99
      vertex -30.109269293328037 0.15153760650845882 4.3999999999999995
      vertex -30.085373048636626 0.1649683441788028 4.3999999999999995
    endloop
  endfacet
  facet normal -0.5570458751493262 0.8304817234467722 2.1184657971199563e-19
    outer loop
      vertex -30.13195119878811 0.13632371134334775 1.99
      vertex -30.109269293328037 0.15153760650845882 4.3999999999999995
      vertex -30.109269293328037 0.15153760650845882 1.99
    endloop
  endfacet
  facet normal -0.5570458751493262 0.8304817234467722 0
    outer loop
      vertex -30.13195119878811 0.13632371134334775 1.99
      vertex -30.13195119878811 0.13632371134334775 4.3999999999999995
      vertex -30.109269293328037 0.15153760650845882 4.3999999999999995
    endloop
  endfacet
  facet normal -0.6189435787936204 0.7854354500976801 -1.8462848354644758e-19
    outer loop
      vertex -30.15336776059405 0.11944690318810558 1.99
      vertex -30.13195119878811 0.13632371134334775 4.3999999999999995
      vertex -30.13195119878811 0.13632371134334775 1.99
    endloop
  endfacet
  facet normal -0.6189435787936204 0.7854354500976801 0
    outer loop
      vertex -30.15336776059405 0.11944690318810558 1.99
      vertex -30.15336776059405 0.11944690318810558 4.3999999999999995
      vertex -30.13195119878811 0.13632371134334775 4.3999999999999995
    endloop
  endfacet
  facet normal -0.6785444263909536 0.7345593654795858 -2.3688371643005278e-20
    outer loop
      vertex -30.173625900179697 0.10073357877774214 1.99
      vertex -30.15336776059405 0.11944690318810558 4.3999999999999995
      vertex -30.15336776059405 0.11944690318810558 1.99
    endloop
  endfacet
  facet normal -0.6785444263909536 0.7345593654795858 0
    outer loop
      vertex -30.173625900179697 0.10073357877774214 1.99
      vertex -30.173625900179697 0.10073357877774214 4.3999999999999995
      vertex -30.15336776059405 0.11944690318810558 4.3999999999999995
    endloop
  endfacet
  facet normal -0.734511010726345 0.6785967691654325 -3.382233221422009e-19
    outer loop
      vertex -30.192289450368403 0.0805322106962123 1.99
      vertex -30.173625900179697 0.10073357877774214 4.3999999999999995
      vertex -30.173625900179697 0.10073357877774214 1.99
    endloop
  endfacet
  facet normal -0.734511010726345 0.6785967691654325 0
    outer loop
      vertex -30.192289450368403 0.0805322106962123 1.99
      vertex -30.192289450368403 0.0805322106962123 4.3999999999999995
      vertex -30.173625900179697 0.10073357877774214 4.3999999999999995
    endloop
  endfacet
  facet normal -0.7849479128475935 0.6195617597271533 -1.1333091185262599e-19
    outer loop
      vertex -30.209265736755118 0.0590242651880466 1.99
      vertex -30.192289450368403 0.0805322106962123 4.3999999999999995
      vertex -30.192289450368403 0.0805322106962123 1.99
    endloop
  endfacet
  facet normal -0.7849479128475935 0.6195617597271533 0
    outer loop
      vertex -30.209265736755118 0.0590242651880466 1.99
      vertex -30.209265736755118 0.0590242651880466 4.3999999999999995
      vertex -30.192289450368403 0.0805322106962123 4.3999999999999995
    endloop
  endfacet
  facet normal -0.831069999712929 0.5561678304047725 8.414652313065742e-20
    outer loop
      vertex -30.22450736709233 0.036249014575741256 1.99
      vertex -30.209265736755118 0.0590242651880466 4.3999999999999995
      vertex -30.209265736755118 0.0590242651880466 1.99
    endloop
  endfacet
  facet normal -0.831069999712929 0.5561678304047725 0
    outer loop
      vertex -30.22450736709233 0.036249014575741256 1.99
      vertex -30.22450736709233 0.036249014575741256 4.3999999999999995
      vertex -30.209265736755118 0.0590242651880466 4.3999999999999995
    endloop
  endfacet
  facet normal -0.8717454304833832 0.489959084446182 3.9716049831737815e-19
    outer loop
      vertex -30.237906088161978 0.012409730362875848 1.99
      vertex -30.22450736709233 0.036249014575741256 4.3999999999999995
      vertex -30.22450736709233 0.036249014575741256 1.99
    endloop
  endfacet
  facet normal -0.8717454304833832 0.489959084446182 0
    outer loop
      vertex -30.237906088161978 0.012409730362875848 1.99
      vertex -30.237906088161978 0.012409730362875848 4.3999999999999995
      vertex -30.22450736709233 0.036249014575741256 4.3999999999999995
    endloop
  endfacet
  facet normal -0.9072514830489238 0.42058857153461576 -6.504056451112748e-20
    outer loop
      vertex -30.24949112601745 -0.012580351362846187 1.99
      vertex -30.237906088161978 0.012409730362875848 4.3999999999999995
      vertex -30.237906088161978 0.012409730362875848 1.99
    endloop
  endfacet
  facet normal -0.9072514830489238 0.42058857153461576 0
    outer loop
      vertex -30.24949112601745 -0.012580351362846187 1.99
      vertex -30.24949112601745 -0.012580351362846187 4.3999999999999995
      vertex -30.237906088161978 0.012409730362875848 4.3999999999999995
    endloop
  endfacet
  facet normal -0.9376871100108373 0.3474807674095414 -4.6218656271826916e-20
    outer loop
      vertex -30.259049404892817 -0.03837364911033703 1.99
      vertex -30.24949112601745 -0.012580351362846187 4.3999999999999995
      vertex -30.24949112601745 -0.012580351362846187 1.99
    endloop
  endfacet
  facet normal -0.9376871100108373 0.3474807674095414 0
    outer loop
      vertex -30.259049404892817 -0.03837364911033703 1.99
      vertex -30.259049404892817 -0.03837364911033703 4.3999999999999995
      vertex -30.24949112601745 -0.012580351362846187 4.3999999999999995
    endloop
  endfacet
  facet normal -0.9619086255754595 0.27337116900567715 -2.0397400933952924e-19
    outer loop
      vertex -30.266570589455313 -0.06483837226137013 1.99
      vertex -30.259049404892817 -0.03837364911033703 4.3999999999999995
      vertex -30.259049404892817 -0.03837364911033703 1.99
    endloop
  endfacet
  facet normal -0.9619086255754595 0.27337116900567715 0
    outer loop
      vertex -30.266570589455313 -0.06483837226137013 1.99
      vertex -30.266570589455313 -0.06483837226137013 4.3999999999999995
      vertex -30.259049404892817 -0.03837364911033703 4.3999999999999995
    endloop
  endfacet
  facet normal -0.9805316010983941 0.19636134865960742 6.19735662700482e-20
    outer loop
      vertex -30.272020204195844 -0.0920510569540447 1.99
      vertex -30.266570589455313 -0.06483837226137013 4.3999999999999995
      vertex -30.266570589455313 -0.06483837226137013 1.99
    endloop
  endfacet
  facet normal -0.9805316010983941 0.19636134865960742 0
    outer loop
      vertex -30.272020204195844 -0.0920510569540447 1.99
      vertex -30.272020204195844 -0.0920510569540447 4.3999999999999995
      vertex -30.266570589455313 -0.06483837226137013 4.3999999999999995
    endloop
  endfacet
  facet normal -0.9930630897368654 0.1175827359873483 7.902856679981021e-20
    outer loop
      vertex -30.27526709264358 -0.11947315295194727 1.99
      vertex -30.272020204195844 -0.0920510569540447 4.3999999999999995
      vertex -30.272020204195844 -0.0920510569540447 1.99
    endloop
  endfacet
  facet normal -0.9930630897368654 0.1175827359873483 0
    outer loop
      vertex -30.27526709264358 -0.11947315295194727 1.99
      vertex -30.27526709264358 -0.11947315295194727 4.3999999999999995
      vertex -30.272020204195844 -0.0920510569540447 4.3999999999999995
    endloop
  endfacet
  facet normal -0.9992171842496267 0.03956031724149473 1.7038307669242087e-20
    outer loop
      vertex -30.276356753567065 -0.146995882689005 1.99
      vertex -30.27526709264358 -0.11947315295194727 4.3999999999999995
      vertex -30.27526709264358 -0.11947315295194727 1.99
    endloop
  endfacet
  facet normal -0.9992171842496267 0.03956031724149473 0
    outer loop
      vertex -30.276356753567065 -0.146995882689005 1.99
      vertex -30.276356753567065 -0.146995882689005 4.3999999999999995
      vertex -30.27526709264358 -0.11947315295194727 4.3999999999999995
    endloop
  endfacet
  facet normal -0.9992171842496267 -0.03956031724149473 -1.7038307669242087e-20
    outer loop
      vertex -30.27526709264358 -0.1745186124260627 1.99
      vertex -30.276356753567065 -0.146995882689005 4.3999999999999995
      vertex -30.276356753567065 -0.146995882689005 1.99
    endloop
  endfacet
  facet normal -0.9992171842496267 -0.03956031724149473 0
    outer loop
      vertex -30.27526709264358 -0.1745186124260627 1.99
      vertex -30.27526709264358 -0.1745186124260627 4.3999999999999995
      vertex -30.276356753567065 -0.146995882689005 4.3999999999999995
    endloop
  endfacet
  facet normal -0.9930630897368654 -0.1175827359873483 -7.902856679981021e-20
    outer loop
      vertex -30.272020204195844 -0.20194070842396528 1.99
      vertex -30.27526709264358 -0.1745186124260627 4.3999999999999995
      vertex -30.27526709264358 -0.1745186124260627 1.99
    endloop
  endfacet
  facet normal -0.9930630897368654 -0.1175827359873483 0
    outer loop
      vertex -30.272020204195844 -0.20194070842396528 1.99
      vertex -30.272020204195844 -0.20194070842396528 4.3999999999999995
      vertex -30.27526709264358 -0.1745186124260627 4.3999999999999995
    endloop
  endfacet
  facet normal -0.9805316010983941 -0.19636134865960742 -6.19735662700482e-20
    outer loop
      vertex -30.266570589455313 -0.22915339311663985 1.99
      vertex -30.272020204195844 -0.20194070842396528 4.3999999999999995
      vertex -30.272020204195844 -0.20194070842396528 1.99
    endloop
  endfacet
  facet normal -0.9805316010983941 -0.19636134865960742 0
    outer loop
      vertex -30.266570589455313 -0.22915339311663985 1.99
      vertex -30.266570589455313 -0.22915339311663985 4.3999999999999995
      vertex -30.272020204195844 -0.20194070842396528 4.3999999999999995
    endloop
  endfacet
  facet normal -0.9619086255754595 -0.27337116900567715 2.0397400933952924e-19
    outer loop
      vertex -30.259049404892817 -0.25561811626767295 1.99
      vertex -30.266570589455313 -0.22915339311663985 4.3999999999999995
      vertex -30.266570589455313 -0.22915339311663985 1.99
    endloop
  endfacet
  facet normal -0.9619086255754595 -0.27337116900567715 0
    outer loop
      vertex -30.259049404892817 -0.25561811626767295 1.99
      vertex -30.259049404892817 -0.25561811626767295 4.3999999999999995
      vertex -30.266570589455313 -0.22915339311663985 4.3999999999999995
    endloop
  endfacet
  facet normal -0.9376871100108373 -0.3474807674095414 4.6218656271826916e-20
    outer loop
      vertex -30.24949112601745 -0.2814114140151638 1.99
      vertex -30.259049404892817 -0.25561811626767295 4.3999999999999995
      vertex -30.259049404892817 -0.25561811626767295 1.99
    endloop
  endfacet
  facet normal -0.9376871100108373 -0.3474807674095414 0
    outer loop
      vertex -30.24949112601745 -0.2814114140151638 1.99
      vertex -30.24949112601745 -0.2814114140151638 4.3999999999999995
      vertex -30.259049404892817 -0.25561811626767295 4.3999999999999995
    endloop
  endfacet
  facet normal -0.9072514830489238 -0.42058857153461576 6.504056451112748e-20
    outer loop
      vertex -30.237906088161978 -0.3064014957408858 1.99
      vertex -30.24949112601745 -0.2814114140151638 4.3999999999999995
      vertex -30.24949112601745 -0.2814114140151638 1.99
    endloop
  endfacet
  facet normal -0.9072514830489238 -0.42058857153461576 0
    outer loop
      vertex -30.237906088161978 -0.3064014957408858 1.99
      vertex -30.237906088161978 -0.3064014957408858 4.3999999999999995
      vertex -30.24949112601745 -0.2814114140151638 4.3999999999999995
    endloop
  endfacet
  facet normal -0.8717454304833832 -0.489959084446182 -3.9716049831737815e-19
    outer loop
      vertex -30.22450736709233 -0.33024077995375123 1.99
      vertex -30.237906088161978 -0.3064014957408858 4.3999999999999995
      vertex -30.237906088161978 -0.3064014957408858 1.99
    endloop
  endfacet
  facet normal -0.8717454304833832 -0.489959084446182 0
    outer loop
      vertex -30.22450736709233 -0.33024077995375123 1.99
      vertex -30.22450736709233 -0.33024077995375123 4.3999999999999995
      vertex -30.237906088161978 -0.3064014957408858 4.3999999999999995
    endloop
  endfacet
  facet normal -0.831069999712929 -0.5561678304047725 -8.414652313065742e-20
    outer loop
      vertex -30.209265736755118 -0.35301603056605657 1.99
      vertex -30.22450736709233 -0.33024077995375123 4.3999999999999995
      vertex -30.22450736709233 -0.33024077995375123 1.99
    endloop
  endfacet
  facet normal -0.831069999712929 -0.5561678304047725 0
    outer loop
      vertex -30.209265736755118 -0.35301603056605657 1.99
      vertex -30.209265736755118 -0.35301603056605657 4.3999999999999995
      vertex -30.22450736709233 -0.33024077995375123 4.3999999999999995
    endloop
  endfacet
  facet normal -0.7849479128475935 -0.6195617597271533 1.1333091185262599e-19
    outer loop
      vertex -30.192289450368403 -0.3745239760742223 1.99
      vertex -30.209265736755118 -0.35301603056605657 4.3999999999999995
      vertex -30.209265736755118 -0.35301603056605657 1.99
    endloop
  endfacet
  facet normal -0.7849479128475935 -0.6195617597271533 0
    outer loop
      vertex -30.192289450368403 -0.3745239760742223 1.99
      vertex -30.192289450368403 -0.3745239760742223 4.3999999999999995
      vertex -30.209265736755118 -0.35301603056605657 4.3999999999999995
    endloop
  endfacet
  facet normal -0.734511010726345 -0.6785967691654325 3.382233221422009e-19
    outer loop
      vertex -30.173625900179697 -0.3947253441557521 1.99
      vertex -30.192289450368403 -0.3745239760742223 4.3999999999999995
      vertex -30.192289450368403 -0.3745239760742223 1.99
    endloop
  endfacet
  facet normal -0.734511010726345 -0.6785967691654325 0
    outer loop
      vertex -30.173625900179697 -0.3947253441557521 1.99
      vertex -30.173625900179697 -0.3947253441557521 4.3999999999999995
      vertex -30.192289450368403 -0.3745239760742223 4.3999999999999995
    endloop
  endfacet
  facet normal -0.6785445511957016 -0.7345592501919936 -6.185073545155658e-20
    outer loop
      vertex -30.169723291373355 -0.3983303548343322 1.99
      vertex -30.173625900179697 -0.3947253441557521 4.3999999999999995
      vertex -30.173625900179697 -0.3947253441557521 1.99
    endloop
  endfacet
  facet normal -0.6785445511957016 -0.7345592501919936 0
    outer loop
      vertex -30.169723291373355 -0.3983303548343322 1.99
      vertex -30.169723291373355 -0.3983303548343322 4.3999999999999995
      vertex -30.173625900179697 -0.3947253441557521 4.3999999999999995
    endloop
  endfacet
  facet normal 0.03915238423414045 0.9992332514527237 5.785397744642168e-22
    outer loop
      vertex -30.176538675112443 -0.39806331155643093 1.99
      vertex -30.169723291373355 -0.3983303548343322 4.3999999999999995
      vertex -30.169723291373355 -0.3983303548343322 1.99
    endloop
  endfacet
  facet normal 0.03915238423414045 0.9992332514527237 0
    outer loop
      vertex -30.176538675112443 -0.39806331155643093 1.99
      vertex -30.176538675112443 -0.39806331155643093 4.3999999999999995
      vertex -30.169723291373355 -0.3983303548343322 4.3999999999999995
    endloop
  endfacet
  facet normal -0.03915227691847369 0.9992332556576063 2.6758232168793676e-22
    outer loop
      vertex -30.20801741275066 -0.3992967215195975 1.99
      vertex -30.176538675112443 -0.39806331155643093 4.3999999999999995
      vertex -30.176538675112443 -0.39806331155643093 1.99
    endloop
  endfacet
  facet normal -0.03915227691847369 0.9992332556576063 0
    outer loop
      vertex -30.20801741275066 -0.3992967215195975 1.99
      vertex -30.20801741275066 -0.3992967215195975 4.3999999999999995
      vertex -30.176538675112443 -0.39806331155643093 4.3999999999999995
    endloop
  endfacet
  facet normal -0.1182728025855485 0.9929811398856274 3.0837562169171404e-20
    outer loop
      vertex -30.239429636617988 -0.4030381941448091 1.99
      vertex -30.20801741275066 -0.3992967215195975 4.3999999999999995
      vertex -30.20801741275066 -0.3992967215195975 1.99
    endloop
  endfacet
  facet normal -0.1182728025855485 0.9929811398856274 0
    outer loop
      vertex -30.239429636617988 -0.4030381941448091 1.99
      vertex -30.239429636617988 -0.4030381941448091 4.3999999999999995
      vertex -30.20801741275066 -0.3992967215195975 4.3999999999999995
    endloop
  endfacet
  facet normal -0.1966070919628576 0.9804823564908797 -1.0571516284735308e-19
    outer loop
      vertex -30.27028086113231 -0.40922450590768733 1.99
      vertex -30.239429636617988 -0.4030381941448091 4.3999999999999995
      vertex -30.239429636617988 -0.4030381941448091 1.99
    endloop
  endfacet
  facet normal -0.1966070919628576 0.9804823564908797 0
    outer loop
      vertex -30.27028086113231 -0.40922450590768733 1.99
      vertex -30.27028086113231 -0.40922450590768733 4.3999999999999995
      vertex -30.239429636617988 -0.4030381941448091 4.3999999999999995
    endloop
  endfacet
  facet normal -0.27247124387433946 0.9621639263979763 2.3829880746549805e-19
    outer loop
      vertex -30.30056039168536 -0.4177992415918723 1.99
      vertex -30.27028086113231 -0.40922450590768733 4.3999999999999995
      vertex -30.27028086113231 -0.40922450590768733 1.99
    endloop
  endfacet
  facet normal -0.27247124387433946 0.9621639263979763 0
    outer loop
      vertex -30.30056039168536 -0.4177992415918723 1.99
      vertex -30.30056039168536 -0.4177992415918723 4.3999999999999995
      vertex -30.27028086113231 -0.40922450590768733 4.3999999999999995
    endloop
  endfacet
  facet normal -0.3479515691874186 0.9375125095165467 -3.3453299541360796e-20
    outer loop
      vertex -30.330146027551034 -0.42877975472676155 1.99
      vertex -30.30056039168536 -0.4177992415918723 4.3999999999999995
      vertex -30.30056039168536 -0.4177992415918723 1.99
    endloop
  endfacet
  facet normal -0.3479515691874186 0.9375125095165467 0
    outer loop
      vertex -30.330146027551034 -0.42877975472676155 1.99
      vertex -30.330146027551034 -0.42877975472676155 4.3999999999999995
      vertex -30.30056039168536 -0.4177992415918723 4.3999999999999995
    endloop
  endfacet
  facet normal -0.4205631299663207 0.9072632769559955 -1.5252889027218406e-19
    outer loop
      vertex -30.3586666632829 -0.4420005343358149 1.99
      vertex -30.330146027551034 -0.42877975472676155 4.3999999999999995
      vertex -30.330146027551034 -0.42877975472676155 1.99
    endloop
  endfacet
  facet normal -0.4205631299663207 0.9072632769559955 0
    outer loop
      vertex -30.3586666632829 -0.4420005343358149 1.99
      vertex -30.3586666632829 -0.4420005343358149 4.3999999999999995
      vertex -30.330146027551034 -0.42877975472676155 4.3999999999999995
    endloop
  endfacet
  facet normal -0.49010023926583257 0.8716660802575569 -1.0956233517627904e-19
    outer loop
      vertex -30.38595881732548 -0.4573457353586612 1.99
      vertex -30.3586666632829 -0.4420005343358149 4.3999999999999995
      vertex -30.3586666632829 -0.4420005343358149 1.99
    endloop
  endfacet
  facet normal -0.49010023926583257 0.8716660802575569 0
    outer loop
      vertex -30.38595881732548 -0.4573457353586612 1.99
      vertex -30.38595881732548 -0.4573457353586612 4.3999999999999995
      vertex -30.3586666632829 -0.4420005343358149 4.3999999999999995
    endloop
  endfacet
  facet normal -0.5562646623453793 0.8310051897706664 -1.8863688915065378e-19
    outer loop
      vertex -30.41205616596794 -0.4748149798464283 1.99
      vertex -30.38595881732548 -0.4573457353586612 4.3999999999999995
      vertex -30.38595881732548 -0.4573457353586612 1.99
    endloop
  endfacet
  facet normal -0.5562646623453793 0.8310051897706664 0
    outer loop
      vertex -30.41205616596794 -0.4748149798464283 1.99
      vertex -30.41205616596794 -0.4748149798464283 4.3999999999999995
      vertex -30.38595881732548 -0.4573457353586612 4.3999999999999995
    endloop
  endfacet
  facet normal -0.6200292359889934 0.7845787063889161 1.1147308320969904e-19
    outer loop
      vertex -30.436628552954303 -0.4942338070533303 1.99
      vertex -30.41205616596794 -0.4748149798464283 4.3999999999999995
      vertex -30.41205616596794 -0.4748149798464283 1.99
    endloop
  endfacet
  facet normal -0.6200292359889934 0.7845787063889161 0
    outer loop
      vertex -30.436628552954303 -0.4942338070533303 1.99
      vertex -30.436628552954303 -0.4942338070533303 4.3999999999999995
      vertex -30.41205616596794 -0.4748149798464283 4.3999999999999995
    endloop
  endfacet
  facet normal -0.6785618799972403 0.734543242440233 1.3298040651704299e-19
    outer loop
      vertex -30.459603583151377 -0.5154578532125846 1.99
      vertex -30.436628552954303 -0.4942338070533303 4.3999999999999995
      vertex -30.436628552954303 -0.4942338070533303 1.99
    endloop
  endfacet
  facet normal -0.6785618799972403 0.734543242440233 0
    outer loop
      vertex -30.459603583151377 -0.5154578532125846 1.99
      vertex -30.459603583151377 -0.5154578532125846 4.3999999999999995
      vertex -30.436628552954303 -0.4942338070533303 4.3999999999999995
    endloop
  endfacet
  facet normal -0.7341205601095462 0.6790191479070722 6.612761535707626e-19
    outer loop
      vertex -30.481000747068183 -0.5385913657324863 1.99
      vertex -30.459603583151377 -0.5154578532125846 4.3999999999999995
      vertex -30.459603583151377 -0.5154578532125846 1.99
    endloop
  endfacet
  facet normal -0.7341205601095462 0.6790191479070722 0
    outer loop
      vertex -30.481000747068183 -0.5385913657324863 1.99
      vertex -30.481000747068183 -0.5385913657324863 4.3999999999999995
      vertex -30.459603583151377 -0.5154578532125846 4.3999999999999995
    endloop
  endfacet
  facet normal -0.7853167555221885 0.6190941717510373 1.3900526090392348e-19
    outer loop
      vertex -30.500348380959515 -0.563133708025255 1.99
      vertex -30.481000747068183 -0.5385913657324863 4.3999999999999995
      vertex -30.481000747068183 -0.5385913657324863 1.99
    endloop
  endfacet
  facet normal -0.7853167555221885 0.6190941717510373 0
    outer loop
      vertex -30.500348380959515 -0.563133708025255 1.99
      vertex -30.500348380959515 -0.563133708025255 4.3999999999999995
      vertex -30.481000747068183 -0.5385913657324863 4.3999999999999995
    endloop
  endfacet
  facet normal -0.8303500531616514 0.5572421279968365 -2.505995562260046e-19
    outer loop
      vertex -30.517815280072934 -0.5891612459279152 1.99
      vertex -30.500348380959515 -0.563133708025255 4.3999999999999995
      vertex -30.500348380959515 -0.563133708025255 1.99
    endloop
  endfacet
  facet normal -0.8303500531616514 0.5572421279968365 0
    outer loop
      vertex -30.517815280072934 -0.5891612459279152 1.99
      vertex -30.517815280072934 -0.5891612459279152 4.3999999999999995
      vertex -30.500348380959515 -0.563133708025255 4.3999999999999995
    endloop
  endfacet
  facet normal -0.8720282609453507 0.48945552618458343 3.5159689113411705e-19
    outer loop
      vertex -30.533209996878092 -0.6165889230204513 1.99
      vertex -30.517815280072934 -0.5891612459279152 4.3999999999999995
      vertex -30.517815280072934 -0.5891612459279152 1.99
    endloop
  endfacet
  facet normal -0.8720282609453507 0.48945552618458343 0
    outer loop
      vertex -30.533209996878092 -0.6165889230204513 1.99
      vertex -30.533209996878092 -0.6165889230204513 4.3999999999999995
      vertex -30.517815280072934 -0.5891612459279152 4.3999999999999995
    endloop
  endfacet
  facet normal -0.9072632759914112 0.42056313204717843 -3.13228131806449e-19
    outer loop
      vertex -30.54639184401986 -0.6450255711955819 1.99
      vertex -30.533209996878092 -0.6165889230204513 4.3999999999999995
      vertex -30.533209996878092 -0.6165889230204513 1.99
    endloop
  endfacet
  facet normal -0.9072632759914112 0.42056313204717843 0
    outer loop
      vertex -30.54639184401986 -0.6450255711955819 1.99
      vertex -30.54639184401986 -0.6450255711955819 4.3999999999999995
      vertex -30.533209996878092 -0.6165889230204513 4.3999999999999995
    endloop
  endfacet
  facet normal -0.9375125083232474 0.3479515724026161 -1.6257773451155245e-19
    outer loop
      vertex -30.5573366790811 -0.6745150765902466 1.99
      vertex -30.54639184401986 -0.6450255711955819 4.3999999999999995
      vertex -30.54639184401986 -0.6450255711955819 1.99
    endloop
  endfacet
  facet normal -0.9375125083232474 0.3479515724026161 0
    outer loop
      vertex -30.5573366790811 -0.6745150765902466 1.99
      vertex -30.5573366790811 -0.6745150765902466 4.3999999999999995
      vertex -30.54639184401986 -0.6450255711955819 4.3999999999999995
    endloop
  endfacet
  facet normal -0.9619404447429762 0.27325918240323605 -2.170158294528488e-19
    outer loop
      vertex -30.565965510749997 -0.7048907152062718 1.99
      vertex -30.5573366790811 -0.6745150765902466 4.3999999999999995
      vertex -30.5573366790811 -0.6745150765902466 1.99
    endloop
  endfacet
  facet normal -0.9619404447429762 0.27325918240323605 0
    outer loop
      vertex -30.565965510749997 -0.7048907152062718 1.99
      vertex -30.565965510749997 -0.7048907152062718 4.3999999999999995
      vertex -30.5573366790811 -0.6745150765902466 4.3999999999999995
    endloop
  endfacet
  facet normal -0.9806461011440482 0.1957887236563361 9.645162469702614e-20
    outer loop
      vertex -30.572145762633223 -0.7358457150662829 1.99
      vertex -30.565965510749997 -0.7048907152062718 4.3999999999999995
      vertex -30.565965510749997 -0.7048907152062718 1.99
    endloop
  endfacet
  facet normal -0.9806461011440482 0.1957887236563361 0
    outer loop
      vertex -30.572145762633223 -0.7358457150662829 1.99
      vertex -30.572145762633223 -0.7358457150662829 4.3999999999999995
      vertex -30.565965510749997 -0.7048907152062718 4.3999999999999995
    endloop
  endfacet
  facet normal -0.9929811404160626 0.11827279813218136 -4.078285768376984e-20
    outer loop
      vertex -30.575874877227022 -0.7671541859959596 1.99
      vertex -30.572145762633223 -0.7358457150662829 4.3999999999999995
      vertex -30.572145762633223 -0.7358457150662829 1.99
    endloop
  endfacet
  facet normal -0.9929811404160626 0.11827279813218136 0
    outer loop
      vertex -30.575874877227022 -0.7671541859959596 1.99
      vertex -30.575874877227022 -0.7671541859959596 4.3999999999999995
      vertex -30.572145762633223 -0.7358457150662829 4.3999999999999995
    endloop
  endfacet
  facet normal -0.9992332556576107 0.03915227691836551 3.7178907033637165e-20
    outer loop
      vertex -30.577108287190185 -0.7986329236341732 1.99
      vertex -30.575874877227022 -0.7671541859959596 4.3999999999999995
      vertex -30.575874877227022 -0.7671541859959596 1.99
    endloop
  endfacet
  facet normal -0.9992332556576107 0.03915227691836551 0
    outer loop
      vertex -30.577108287190185 -0.7986329236341732 1.99
      vertex -30.577108287190185 -0.7986329236341732 4.3999999999999995
      vertex -30.575874877227022 -0.7671541859959596 4.3999999999999995
    endloop
  endfacet
  facet normal -0.9992332556576107 -0.03915227691836109 -7.015210324412991e-21
    outer loop
      vertex -30.575874877227022 -0.8301116612723902 1.99
      vertex -30.577108287190185 -0.7986329236341732 4.3999999999999995
      vertex -30.577108287190185 -0.7986329236341732 1.99
    endloop
  endfacet
  facet normal -0.9992332556576107 -0.03915227691836109 0
    outer loop
      vertex -30.575874877227022 -0.8301116612723902 1.99
      vertex -30.575874877227022 -0.8301116612723902 4.3999999999999995
      vertex -30.577108287190185 -0.7986329236341732 4.3999999999999995
    endloop
  endfacet
  facet normal -0.9929811404160626 -0.11827279813218136 4.078285768376984e-20
    outer loop
      vertex -30.572145762633223 -0.8614201322020669 1.99
      vertex -30.575874877227022 -0.8301116612723902 4.3999999999999995
      vertex -30.575874877227022 -0.8301116612723902 1.99
    endloop
  endfacet
  facet normal -0.9929811404160626 -0.11827279813218136 0
    outer loop
      vertex -30.572145762633223 -0.8614201322020669 1.99
      vertex -30.572145762633223 -0.8614201322020669 4.3999999999999995
      vertex -30.575874877227022 -0.8301116612723902 4.3999999999999995
    endloop
  endfacet
  facet normal -0.9806461011440482 -0.1957887236563361 -9.645162469702614e-20
    outer loop
      vertex -30.565965510749997 -0.8923751320620781 1.99
      vertex -30.572145762633223 -0.8614201322020669 4.3999999999999995
      vertex -30.572145762633223 -0.8614201322020669 1.99
    endloop
  endfacet
  facet normal -0.9806461011440482 -0.1957887236563361 0
    outer loop
      vertex -30.565965510749997 -0.8923751320620781 1.99
      vertex -30.565965510749997 -0.8923751320620781 4.3999999999999995
      vertex -30.572145762633223 -0.8614201322020669 4.3999999999999995
    endloop
  endfacet
  facet normal -0.9619404447429762 -0.27325918240323605 2.170158294528488e-19
    outer loop
      vertex -30.5573366790811 -0.9227507706781033 1.99
      vertex -30.565965510749997 -0.8923751320620781 4.3999999999999995
      vertex -30.565965510749997 -0.8923751320620781 1.99
    endloop
  endfacet
  facet normal -0.9619404447429762 -0.27325918240323605 0
    outer loop
      vertex -30.5573366790811 -0.9227507706781033 1.99
      vertex -30.5573366790811 -0.9227507706781033 4.3999999999999995
      vertex -30.565965510749997 -0.8923751320620781 4.3999999999999995
    endloop
  endfacet
  facet normal -0.9375125083232474 -0.3479515724026161 1.6257773451155245e-19
    outer loop
      vertex -30.54639184401986 -0.952240276072768 1.99
      vertex -30.5573366790811 -0.9227507706781033 4.3999999999999995
      vertex -30.5573366790811 -0.9227507706781033 1.99
    endloop
  endfacet
  facet normal -0.9375125083232474 -0.3479515724026161 0
    outer loop
      vertex -30.54639184401986 -0.952240276072768 1.99
      vertex -30.54639184401986 -0.952240276072768 4.3999999999999995
      vertex -30.5573366790811 -0.9227507706781033 4.3999999999999995
    endloop
  endfacet
  facet normal -0.9072632759914112 -0.42056313204717843 3.13228131806449e-19
    outer loop
      vertex -30.533209996878092 -0.9806769242478985 1.99
      vertex -30.54639184401986 -0.952240276072768 4.3999999999999995
      vertex -30.54639184401986 -0.952240276072768 1.99
    endloop
  endfacet
  facet normal -0.9072632759914112 -0.42056313204717843 0
    outer loop
      vertex -30.533209996878092 -0.9806769242478985 1.99
      vertex -30.533209996878092 -0.9806769242478985 4.3999999999999995
      vertex -30.54639184401986 -0.952240276072768 4.3999999999999995
    endloop
  endfacet
  facet normal -0.8720282609453507 -0.48945552618458343 -3.5159689113411705e-19
    outer loop
      vertex -30.517815280072934 -1.0081046013404347 1.99
      vertex -30.533209996878092 -0.9806769242478985 4.3999999999999995
      vertex -30.533209996878092 -0.9806769242478985 1.99
    endloop
  endfacet
  facet normal -0.8720282609453507 -0.48945552618458343 0
    outer loop
      vertex -30.517815280072934 -1.0081046013404347 1.99
      vertex -30.517815280072934 -1.0081046013404347 4.3999999999999995
      vertex -30.533209996878092 -0.9806769242478985 4.3999999999999995
    endloop
  endfacet
  facet normal -0.8303500531616514 -0.5572421279968365 2.505995562260046e-19
    outer loop
      vertex -30.500348380959515 -1.0341321392430949 1.99
      vertex -30.517815280072934 -1.0081046013404347 4.3999999999999995
      vertex -30.517815280072934 -1.0081046013404347 1.99
    endloop
  endfacet
  facet normal -0.8303500531616514 -0.5572421279968365 0
    outer loop
      vertex -30.500348380959515 -1.0341321392430949 1.99
      vertex -30.500348380959515 -1.0341321392430949 4.3999999999999995
      vertex -30.517815280072934 -1.0081046013404347 4.3999999999999995
    endloop
  endfacet
  facet normal -0.785316755522145 -0.6190941717510927 -1.6309248659513744e-19
    outer loop
      vertex -30.481000747068183 -1.05867448153586 1.99
      vertex -30.500348380959515 -1.0341321392430949 4.3999999999999995
      vertex -30.500348380959515 -1.0341321392430949 1.99
    endloop
  endfacet
  facet normal -0.785316755522145 -0.6190941717510927 0
    outer loop
      vertex -30.481000747068183 -1.05867448153586 1.99
      vertex -30.481000747068183 -1.05867448153586 4.3999999999999995
      vertex -30.500348380959515 -1.0341321392430949 4.3999999999999995
    endloop
  endfacet
  facet normal -0.734120560109598 -0.679019147907016 5.632583961042644e-19
    outer loop
      vertex -30.459603583151377 -1.0818079940557652 1.99
      vertex -30.481000747068183 -1.05867448153586 4.3999999999999995
      vertex -30.481000747068183 -1.05867448153586 1.99
    endloop
  endfacet
  facet normal -0.734120560109598 -0.679019147907016 0
    outer loop
      vertex -30.459603583151377 -1.0818079940557652 1.99
      vertex -30.459603583151377 -1.0818079940557652 4.3999999999999995
      vertex -30.481000747068183 -1.05867448153586 4.3999999999999995
    endloop
  endfacet
  facet normal -0.6785618799972403 -0.734543242440233 -1.3298040651704299e-19
    outer loop
      vertex -30.436628552954303 -1.1030320402150195 1.99
      vertex -30.459603583151377 -1.0818079940557652 4.3999999999999995
      vertex -30.459603583151377 -1.0818079940557652 1.99
    endloop
  endfacet
  facet normal -0.6785618799972403 -0.734543242440233 0
    outer loop
      vertex -30.436628552954303 -1.1030320402150195 1.99
      vertex -30.436628552954303 -1.1030320402150195 4.3999999999999995
      vertex -30.459603583151377 -1.0818079940557652 4.3999999999999995
    endloop
  endfacet
  facet normal -0.6200292359889934 -0.7845787063889161 -1.1147308320969904e-19
    outer loop
      vertex -30.41205616596794 -1.1224508674219216 1.99
      vertex -30.436628552954303 -1.1030320402150195 4.3999999999999995
      vertex -30.436628552954303 -1.1030320402150195 1.99
    endloop
  endfacet
  facet normal -0.6200292359889934 -0.7845787063889161 0
    outer loop
      vertex -30.41205616596794 -1.1224508674219216 1.99
      vertex -30.41205616596794 -1.1224508674219216 4.3999999999999995
      vertex -30.436628552954303 -1.1030320402150195 4.3999999999999995
    endloop
  endfacet
  facet normal -0.5562646623453793 -0.8310051897706664 1.8863688915065378e-19
    outer loop
      vertex -30.38595881732548 -1.1399201119096887 1.99
      vertex -30.41205616596794 -1.1224508674219216 4.3999999999999995
      vertex -30.41205616596794 -1.1224508674219216 1.99
    endloop
  endfacet
  facet normal -0.5562646623453793 -0.8310051897706664 0
    outer loop
      vertex -30.38595881732548 -1.1399201119096887 1.99
      vertex -30.38595881732548 -1.1399201119096887 4.3999999999999995
      vertex -30.41205616596794 -1.1224508674219216 4.3999999999999995
    endloop
  endfacet
  facet normal -0.49010023926583257 -0.8716660802575569 1.0956233517627904e-19
    outer loop
      vertex -30.3586666632829 -1.155265312932535 1.99
      vertex -30.38595881732548 -1.1399201119096887 4.3999999999999995
      vertex -30.38595881732548 -1.1399201119096887 1.99
    endloop
  endfacet
  facet normal -0.49010023926583257 -0.8716660802575569 0
    outer loop
      vertex -30.3586666632829 -1.155265312932535 1.99
      vertex -30.3586666632829 -1.155265312932535 4.3999999999999995
      vertex -30.38595881732548 -1.1399201119096887 4.3999999999999995
    endloop
  endfacet
  facet normal -0.4205631299663207 -0.9072632769559955 1.5252889027218406e-19
    outer loop
      vertex -30.330146027551034 -1.1684860925415883 1.99
      vertex -30.3586666632829 -1.155265312932535 4.3999999999999995
      vertex -30.3586666632829 -1.155265312932535 1.99
    endloop
  endfacet
  facet normal -0.4205631299663207 -0.9072632769559955 0
    outer loop
      vertex -30.330146027551034 -1.1684860925415883 1.99
      vertex -30.330146027551034 -1.1684860925415883 4.3999999999999995
      vertex -30.3586666632829 -1.155265312932535 4.3999999999999995
    endloop
  endfacet
  facet normal -0.3479515691874186 -0.9375125095165467 3.3453299541360796e-20
    outer loop
      vertex -30.30056039168536 -1.1794666056764775 1.99
      vertex -30.330146027551034 -1.1684860925415883 4.3999999999999995
      vertex -30.330146027551034 -1.1684860925415883 1.99
    endloop
  endfacet
  facet normal -0.3479515691874186 -0.9375125095165467 0
    outer loop
      vertex -30.30056039168536 -1.1794666056764775 1.99
      vertex -30.30056039168536 -1.1794666056764775 4.3999999999999995
      vertex -30.330146027551034 -1.1684860925415883 4.3999999999999995
    endloop
  endfacet
  facet normal -0.27247124387433946 -0.9621639263979763 -2.3829880746549805e-19
    outer loop
      vertex -30.27028086113231 -1.1880413413606625 1.99
      vertex -30.30056039168536 -1.1794666056764775 4.3999999999999995
      vertex -30.30056039168536 -1.1794666056764775 1.99
    endloop
  endfacet
  facet normal -0.27247124387433946 -0.9621639263979763 0
    outer loop
      vertex -30.27028086113231 -1.1880413413606625 1.99
      vertex -30.27028086113231 -1.1880413413606625 4.3999999999999995
      vertex -30.30056039168536 -1.1794666056764775 4.3999999999999995
    endloop
  endfacet
  facet normal -0.1966070919628576 -0.9804823564908797 1.0571516284735308e-19
    outer loop
      vertex -30.239429636617988 -1.1942276531235407 1.99
      vertex -30.27028086113231 -1.1880413413606625 4.3999999999999995
      vertex -30.27028086113231 -1.1880413413606625 1.99
    endloop
  endfacet
  facet normal -0.1966070919628576 -0.9804823564908797 0
    outer loop
      vertex -30.239429636617988 -1.1942276531235407 1.99
      vertex -30.239429636617988 -1.1942276531235407 4.3999999999999995
      vertex -30.27028086113231 -1.1880413413606625 4.3999999999999995
    endloop
  endfacet
  facet normal -0.1182728025855485 -0.9929811398856274 -3.0837562169171404e-20
    outer loop
      vertex -30.20801741275066 -1.1979691257487524 1.99
      vertex -30.239429636617988 -1.1942276531235407 4.3999999999999995
      vertex -30.239429636617988 -1.1942276531235407 1.99
    endloop
  endfacet
  facet normal -0.1182728025855485 -0.9929811398856274 0
    outer loop
      vertex -30.20801741275066 -1.1979691257487524 1.99
      vertex -30.20801741275066 -1.1979691257487524 4.3999999999999995
      vertex -30.239429636617988 -1.1942276531235407 4.3999999999999995
    endloop
  endfacet
  facet normal -0.03915227691847369 -0.9992332556576063 -2.6758232168793676e-22
    outer loop
      vertex -30.176538675112443 -1.199202535711919 1.99
      vertex -30.20801741275066 -1.1979691257487524 4.3999999999999995
      vertex -30.20801741275066 -1.1979691257487524 1.99
    endloop
  endfacet
  facet normal -0.03915227691847369 -0.9992332556576063 0
    outer loop
      vertex -30.176538675112443 -1.199202535711919 1.99
      vertex -30.176538675112443 -1.199202535711919 4.3999999999999995
      vertex -30.20801741275066 -1.1979691257487524 4.3999999999999995
    endloop
  endfacet
  facet normal 0.03915227678273142 -0.999233255662925 9.311732271694453e-21
    outer loop
      vertex -30.1450473366891 -1.197968632025045 1.99
      vertex -30.176538675112443 -1.199202535711919 4.3999999999999995
      vertex -30.176538675112443 -1.199202535711919 1.99
    endloop
  endfacet
  facet normal 0.03915227678273142 -0.999233255662925 0
    outer loop
      vertex -30.1450473366891 -1.197968632025045 1.99
      vertex -30.1450473366891 -1.197968632025045 4.3999999999999995
      vertex -30.176538675112443 -1.199202535711919 4.3999999999999995
    endloop
  endfacet
  facet normal 0.12403476157858814 -0.9922778733399947 -1.5947354902904316e-20
    outer loop
      vertex -26.792773403438197 -0.8917100458916956 1.99
      vertex -26.833331794776974 -0.8967798459294443 4.3999999999999995
      vertex -26.833331794776974 -0.8967798459294443 1.99
    endloop
  endfacet
  facet normal 0.12403476157858814 -0.9922778733399947 0
    outer loop
      vertex -26.792773403438197 -0.8917100458916956 1.99
      vertex -26.792773403438197 -0.8917100458916956 4.3999999999999995
      vertex -26.833331794776974 -0.8967798459294443 4.3999999999999995
    endloop
  endfacet
  facet normal 0.2057844677581568 -0.9785973394759931 -8.241355078729258e-20
    outer loop
      vertex -26.752903258468052 -0.8833259473139137 1.99
      vertex -26.792773403438197 -0.8917100458916956 4.3999999999999995
      vertex -26.792773403438197 -0.8917100458916956 1.99
    endloop
  endfacet
  facet normal 0.2057844677581568 -0.9785973394759931 0
    outer loop
      vertex -26.752903258468052 -0.8833259473139137 1.99
      vertex -26.752903258468052 -0.8833259473139137 4.3999999999999995
      vertex -26.792773403438197 -0.8917100458916956 4.3999999999999995
    endloop
  endfacet
  facet normal 0.2852219031928525 -0.9584615098891802 1.3630747219188464e-19
    outer loop
      vertex -26.720199622185376 -0.8735938993541055 1.99
      vertex -26.752903258468052 -0.8833259473139137 4.3999999999999995
      vertex -26.752903258468052 -0.8833259473139137 1.99
    endloop
  endfacet
  facet normal 0.2852219031928525 -0.9584615098891802 0
    outer loop
      vertex -26.720199622185376 -0.8735938993541055 1.99
      vertex -26.720199622185376 -0.8735938993541055 4.3999999999999995
      vertex -26.752903258468052 -0.8833259473139137 4.3999999999999995
    endloop
  endfacet
  facet normal 0.361014416552792 -0.9325602345377201 1.7868404748631007e-19
    outer loop
      vertex -26.68852097873046 -0.861330405200583 1.99
      vertex -26.720199622185376 -0.8735938993541055 4.3999999999999995
      vertex -26.720199622185376 -0.8735938993541055 1.99
    endloop
  endfacet
  facet normal 0.361014416552792 -0.9325602345377201 0
    outer loop
      vertex -26.68852097873046 -0.861330405200583 1.99
      vertex -26.68852097873046 -0.861330405200583 4.3999999999999995
      vertex -26.720199622185376 -0.8735938993541055 4.3999999999999995
    endloop
  endfacet
  facet normal 0.4350121665844979 -0.9004245748109394 -2.7355800549463415e-19
    outer loop
      vertex -26.65798796474855 -0.8465793278353146 1.99
      vertex -26.68852097873046 -0.861330405200583 4.3999999999999995
      vertex -26.68852097873046 -0.861330405200583 1.99
    endloop
  endfacet
  facet normal 0.4350121665844979 -0.9004245748109394 0
    outer loop
      vertex -26.65798796474855 -0.8465793278353146 1.99
      vertex -26.65798796474855 -0.8465793278353146 4.3999999999999995
      vertex -26.68852097873046 -0.861330405200583 4.3999999999999995
    endloop
  endfacet
  facet normal 0.5053107286209122 -0.8629374644437467 3.4888067249993745e-19
    outer loop
      vertex -26.62886595785359 -0.8295263394910428 1.99
      vertex -26.65798796474855 -0.8465793278353146 4.3999999999999995
      vertex -26.65798796474855 -0.8465793278353146 1.99
    endloop
  endfacet
  facet normal 0.5053107286209122 -0.8629374644437467 0
    outer loop
      vertex -26.62886595785359 -0.8295263394910428 1.99
      vertex -26.62886595785359 -0.8295263394910428 4.3999999999999995
      vertex -26.65798796474855 -0.8465793278353146 4.3999999999999995
    endloop
  endfacet
  facet normal 0.5721815880300642 -0.8201269598784042 1.215643659929812e-19
    outer loop
      vertex -26.604892773679445 -0.8128008625076575 1.99
      vertex -26.62886595785359 -0.8295263394910428 4.3999999999999995
      vertex -26.62886595785359 -0.8295263394910428 1.99
    endloop
  endfacet
  facet normal 0.5721815880300642 -0.8201269598784042 0
    outer loop
      vertex -26.604892773679445 -0.8128008625076575 1.99
      vertex -26.604892773679445 -0.8128008625076575 4.3999999999999995
      vertex -26.62886595785359 -0.8295263394910428 4.3999999999999995
    endloop
  endfacet
  facet normal 0.6348524361685262 -0.7726334087333316 1.9995444780622956e-20
    outer loop
      vertex -26.582438176075385 -0.7943505135698707 1.99
      vertex -26.604892773679445 -0.8128008625076575 4.3999999999999995
      vertex -26.604892773679445 -0.8128008625076575 1.99
    endloop
  endfacet
  facet normal 0.6348524361685262 -0.7726334087333316 0
    outer loop
      vertex -26.582438176075385 -0.7943505135698707 1.99
      vertex -26.582438176075385 -0.7943505135698707 4.3999999999999995
      vertex -26.604892773679445 -0.8128008625076575 4.3999999999999995
    endloop
  endfacet
  facet normal 0.6931934036502028 -0.7207516251357655 1.412731272349002e-19
    outer loop
      vertex -26.561552726532035 -0.7742636273932462 1.99
      vertex -26.582438176075385 -0.7943505135698707 4.3999999999999995
      vertex -26.582438176075385 -0.7943505135698707 1.99
    endloop
  endfacet
  facet normal 0.6931934036502028 -0.7207516251357655 0
    outer loop
      vertex -26.561552726532035 -0.7742636273932462 1.99
      vertex -26.561552726532035 -0.7742636273932462 4.3999999999999995
      vertex -26.582438176075385 -0.7943505135698707 4.3999999999999995
    endloop
  endfacet
  facet normal 0.7472338895076377 -0.664561144193134 1.2696476295590585e-19
    outer loop
      vertex -26.542329927804808 -0.7526494737737046 1.99
      vertex -26.561552726532035 -0.7742636273932462 4.3999999999999995
      vertex -26.561552726532035 -0.7742636273932462 1.99
    endloop
  endfacet
  facet normal 0.7472338895076377 -0.664561144193134 0
    outer loop
      vertex -26.542329927804808 -0.7526494737737046 1.99
      vertex -26.542329927804808 -0.7526494737737046 4.3999999999999995
      vertex -26.561552726532035 -0.7742636273932462 4.3999999999999995
    endloop
  endfacet
  facet normal 0.7965503678918204 -0.6045721722105685 -3.3936068420341203e-19
    outer loop
      vertex -26.524414212178876 -0.7290447322244837 1.99
      vertex -26.542329927804808 -0.7526494737737046 4.3999999999999995
      vertex -26.542329927804808 -0.7526494737737046 1.99
    endloop
  endfacet
  facet normal 0.7965503678918204 -0.6045721722105685 0
    outer loop
      vertex -26.524414212178876 -0.7290447322244837 1.99
      vertex -26.524414212178876 -0.7290447322244837 4.3999999999999995
      vertex -26.542329927804808 -0.7526494737737046 4.3999999999999995
    endloop
  endfacet
  facet normal 0.8442994208150706 -0.5358717085379078 -4.038406296198928e-19
    outer loop
      vertex -26.50989295909197 -0.70616558899777 1.99
      vertex -26.524414212178876 -0.7290447322244837 4.3999999999999995
      vertex -26.524414212178876 -0.7290447322244837 1.99
    endloop
  endfacet
  facet normal 0.8442994208150706 -0.5358717085379078 0
    outer loop
      vertex -26.50989295909197 -0.70616558899777 1.99
      vertex -26.50989295909197 -0.70616558899777 4.3999999999999995
      vertex -26.524414212178876 -0.7290447322244837 4.3999999999999995
    endloop
  endfacet
  facet normal 0.8874146056512762 -0.4609721441440797 -8.19152314435542e-20
    outer loop
      vertex -26.49724898695782 -0.6818247569370257 1.99
      vertex -26.50989295909197 -0.70616558899777 4.3999999999999995
      vertex -26.50989295909197 -0.70616558899777 1.99
    endloop
  endfacet
  facet normal 0.8874146056512762 -0.4609721441440797 0
    outer loop
      vertex -26.49724898695782 -0.6818247569370257 1.99
      vertex -26.49724898695782 -0.6818247569370257 4.3999999999999995
      vertex -26.50989295909197 -0.70616558899777 4.3999999999999995
    endloop
  endfacet
  facet normal 0.9238907861739437 -0.38265626249009993 3.861445128933344e-19
    outer loop
      vertex -26.486683366810958 -0.6563149716263688 1.99
      vertex -26.49724898695782 -0.6818247569370257 4.3999999999999995
      vertex -26.49724898695782 -0.6818247569370257 1.99
    endloop
  endfacet
  facet normal 0.9238907861739437 -0.38265626249009993 0
    outer loop
      vertex -26.486683366810958 -0.6563149716263688 1.99
      vertex -26.486683366810958 -0.6563149716263688 4.3999999999999995
      vertex -26.49724898695782 -0.6818247569370257 4.3999999999999995
    endloop
  endfacet
  facet normal 0.953894995132625 -0.30014053085334824 1.732948380689051e-19
    outer loop
      vertex -26.478343583110522 -0.629809794502453 1.99
      vertex -26.486683366810958 -0.6563149716263688 4.3999999999999995
      vertex -26.486683366810958 -0.6563149716263688 1.99
    endloop
  endfacet
  facet normal 0.953894995132625 -0.30014053085334824 0
    outer loop
      vertex -26.478343583110522 -0.629809794502453 1.99
      vertex -26.478343583110522 -0.629809794502453 4.3999999999999995
      vertex -26.486683366810958 -0.6563149716263688 4.3999999999999995
    endloop
  endfacet
  facet normal 0.9765503956270419 -0.21528893329817858 -1.0769357253990735e-19
    outer loop
      vertex -26.472374276736005 -0.6027330264942243 1.99
      vertex -26.478343583110522 -0.629809794502453 4.3999999999999995
      vertex -26.478343583110522 -0.629809794502453 1.99
    endloop
  endfacet
  facet normal 0.9765503956270419 -0.21528893329817858 0
    outer loop
      vertex -26.472374276736005 -0.6027330264942243 1.99
      vertex -26.472374276736005 -0.6027330264942243 4.3999999999999995
      vertex -26.478343583110522 -0.629809794502453 4.3999999999999995
    endloop
  endfacet
  facet normal 0.9916004111862269 -0.12933918406772918 -3.7931715035183847e-20
    outer loop
      vertex -26.46883805125615 -0.5756219644819893 1.99
      vertex -26.472374276736005 -0.6027330264942243 4.3999999999999995
      vertex -26.472374276736005 -0.6027330264942243 1.99
    endloop
  endfacet
  facet normal 0.9916004111862269 -0.12933918406772918 0
    outer loop
      vertex -26.46883805125615 -0.5756219644819893 1.99
      vertex -26.46883805125615 -0.5756219644819893 4.3999999999999995
      vertex -26.472374276736005 -0.6027330264942243 4.3999999999999995
    endloop
  endfacet
  facet normal 0.9989932936141851 -0.04485977389468765 8.074836730450834e-22
    outer loop
      vertex -26.467641430058244 -0.5489741139040802 1.99
      vertex -26.46883805125615 -0.5756219644819893 4.3999999999999995
      vertex -26.46883805125615 -0.5756219644819893 1.99
    endloop
  endfacet
  facet normal 0.9989932936141851 -0.04485977389468765 0
    outer loop
      vertex -26.467641430058244 -0.5489741139040802 1.99
      vertex -26.467641430058244 -0.5489741139040802 4.3999999999999995
      vertex -26.46883805125615 -0.5756219644819893 4.3999999999999995
    endloop
  endfacet
  facet normal 0.999311325716933 0.037106256802130935 -2.0459170185066986e-20
    outer loop
      vertex -26.468658527041335 -0.5215826003926196 1.99
      vertex -26.467641430058244 -0.5489741139040802 4.3999999999999995
      vertex -26.467641430058244 -0.5489741139040802 1.99
    endloop
  endfacet
  facet normal 0.999311325716933 0.037106256802130935 0
    outer loop
      vertex -26.468658527041335 -0.5215826003926196 1.99
      vertex -26.468658527041335 -0.5215826003926196 4.3999999999999995
      vertex -26.467641430058244 -0.5489741139040802 4.3999999999999995
    endloop
  endfacet
  facet normal 0.9937739158115556 0.11141545787083218 -3.85960687336654e-20
    outer loop
      vertex -26.4715993904462 -0.4953514705514692 1.99
      vertex -26.468658527041335 -0.5215826003926196 4.3999999999999995
      vertex -26.468658527041335 -0.5215826003926196 1.99
    endloop
  endfacet
  facet normal 0.9937739158115556 0.11141545787083218 0
    outer loop
      vertex -26.4715993904462 -0.4953514705514692 1.99
      vertex -26.4715993904462 -0.4953514705514692 4.3999999999999995
      vertex -26.468658527041335 -0.5215826003926196 4.3999999999999995
    endloop
  endfacet
  facet normal 0.9828286442922101 0.18452061120302027 -1.2524923487334209e-20
    outer loop
      vertex -26.47647074567115 -0.4694047352768109 1.99
      vertex -26.4715993904462 -0.4953514705514692 4.3999999999999995
      vertex -26.4715993904462 -0.4953514705514692 1.99
    endloop
  endfacet
  facet normal 0.9828286442922101 0.18452061120302027 0
    outer loop
      vertex -26.47647074567115 -0.4694047352768109 1.99
      vertex -26.47647074567115 -0.4694047352768109 4.3999999999999995
      vertex -26.4715993904462 -0.4953514705514692 4.3999999999999995
    endloop
  endfacet
  facet normal 0.9663410818236824 0.257264287416336 -1.94666076587422e-19
    outer loop
      vertex -26.483218442205235 -0.4440589073189152 1.99
      vertex -26.47647074567115 -0.4694047352768109 4.3999999999999995
      vertex -26.47647074567115 -0.4694047352768109 1.99
    endloop
  endfacet
  facet normal 0.9663410818236824 0.257264287416336 0
    outer loop
      vertex -26.483218442205235 -0.4440589073189152 1.99
      vertex -26.483218442205235 -0.4440589073189152 4.3999999999999995
      vertex -26.47647074567115 -0.4694047352768109 4.3999999999999995
    endloop
  endfacet
  facet normal 0.9451686559484151 0.3265826263178533 -7.139019753446173e-20
    outer loop
      vertex -26.491885949395957 -0.418974118779353 1.99
      vertex -26.483218442205235 -0.4440589073189152 4.3999999999999995
      vertex -26.483218442205235 -0.4440589073189152 1.99
    endloop
  endfacet
  facet normal 0.9451686559484151 0.3265826263178533 0
    outer loop
      vertex -26.491885949395957 -0.418974118779353 1.99
      vertex -26.491885949395957 -0.418974118779353 4.3999999999999995
      vertex -26.483218442205235 -0.4440589073189152 4.3999999999999995
    endloop
  endfacet
  facet normal 0.9171934103536873 0.3984422768780604 -2.7131330136417764e-19
    outer loop
      vertex -26.50259763930802 -0.3943163653951558 1.99
      vertex -26.491885949395957 -0.418974118779353 4.3999999999999995
      vertex -26.491885949395957 -0.418974118779353 1.99
    endloop
  endfacet
  facet normal 0.9171934103536873 0.3984422768780604 0
    outer loop
      vertex -26.50259763930802 -0.3943163653951558 1.99
      vertex -26.50259763930802 -0.3943163653951558 4.3999999999999995
      vertex -26.491885949395957 -0.418974118779353 4.3999999999999995
    endloop
  endfacet
  facet normal 0.8843550211994157 0.46681494886023217 1.7021770378194712e-19
    outer loop
      vertex -26.51514108600852 -0.3705535015455368 1.99
      vertex -26.50259763930802 -0.3943163653951558 4.3999999999999995
      vertex -26.50259763930802 -0.3943163653951558 1.99
    endloop
  endfacet
  facet normal 0.8843550211994157 0.46681494886023217 0
    outer loop
      vertex -26.51514108600852 -0.3705535015455368 1.99
      vertex -26.51514108600852 -0.3705535015455368 4.3999999999999995
      vertex -26.50259763930802 -0.3943163653951558 4.3999999999999995
    endloop
  endfacet
  facet normal 0.8457349810609931 0.5336031688528111 -1.157097073146065e-19
    outer loop
      vertex -26.529578229788363 -0.3476713332340715 1.99
      vertex -26.51514108600852 -0.3705535015455368 4.3999999999999995
      vertex -26.51514108600852 -0.3705535015455368 1.99
    endloop
  endfacet
  facet normal 0.8457349810609931 0.5336031688528111 0
    outer loop
      vertex -26.529578229788363 -0.3476713332340715 1.99
      vertex -26.529578229788363 -0.3476713332340715 4.3999999999999995
      vertex -26.51514108600852 -0.3705535015455368 4.3999999999999995
    endloop
  endfacet
  facet normal 0.8020167378917863 0.5973015587970768 -7.83723489885284e-21
    outer loop
      vertex -26.545623636348225 -0.32612663033189904 1.99
      vertex -26.529578229788363 -0.3476713332340715 4.3999999999999995
      vertex -26.529578229788363 -0.3476713332340715 1.99
    endloop
  endfacet
  facet normal 0.8020167378917863 0.5973015587970768 0
    outer loop
      vertex -26.545623636348225 -0.32612663033189904 1.99
      vertex -26.545623636348225 -0.32612663033189904 4.3999999999999995
      vertex -26.529578229788363 -0.3476713332340715 4.3999999999999995
    endloop
  endfacet
  facet normal 0.7545776214030497 0.6562107994217374 7.447161573642581e-21
    outer loop
      vertex -26.5634740855839 -0.3056003763642714 1.99
      vertex -26.545623636348225 -0.32612663033189904 4.3999999999999995
      vertex -26.545623636348225 -0.32612663033189904 1.99
    endloop
  endfacet
  facet normal 0.7545776214030497 0.6562107994217374 0
    outer loop
      vertex -26.5634740855839 -0.3056003763642714 1.99
      vertex -26.5634740855839 -0.3056003763642714 4.3999999999999995
      vertex -26.545623636348225 -0.32612663033189904 4.3999999999999995
    endloop
  endfacet
  facet normal 0.6997798678561119 0.7143585490097272 -1.6132014856397963e-19
    outer loop
      vertex -26.582984129926622 -0.2864884944235513 1.99
      vertex -26.5634740855839 -0.3056003763642714 4.3999999999999995
      vertex -26.5634740855839 -0.3056003763642714 1.99
    endloop
  endfacet
  facet normal 0.6997798678561119 0.7143585490097272 0
    outer loop
      vertex -26.582984129926622 -0.2864884944235513 1.99
      vertex -26.582984129926622 -0.2864884944235513 4.3999999999999995
      vertex -26.5634740855839 -0.3056003763642714 4.3999999999999995
    endloop
  endfacet
  facet normal 0.6420091563477939 0.7666969695815903 -2.6282942951917115e-19
    outer loop
      vertex -26.60375849985175 -0.26909265716523123 1.99
      vertex -26.582984129926622 -0.2864884944235513 4.3999999999999995
      vertex -26.582984129926622 -0.2864884944235513 1.99
    endloop
  endfacet
  facet normal 0.6420091563477939 0.7666969695815903 0
    outer loop
      vertex -26.60375849985175 -0.26909265716523123 1.99
      vertex -26.60375849985175 -0.26909265716523123 4.3999999999999995
      vertex -26.582984129926622 -0.2864884944235513 4.3999999999999995
    endloop
  endfacet
  facet normal 0.5801101206841278 0.8145380579689613 -4.0127165701288074e-19
    outer loop
      vertex -26.626095104958722 -0.25318463352224896 1.99
      vertex -26.60375849985175 -0.26909265716523123 4.3999999999999995
      vertex -26.60375849985175 -0.26909265716523123 1.99
    endloop
  endfacet
  facet normal 0.5801101206841278 0.8145380579689613 0
    outer loop
      vertex -26.626095104958722 -0.25318463352224896 1.99
      vertex -26.626095104958722 -0.25318463352224896 4.3999999999999995
      vertex -26.60375849985175 -0.26909265716523123 4.3999999999999995
    endloop
  endfacet
  facet normal 0.5127410985035238 0.858543281323312 -3.3427398627179336e-19
    outer loop
      vertex -26.64976728647762 -0.23904708143836828 1.99
      vertex -26.626095104958722 -0.25318463352224896 4.3999999999999995
      vertex -26.626095104958722 -0.25318463352224896 1.99
    endloop
  endfacet
  facet normal 0.5127410985035238 0.858543281323312 0
    outer loop
      vertex -26.64976728647762 -0.23904708143836828 1.99
      vertex -26.64976728647762 -0.23904708143836828 4.3999999999999995
      vertex -26.626095104958722 -0.25318463352224896 4.3999999999999995
    endloop
  endfacet
  facet normal 0.44296456264991674 0.896539121419901 -7.533641704212936e-20
    outer loop
      vertex -26.674499124560867 -0.2268275055399691 1.99
      vertex -26.64976728647762 -0.23904708143836828 4.3999999999999995
      vertex -26.64976728647762 -0.23904708143836828 1.99
    endloop
  endfacet
  facet normal 0.44296456264991674 0.896539121419901 0
    outer loop
      vertex -26.674499124560867 -0.2268275055399691 1.99
      vertex -26.674499124560867 -0.2268275055399691 4.3999999999999995
      vertex -26.64976728647762 -0.23904708143836828 4.3999999999999995
    endloop
  endfacet
  facet normal 0.36929071867919583 0.9293139217172004 8.184641394646418e-20
    outer loop
      vertex -26.700457385781895 -0.21651221302367674 1.99
      vertex -26.674499124560867 -0.2268275055399691 4.3999999999999995
      vertex -26.674499124560867 -0.2268275055399691 1.99
    endloop
  endfacet
  facet normal 0.36929071867919583 0.9293139217172004 0
    outer loop
      vertex -26.700457385781895 -0.21651221302367674 1.99
      vertex -26.700457385781895 -0.21651221302367674 4.3999999999999995
      vertex -26.674499124560867 -0.2268275055399691 4.3999999999999995
    endloop
  endfacet
  facet normal 0.290569952925922 0.9568537518642163 1.8704225198000125e-19
    outer loop
      vertex -26.727706576151654 -0.20823738947035508 1.99
      vertex -26.700457385781895 -0.21651221302367674 4.3999999999999995
      vertex -26.700457385781895 -0.21651221302367674 1.99
    endloop
  endfacet
  facet normal 0.290569952925922 0.9568537518642163 0
    outer loop
      vertex -26.727706576151654 -0.20823738947035508 1.99
      vertex -26.727706576151654 -0.20823738947035508 4.3999999999999995
      vertex -26.700457385781895 -0.21651221302367674 4.3999999999999995
    endloop
  endfacet
  facet normal 0.20832795016644118 0.9780590294964047 5.1534310207705655e-21
    outer loop
      vertex -26.75558215252113 -0.20229985246121274 1.99
      vertex -26.727706576151654 -0.20823738947035508 4.3999999999999995
      vertex -26.727706576151654 -0.20823738947035508 1.99
    endloop
  endfacet
  facet normal 0.20832795016644118 0.9780590294964047 0
    outer loop
      vertex -26.75558215252113 -0.20229985246121274 1.99
      vertex -26.75558215252113 -0.20229985246121274 4.3999999999999995
      vertex -26.727706576151654 -0.20823738947035508 4.3999999999999995
    endloop
  endfacet
  facet normal 0.12586682827918766 0.9920471468327187 1.6190997470238924e-20
    outer loop
      vertex -26.783768542530595 -0.19872368017700381 1.99
      vertex -26.75558215252113 -0.20229985246121274 4.3999999999999995
      vertex -26.75558215252113 -0.20229985246121274 1.99
    endloop
  endfacet
  facet normal 0.12586682827918766 0.9920471468327187 0
    outer loop
      vertex -26.783768542530595 -0.19872368017700381 1.99
      vertex -26.783768542530595 -0.19872368017700381 4.3999999999999995
      vertex -26.75558215252113 -0.20229985246121274 4.3999999999999995
    endloop
  endfacet
  facet normal 0.04191172460492248 0.9991213176289662 3.9546981699205914e-20
    outer loop
      vertex -26.811472717598015 -0.19756152925964798 1.99
      vertex -26.783768542530595 -0.19872368017700381 4.3999999999999995
      vertex -26.783768542530595 -0.19872368017700381 1.99
    endloop
  endfacet
  facet normal 0.04191172460492248 0.9991213176289662 0
    outer loop
      vertex -26.811472717598015 -0.19756152925964798 1.99
      vertex -26.811472717598015 -0.19756152925964798 4.3999999999999995
      vertex -26.783768542530595 -0.19872368017700381 4.3999999999999995
    endloop
  endfacet
  facet normal -0.03620812354032041 0.999344270904521 7.528104787321461e-21
    outer loop
      vertex -26.83830958966299 -0.198533879637246 1.99
      vertex -26.811472717598015 -0.19756152925964798 4.3999999999999995
      vertex -26.811472717598015 -0.19756152925964798 1.99
    endloop
  endfacet
  facet normal -0.03620812354032041 0.999344270904521 0
    outer loop
      vertex -26.83830958966299 -0.198533879637246 1.99
      vertex -26.83830958966299 -0.198533879637246 4.3999999999999995
      vertex -26.811472717598015 -0.19756152925964798 4.3999999999999995
    endloop
  endfacet
  facet normal -0.10619222248688888 0.9943456199346861 1.0202216132330081e-19
    outer loop
      vertex -26.86440432478161 -0.20132069526945529 1.99
      vertex -26.83830958966299 -0.198533879637246 4.3999999999999995
      vertex -26.83830958966299 -0.198533879637246 1.99
    endloop
  endfacet
  facet normal -0.10619222248688888 0.9943456199346861 0
    outer loop
      vertex -26.86440432478161 -0.20132069526945529 1.99
      vertex -26.86440432478161 -0.20132069526945529 4.3999999999999995
      vertex -26.83830958966299 -0.198533879637246 4.3999999999999995
    endloop
  endfacet
  facet normal -0.1786730303215409 0.9839085060287454 4.16425273215307e-20
    outer loop
      vertex -26.890238786836704 -0.2060121087431952 1.99
      vertex -26.86440432478161 -0.20132069526945529 4.3999999999999995
      vertex -26.86440432478161 -0.20132069526945529 1.99
    endloop
  endfacet
  facet normal -0.1786730303215409 0.9839085060287454 0
    outer loop
      vertex -26.890238786836704 -0.2060121087431952 1.99
      vertex -26.890238786836704 -0.2060121087431952 4.3999999999999995
      vertex -26.86440432478161 -0.20132069526945529 4.3999999999999995
    endloop
  endfacet
  facet normal -0.24735910260806065 0.9689238743869072 -1.5236811680906763e-19
    outer loop
      vertex -26.915508333361167 -0.21246323717220506 1.99
      vertex -26.890238786836704 -0.2060121087431952 4.3999999999999995
      vertex -26.890238786836704 -0.2060121087431952 1.99
    endloop
  endfacet
  facet normal -0.24735910260806065 0.9689238743869072 0
    outer loop
      vertex -26.915508333361167 -0.21246323717220506 1.99
      vertex -26.915508333361167 -0.21246323717220506 4.3999999999999995
      vertex -26.890238786836704 -0.2060121087431952 4.3999999999999995
    endloop
  endfacet
  facet normal -0.3162277318240136 0.9486833094481213 3.464845024354582e-20
    outer loop
      vertex -26.940376845520447 -0.2207527402293863 1.99
      vertex -26.915508333361167 -0.21246323717220506 4.3999999999999995
      vertex -26.915508333361167 -0.21246323717220506 1.99
    endloop
  endfacet
  facet normal -0.3162277318240136 0.9486833094481213 0
    outer loop
      vertex -26.940376845520447 -0.2207527402293863 1.99
      vertex -26.940376845520447 -0.2207527402293863 4.3999999999999995
      vertex -26.915508333361167 -0.21246323717220506 4.3999999999999995
    endloop
  endfacet
  facet normal -0.3831036290984848 0.9237053693530045 5.2242293251924965e-20
    outer loop
      vertex -26.972027298920146 -0.23387965706059433 1.99
      vertex -26.940376845520447 -0.2207527402293863 4.3999999999999995
      vertex -26.940376845520447 -0.2207527402293863 1.99
    endloop
  endfacet
  facet normal -0.3831036290984848 0.9237053693530045 0
    outer loop
      vertex -26.972027298920146 -0.23387965706059433 1.99
      vertex -26.972027298920146 -0.23387965706059433 4.3999999999999995
      vertex -26.940376845520447 -0.2207527402293863 4.3999999999999995
    endloop
  endfacet
  facet normal -0.4474567590592682 0.8943055678973356 4.6040572191368846e-20
    outer loop
      vertex -27.002602324233386 -0.24917756219047504 1.99
      vertex -26.972027298920146 -0.23387965706059433 4.3999999999999995
      vertex -26.972027298920146 -0.23387965706059433 1.99
    endloop
  endfacet
  facet normal -0.4474567590592682 0.8943055678973356 0
    outer loop
      vertex -27.002602324233386 -0.24917756219047504 1.99
      vertex -27.002602324233386 -0.24917756219047504 4.3999999999999995
      vertex -26.972027298920146 -0.23387965706059433 4.3999999999999995
    endloop
  endfacet
  facet normal -0.5095690215245345 0.860429783481795 -5.672166516991121e-19
    outer loop
      vertex -27.031944249561285 -0.26655461778062417 1.99
      vertex -27.002602324233386 -0.24917756219047504 4.3999999999999995
      vertex -27.002602324233386 -0.24917756219047504 1.99
    endloop
  endfacet
  facet normal -0.5095690215245345 0.860429783481795 0
    outer loop
      vertex -27.031944249561285 -0.26655461778062417 1.99
      vertex -27.031944249561285 -0.26655461778062417 4.3999999999999995
      vertex -27.002602324233386 -0.24917756219047504 4.3999999999999995
    endloop
  endfacet
  facet normal -0.5685807254526916 0.8226274725802021 4.411986128080235e-19
    outer loop
      vertex -27.06037143332928 -0.28620281737051556 1.99
      vertex -27.031944249561285 -0.26655461778062417 4.3999999999999995
      vertex -27.031944249561285 -0.26655461778062417 1.99
    endloop
  endfacet
  facet normal -0.5685807254526916 0.8226274725802021 0
    outer loop
      vertex -27.06037143332928 -0.28620281737051556 1.99
      vertex -27.06037143332928 -0.28620281737051556 4.3999999999999995
      vertex -27.031944249561285 -0.26655461778062417 4.3999999999999995
    endloop
  endfacet
  facet normal -0.6224433444238128 0.7826648599384662 -1.3434985346642768e-19
    outer loop
      vertex -27.087275240436206 -0.30759907077415605 1.99
      vertex -27.06037143332928 -0.28620281737051556 4.3999999999999995
      vertex -27.06037143332928 -0.28620281737051556 1.99
    endloop
  endfacet
  facet normal -0.6224433444238128 0.7826648599384662 0
    outer loop
      vertex -27.087275240436206 -0.30759907077415605 1.99
      vertex -27.087275240436206 -0.30759907077415605 4.3999999999999995
      vertex -27.06037143332928 -0.28620281737051556 4.3999999999999995
    endloop
  endfacet
  facet normal -0.6747064362507823 0.73808619068627 2.591693812779762e-19
    outer loop
      vertex -27.113308627582988 -0.3313969606235929 1.99
      vertex -27.087275240436206 -0.30759907077415605 4.3999999999999995
      vertex -27.087275240436206 -0.30759907077415605 1.99
    endloop
  endfacet
  facet normal -0.6747064362507823 0.73808619068627 0
    outer loop
      vertex -27.113308627582988 -0.3313969606235929 1.99
      vertex -27.113308627582988 -0.3313969606235929 4.3999999999999995
      vertex -27.087275240436206 -0.30759907077415605 4.3999999999999995
    endloop
  endfacet
  facet normal -0.7275719925432674 0.6860313372336716 4.60937877089496e-19
    outer loop
      vertex -27.137882835595676 -0.35745918915248254 1.99
      vertex -27.113308627582988 -0.3313969606235929 4.3999999999999995
      vertex -27.113308627582988 -0.3313969606235929 1.99
    endloop
  endfacet
  facet normal -0.7275719925432674 0.6860313372336716 0
    outer loop
      vertex -27.137882835595676 -0.35745918915248254 1.99
      vertex -27.137882835595676 -0.35745918915248254 4.3999999999999995
      vertex -27.113308627582988 -0.3313969606235929 4.3999999999999995
    endloop
  endfacet
  facet normal -0.7806899769878674 0.6249185225536872 -1.9878130805958997e-20
    outer loop
      vertex -27.16079355398479 -0.3860807895154892 1.99
      vertex -27.137882835595676 -0.35745918915248254 4.3999999999999995
      vertex -27.137882835595676 -0.35745918915248254 1.99
    endloop
  endfacet
  facet normal -0.7806899769878674 0.6249185225536872 0
    outer loop
      vertex -27.16079355398479 -0.3860807895154892 1.99
      vertex -27.16079355398479 -0.3860807895154892 4.3999999999999995
      vertex -27.137882835595676 -0.35745918915248254 4.3999999999999995
    endloop
  endfacet
  facet normal -0.8286502592733883 0.5597666905114544 -5.438862599904246e-19
    outer loop
      vertex -27.18120899872448 -0.41630277996881304 1.99
      vertex -27.16079355398479 -0.3860807895154892 4.3999999999999995
      vertex -27.16079355398479 -0.3860807895154892 1.99
    endloop
  endfacet
  facet normal -0.8286502592733883 0.5597666905114544 0
    outer loop
      vertex -27.18120899872448 -0.41630277996881304 1.99
      vertex -27.18120899872448 -0.41630277996881304 4.3999999999999995
      vertex -27.16079355398479 -0.3860807895154892 4.3999999999999995
    endloop
  endfacet
  facet normal -0.8704975986641456 0.49217266352364203 -9.117358696404953e-20
    outer loop
      vertex -27.193790994714874 -0.438556346872808 1.99
      vertex -27.18120899872448 -0.41630277996881304 4.3999999999999995
      vertex -27.18120899872448 -0.41630277996881304 1.99
    endloop
  endfacet
  facet normal -0.8704975986641456 0.49217266352364203 0
    outer loop
      vertex -27.193790994714874 -0.438556346872808 1.99
      vertex -27.193790994714874 -0.438556346872808 4.3999999999999995
      vertex -27.18120899872448 -0.41630277996881304 4.3999999999999995
    endloop
  endfacet
  facet normal -0.9066744109887458 0.4218311421151963 6.322446031126069e-20
    outer loop
      vertex -27.204567850181036 -0.4617198786905341 1.99
      vertex -27.193790994714874 -0.438556346872808 4.3999999999999995
      vertex -27.193790994714874 -0.438556346872808 1.99
    endloop
  endfacet
  facet normal -0.9066744109887458 0.4218311421151963 0
    outer loop
      vertex -27.204567850181036 -0.4617198786905341 1.99
      vertex -27.204567850181036 -0.4617198786905341 4.3999999999999995
      vertex -27.193790994714874 -0.438556346872808 4.3999999999999995
    endloop
  endfacet
  facet normal -0.9372617910401697 0.3486263545060431 8.871051644872071e-20
    outer loop
      vertex -27.213478366538027 -0.48567528657035197 1.99
      vertex -27.204567850181036 -0.4617198786905341 4.3999999999999995
      vertex -27.204567850181036 -0.4617198786905341 1.99
    endloop
  endfacet
  facet normal -0.9372617910401697 0.3486263545060431 0
    outer loop
      vertex -27.213478366538027 -0.48567528657035197 1.99
      vertex -27.213478366538027 -0.48567528657035197 4.3999999999999995
      vertex -27.204567850181036 -0.4617198786905341 4.3999999999999995
    endloop
  endfacet
  facet normal -0.9619196369274564 0.2733324204944419 1.0754930254448163e-19
    outer loop
      vertex -27.220467703854382 -0.5102723716931123 1.99
      vertex -27.213478366538027 -0.48567528657035197 4.3999999999999995
      vertex -27.213478366538027 -0.48567528657035197 1.99
    endloop
  endfacet
  facet normal -0.9619196369274564 0.2733324204944419 0
    outer loop
      vertex -27.220467703854382 -0.5102723716931123 1.99
      vertex -27.220467703854382 -0.5102723716931123 4.3999999999999995
      vertex -27.213478366538027 -0.48567528657035197 4.3999999999999995
    endloop
  endfacet
  facet normal -0.9805806892513277 0.19611606733613396 1.2635947017672169e-19
    outer loop
      vertex -27.225453464049977 -0.5352011816343136 1.99
      vertex -27.220467703854382 -0.5102723716931123 4.3999999999999995
      vertex -27.220467703854382 -0.5102723716931123 1.99
    endloop
  endfacet
  facet normal -0.9805806892513277 0.19611606733613396 0
    outer loop
      vertex -27.225453464049977 -0.5352011816343136 1.99
      vertex -27.225453464049977 -0.5352011816343136 4.3999999999999995
      vertex -27.220467703854382 -0.5102723716931123 4.3999999999999995
    endloop
  endfacet
  facet normal -0.9928851165748059 0.11907621628282439 -1.4248516899723128e-20
    outer loop
      vertex -27.228474241230785 -0.5603891225761828 1.99
      vertex -27.225453464049977 -0.5352011816343136 4.3999999999999995
      vertex -27.225453464049977 -0.5352011816343136 1.99
    endloop
  endfacet
  facet normal -0.9928851165748059 0.11907621628282439 0
    outer loop
      vertex -27.228474241230785 -0.5603891225761828 1.99
      vertex -27.228474241230785 -0.5603891225761828 4.3999999999999995
      vertex -27.225453464049977 -0.5352011816343136 4.3999999999999995
    endloop
  endfacet
  facet normal -0.9991869001136054 0.04031796921180227 -1.3184630892815436e-20
    outer loop
      vertex -27.22952086752266 -0.5863273159078268 1.99
      vertex -27.228474241230785 -0.5603891225761828 4.3999999999999995
      vertex -27.228474241230785 -0.5603891225761828 1.99
    endloop
  endfacet
  facet normal -0.9991869001136054 0.04031796921180227 0
    outer loop
      vertex -27.22952086752266 -0.5863273159078268 1.99
      vertex -27.22952086752266 -0.5863273159078268 4.3999999999999995
      vertex -27.228474241230785 -0.5603891225761828 4.3999999999999995
    endloop
  endfacet
  facet normal -0.9990980976786548 -0.04246164404369436 -3.743909187958039e-21
    outer loop
      vertex -27.228469243492 -0.611071425378082 1.99
      vertex -27.22952086752266 -0.5863273159078268 4.3999999999999995
      vertex -27.22952086752266 -0.5863273159078268 1.99
    endloop
  endfacet
  facet normal -0.9990980976786548 -0.04246164404369436 0
    outer loop
      vertex -27.228469243492 -0.611071425378082 1.99
      vertex -27.228469243492 -0.611071425378082 4.3999999999999995
      vertex -27.22952086752266 -0.5863273159078268 4.3999999999999995
    endloop
  endfacet
  facet normal -0.9921229469542443 -0.12526794532850652 -6.396173458249506e-20
    outer loop
      vertex -27.225356251270867 -0.6357263441458265 1.99
      vertex -27.228469243492 -0.611071425378082 4.3999999999999995
      vertex -27.228469243492 -0.611071425378082 1.99
    endloop
  endfacet
  facet normal -0.9921229469542443 -0.12526794532850652 0
    outer loop
      vertex -27.225356251270867 -0.6357263441458265 1.99
      vertex -27.225356251270867 -0.6357263441458265 4.3999999999999995
      vertex -27.228469243492 -0.611071425378082 4.3999999999999995
    endloop
  endfacet
  facet normal -0.978203342843678 -0.20764927172868589 6.198996463573193e-20
    outer loop
      vertex -27.22014817199483 -0.66026079358166 1.99
      vertex -27.225356251270867 -0.6357263441458265 4.3999999999999995
      vertex -27.225356251270867 -0.6357263441458265 1.99
    endloop
  endfacet
  facet normal -0.978203342843678 -0.20764927172868589 0
    outer loop
      vertex -27.22014817199483 -0.66026079358166 1.99
      vertex -27.22014817199483 -0.66026079358166 4.3999999999999995
      vertex -27.225356251270867 -0.6357263441458265 4.3999999999999995
    endloop
  endfacet
  facet normal -0.9570664053100136 -0.2898687562104075 -1.881752622599642e-19
    outer loop
      vertex -27.212891597197604 -0.684219995141838 1.99
      vertex -27.22014817199483 -0.66026079358166 4.3999999999999995
      vertex -27.22014817199483 -0.66026079358166 1.99
    endloop
  endfacet
  facet normal -0.9570664053100136 -0.2898687562104075 0
    outer loop
      vertex -27.212891597197604 -0.684219995141838 1.99
      vertex -27.212891597197604 -0.684219995141838 4.3999999999999995
      vertex -27.22014817199483 -0.66026079358166 4.3999999999999995
    endloop
  endfacet
  facet normal -0.9296814934955158 -0.3683643856997408 -2.2033915740464974e-19
    outer loop
      vertex -27.203709021897502 -0.7073950648568896 1.99
      vertex -27.212891597197604 -0.684219995141838 4.3999999999999995
      vertex -27.212891597197604 -0.684219995141838 1.99
    endloop
  endfacet
  facet normal -0.9296814934955158 -0.3683643856997408 0
    outer loop
      vertex -27.203709021897502 -0.7073950648568896 1.99
      vertex -27.203709021897502 -0.7073950648568896 4.3999999999999995
      vertex -27.212891597197604 -0.684219995141838 4.3999999999999995
    endloop
  endfacet
  facet normal -0.8954254380293457 -0.4452115058373428 -5.577289628245125e-20
    outer loop
      vertex -27.19262359882341 -0.7296904675626017 1.99
      vertex -27.203709021897502 -0.7073950648568896 4.3999999999999995
      vertex -27.203709021897502 -0.7073950648568896 1.99
    endloop
  endfacet
  facet normal -0.8954254380293457 -0.4452115058373428 0
    outer loop
      vertex -27.19262359882341 -0.7296904675626017 1.99
      vertex -27.19262359882341 -0.7296904675626017 4.3999999999999995
      vertex -27.203709021897502 -0.7073950648568896 4.3999999999999995
    endloop
  endfacet
  facet normal -0.8555001118019537 -0.5178026252413602 2.6524896772946457e-19
    outer loop
      vertex -27.179696008187726 -0.7510490986220759 1.99
      vertex -27.19262359882341 -0.7296904675626017 4.3999999999999995
      vertex -27.19262359882341 -0.7296904675626017 1.99
    endloop
  endfacet
  facet normal -0.8555001118019537 -0.5178026252413602 0
    outer loop
      vertex -27.179696008187726 -0.7510490986220759 1.99
      vertex -27.179696008187726 -0.7510490986220759 4.3999999999999995
      vertex -27.19262359882341 -0.7296904675626017 4.3999999999999995
    endloop
  endfacet
  facet normal -0.8086277342541138 -0.5883206501518183 2.1189885150989782e-19
    outer loop
      vertex -27.165067447501848 -0.7711555828662853 1.99
      vertex -27.179696008187726 -0.7510490986220759 4.3999999999999995
      vertex -27.179696008187726 -0.7510490986220759 1.99
    endloop
  endfacet
  facet normal -0.8086277342541138 -0.5883206501518183 0
    outer loop
      vertex -27.165067447501848 -0.7711555828662853 1.99
      vertex -27.165067447501848 -0.7711555828662853 4.3999999999999995
      vertex -27.179696008187726 -0.7510490986220759 4.3999999999999995
    endloop
  endfacet
  facet normal -0.7576657182344139 -0.652642826829752 2.8115767231499553e-19
    outer loop
      vertex -27.14884521988315 -0.7899882816025716 1.99
      vertex -27.165067447501848 -0.7711555828662853 4.3999999999999995
      vertex -27.165067447501848 -0.7711555828662853 1.99
    endloop
  endfacet
  facet normal -0.7576657182344139 -0.652642826829752 0
    outer loop
      vertex -27.14884521988315 -0.7899882816025716 1.99
      vertex -27.14884521988315 -0.7899882816025716 4.3999999999999995
      vertex -27.165067447501848 -0.7711555828662853 4.3999999999999995
    endloop
  endfacet
  facet normal -0.6998134831660227 -0.71432561817356 -6.81211672487735e-20
    outer loop
      vertex -27.12992164013157 -0.8085274126696937 1.99
      vertex -27.14884521988315 -0.7899882816025716 4.3999999999999995
      vertex -27.14884521988315 -0.7899882816025716 1.99
    endloop
  endfacet
  facet normal -0.6998134831660227 -0.71432561817356 0
    outer loop
      vertex -27.12992164013157 -0.8085274126696937 1.99
      vertex -27.12992164013157 -0.8085274126696937 4.3999999999999995
      vertex -27.14884521988315 -0.7899882816025716 4.3999999999999995
    endloop
  endfacet
  facet normal -0.6423987791060384 -0.7663705426248268 3.2137066858075925e-19
    outer loop
      vertex -27.110214723273174 -0.8250464444247747 1.99
      vertex -27.12992164013157 -0.8085274126696937 4.3999999999999995
      vertex -27.12992164013157 -0.8085274126696937 1.99
    endloop
  endfacet
  facet normal -0.6423987791060384 -0.7663705426248268 0
    outer loop
      vertex -27.110214723273174 -0.8250464444247747 1.99
      vertex -27.110214723273174 -0.8250464444247747 4.3999999999999995
      vertex -27.12992164013157 -0.8085274126696937 4.3999999999999995
    endloop
  endfacet
  facet normal -0.5804752976582178 -0.8142778572505844 2.874755811557207e-19
    outer loop
      vertex -27.08897347147756 -0.8401887227624485 1.99
      vertex -27.110214723273174 -0.8250464444247747 4.3999999999999995
      vertex -27.110214723273174 -0.8250464444247747 1.99
    endloop
  endfacet
  facet normal -0.5804752976582178 -0.8142778572505844 0
    outer loop
      vertex -27.08897347147756 -0.8401887227624485 1.99
      vertex -27.08897347147756 -0.8401887227624485 4.3999999999999995
      vertex -27.110214723273174 -0.8250464444247747 4.3999999999999995
    endloop
  endfacet
  facet normal -0.5130714690013299 -0.858345890475872 -1.6900919844569778e-19
    outer loop
      vertex -27.06662017910677 -0.8535502786118485 1.99
      vertex -27.08897347147756 -0.8401887227624485 4.3999999999999995
      vertex -27.08897347147756 -0.8401887227624485 1.99
    endloop
  endfacet
  facet normal -0.5130714690013299 -0.858345890475872 0
    outer loop
      vertex -27.06662017910677 -0.8535502786118485 1.99
      vertex -27.06662017910677 -0.8535502786118485 4.3999999999999995
      vertex -27.08897347147756 -0.8401887227624485 4.3999999999999995
    endloop
  endfacet
  facet normal -0.4446341015950563 -0.8957122951588625 1.6995034125820084e-19
    outer loop
      vertex -27.04365413303794 -0.8649506884490208 1.99
      vertex -27.06662017910677 -0.8535502786118485 4.3999999999999995
      vertex -27.06662017910677 -0.8535502786118485 1.99
    endloop
  endfacet
  facet normal -0.4446341015950563 -0.8957122951588625 0
    outer loop
      vertex -27.04365413303794 -0.8649506884490208 1.99
      vertex -27.04365413303794 -0.8649506884490208 4.3999999999999995
      vertex -27.06662017910677 -0.8535502786118485 4.3999999999999995
    endloop
  endfacet
  facet normal -0.37416977519580247 -0.9273602209119836 -1.311487328270406e-19
    outer loop
      vertex -27.019578574020308 -0.8746646553652226 1.99
      vertex -27.04365413303794 -0.8649506884490208 4.3999999999999995
      vertex -27.04365413303794 -0.8649506884490208 1.99
    endloop
  endfacet
  facet normal -0.37416977519580247 -0.9273602209119836 0
    outer loop
      vertex -27.019578574020308 -0.8746646553652226 1.99
      vertex -27.019578574020308 -0.8746646553652226 4.3999999999999995
      vertex -27.04365413303794 -0.8649506884490208 4.3999999999999995
    endloop
  endfacet
  facet normal -0.29827498808032127 -0.9544799796149128 2.0154543664986849e-19
    outer loop
      vertex -26.995489871196163 -0.8821923748577163 1.99
      vertex -27.019578574020308 -0.8746646553652226 4.3999999999999995
      vertex -27.019578574020308 -0.8746646553652226 1.99
    endloop
  endfacet
  facet normal -0.29827498808032127 -0.9544799796149128 0
    outer loop
      vertex -26.995489871196163 -0.8821923748577163 1.99
      vertex -26.995489871196163 -0.8821923748577163 4.3999999999999995
      vertex -27.019578574020308 -0.8746646553652226 4.3999999999999995
    endloop
  endfacet
  facet normal -0.22935890312881083 -0.9733419201675991 5.451858002887818e-20
    outer loop
      vertex -26.965082256313913 -0.8893576443808406 1.99
      vertex -26.995489871196163 -0.8821923748577163 4.3999999999999995
      vertex -26.995489871196163 -0.8821923748577163 1.99
    endloop
  endfacet
  facet normal -0.22935890312881083 -0.9733419201675991 0
    outer loop
      vertex -26.965082256313913 -0.8893576443808406 1.99
      vertex -26.965082256313913 -0.8893576443808406 4.3999999999999995
      vertex -26.995489871196163 -0.8821923748577163 4.3999999999999995
    endloop
  endfacet
  facet normal -0.16416649375380835 -0.9864326445979882 -1.0072603621528933e-19
    outer loop
      vertex -26.93496592049349 -0.8943697384994067 1.99
      vertex -26.965082256313913 -0.8893576443808406 4.3999999999999995
      vertex -26.965082256313913 -0.8893576443808406 1.99
    endloop
  endfacet
  facet normal -0.16416649375380835 -0.9864326445979882 0
    outer loop
      vertex -26.93496592049349 -0.8943697384994067 1.99
      vertex -26.93496592049349 -0.8943697384994067 4.3999999999999995
      vertex -26.965082256313913 -0.8893576443808406 4.3999999999999995
    endloop
  endfacet
  facet normal -0.09893579674164489 -0.9950938187543403 6.175168142229723e-20
    outer loop
      vertex -26.904632180421686 -0.8973856277407997 1.99
      vertex -26.93496592049349 -0.8943697384994067 4.3999999999999995
      vertex -26.93496592049349 -0.8943697384994067 1.99
    endloop
  endfacet
  facet normal -0.09893579674164489 -0.9950938187543403 0
    outer loop
      vertex -26.904632180421686 -0.8973856277407997 1.99
      vertex -26.904632180421686 -0.8973856277407997 4.3999999999999995
      vertex -26.93496592049349 -0.8943697384994067 4.3999999999999995
    endloop
  endfacet
  facet normal -0.032957027553237005 -0.9994567696178035 1.675882687770351e-20
    outer loop
      vertex -26.873090444086372 -0.898425714621073 1.99
      vertex -26.904632180421686 -0.8973856277407997 4.3999999999999995
      vertex -26.904632180421686 -0.8973856277407997 1.99
    endloop
  endfacet
  facet normal -0.032957027553237005 -0.9994567696178035 0
    outer loop
      vertex -26.873090444086372 -0.898425714621073 1.99
      vertex -26.873090444086372 -0.898425714621073 4.3999999999999995
      vertex -26.904632180421686 -0.8973856277407997 4.3999999999999995
    endloop
  endfacet
  facet normal 0.04136106966525006 -0.9991442648167211 6.09628481420299e-20
    outer loop
      vertex -26.833331794776974 -0.8967798459294443 1.99
      vertex -26.873090444086372 -0.898425714621073 4.3999999999999995
      vertex -26.873090444086372 -0.898425714621073 1.99
    endloop
  endfacet
  facet normal 0.04136106966525006 -0.9991442648167211 0
    outer loop
      vertex -26.833331794776974 -0.8967798459294443 1.99
      vertex -26.833331794776974 -0.8967798459294443 4.3999999999999995
      vertex -26.873090444086372 -0.898425714621073 4.3999999999999995
    endloop
  endfacet
  facet normal 0 0 1
    outer loop
      vertex -26.178083728089646 0.1100428812270593 4.3999999999999995
      vertex -26.171856458920026 0.141098360957713 4.3999999999999995
      vertex -26.168154169732098 0.17240683935673573 4.3999999999999995
    endloop
  endfacet
  facet normal 0 0 1
    outer loop
      vertex -26.186656715947088 0.07986382606304687 4.3999999999999995
      vertex -26.178083728089646 0.1100428812270593 4.3999999999999995
      vertex -26.168154169732098 0.17240683935673573 4.3999999999999995
    endloop
  endfacet
  facet normal 0 0 1
    outer loop
      vertex -26.186656715947088 0.07986382606304687 4.3999999999999995
      vertex -26.168154169732098 0.17240683935673573 4.3999999999999995
      vertex -26.166893947807885 0.20388560089685726 4.3999999999999995
    endloop
  endfacet
  facet normal 0 0 1
    outer loop
      vertex -26.186656715947088 0.07986382606304687 4.3999999999999995
      vertex -26.166893947807885 0.20388560089685726 4.3999999999999995
      vertex -26.168154169732098 0.23536436243697523 4.3999999999999995
    endloop
  endfacet
  facet normal 0 0 1
    outer loop
      vertex -26.1975768132844 0.05036886281794395 4.3999999999999995
      vertex -26.186656715947088 0.07986382606304687 4.3999999999999995
      vertex -26.168154169732098 0.23536436243697523 4.3999999999999995
    endloop
  endfacet
  facet normal 0 0 1
    outer loop
      vertex -26.210839596008505 0.021757616461069773 4.3999999999999995
      vertex -26.1975768132844 0.05036886281794395 4.3999999999999995
      vertex -26.168154169732098 0.23536436243697523 4.3999999999999995
    endloop
  endfacet
  facet normal 0 0 1
    outer loop
      vertex -26.22621376016378 -0.0055860529074998055 4.3999999999999995
      vertex -26.210839596008505 0.021757616461069773 4.3999999999999995
      vertex -26.168154169732098 0.23536436243697523 4.3999999999999995
    endloop
  endfacet
  facet normal 0 0 1
    outer loop
      vertex -26.22621376016378 -0.0055860529074998055 4.3999999999999995
      vertex -26.168154169732098 0.23536436243697523 4.3999999999999995
      vertex -26.171856458920026 0.26667284083599796 4.3999999999999995
    endloop
  endfacet
  facet normal 0 0 1
    outer loop
      vertex -26.22621376016378 -0.0055860529074998055 4.3999999999999995
      vertex -26.171856458920026 0.26667284083599796 4.3999999999999995
      vertex -26.178083728089646 0.29772832056665166 4.3999999999999995
    endloop
  endfacet
  facet normal 0 0 1
    outer loop
      vertex -26.22621376016378 -0.0055860529074998055 4.3999999999999995
      vertex -26.178083728089646 0.29772832056665166 4.3999999999999995
      vertex -26.186656715947088 0.3279073757306641 4.3999999999999995
    endloop
  endfacet
  facet normal 0 0 1
    outer loop
      vertex -26.22621376016378 -0.0055860529074998055 4.3999999999999995
      vertex -26.186656715947088 0.3279073757306641 4.3999999999999995
      vertex -26.1975768132844 0.357402338975767 4.3999999999999995
    endloop
  endfacet
  facet normal 0 0 1
    outer loop
      vertex -26.22621376016378 -0.0055860529074998055 4.3999999999999995
      vertex -26.1975768132844 0.357402338975767 4.3999999999999995
      vertex -26.210839596008505 0.3860135853326412 4.3999999999999995
    endloop
  endfacet
  facet normal 0 0 1
    outer loop
      vertex -26.22621376016378 -0.0055860529074998055 4.3999999999999995
      vertex -26.210839596008505 0.3860135853326412 4.3999999999999995
      vertex -26.22621376016378 0.4133572547012143 4.3999999999999995
    endloop
  endfacet
  facet normal 0 0 1
    outer loop
      vertex -26.243654060939413 -0.03161357363066841 4.3999999999999995
      vertex -26.22621376016378 -0.0055860529074998055 4.3999999999999995
      vertex -26.22621376016378 0.4133572547012143 4.3999999999999995
    endloop
  endfacet
  facet normal 0 0 1
    outer loop
      vertex -26.243654060939413 -0.03161357363066841 4.3999999999999995
      vertex -26.22621376016378 0.4133572547012143 4.3999999999999995
      vertex -26.243654060939413 0.43938477542437937 4.3999999999999995
    endloop
  endfacet
  facet normal 0 0 1
    outer loop
      vertex -26.263076527211233 -0.056217136169472326 4.3999999999999995
      vertex -26.243654060939413 -0.03161357363066841 4.3999999999999995
      vertex -26.243654060939413 0.43938477542437937 4.3999999999999995
    endloop
  endfacet
  facet normal 0 0 1
    outer loop
      vertex -26.263076527211233 -0.056217136169472326 4.3999999999999995
      vertex -26.243654060939413 0.43938477542437937 4.3999999999999995
      vertex -26.263076527211233 0.4639883379631833 4.3999999999999995
    endloop
  endfacet
  facet normal 0 0 1
    outer loop
      vertex -26.284368146294504 -0.07923653875785064 4.3999999999999995
      vertex -26.263076527211233 -0.056217136169472326 4.3999999999999995
      vertex -26.263076527211233 0.4639883379631833 4.3999999999999995
    endloop
  endfacet
  facet normal 0 0 1
    outer loop
      vertex -26.284368146294504 -0.07923653875785064 4.3999999999999995
      vertex -26.263076527211233 0.4639883379631833 4.3999999999999995
      vertex -26.284368146294504 0.4870077405515616 4.3999999999999995
    endloop
  endfacet
  facet normal 0 0 1
    outer loop
      vertex -26.30737384562243 -0.10051348655354175 4.3999999999999995
      vertex -26.284368146294504 -0.07923653875785064 4.3999999999999995
      vertex -26.284368146294504 0.4870077405515616 4.3999999999999995
    endloop
  endfacet
  facet normal 0 0 1
    outer loop
      vertex -26.30737384562243 -0.10051348655354175 4.3999999999999995
      vertex -26.284368146294504 0.4870077405515616 4.3999999999999995
      vertex -26.30737384562243 0.5082846883472527 4.3999999999999995
    endloop
  endfacet
  facet normal 0 0 1
    outer loop
      vertex -26.332019196159138 -0.11996894118784951 4.3999999999999995
      vertex -26.30737384562243 -0.10051348655354175 4.3999999999999995
      vertex -26.30737384562243 0.5082846883472527 4.3999999999999995
    endloop
  endfacet
  facet normal 0 0 1
    outer loop
      vertex -26.332019196159138 -0.11996894118784951 4.3999999999999995
      vertex -26.30737384562243 0.5082846883472527 4.3999999999999995
      vertex -26.332019196159138 0.5277401429815605 4.3999999999999995
    endloop
  endfacet
  facet normal 0 0 1
    outer loop
      vertex -26.35806186546104 -0.13740158513785516 4.3999999999999995
      vertex -26.332019196159138 -0.11996894118784951 4.3999999999999995
      vertex -26.332019196159138 0.5277401429815605 4.3999999999999995
    endloop
  endfacet
  facet normal 0 0 1
    outer loop
      vertex -26.35806186546104 -0.13740158513785516 4.3999999999999995
      vertex -26.332019196159138 0.5277401429815605 4.3999999999999995
      vertex -26.35806186546104 0.5451727869315661 4.3999999999999995
    endloop
  endfacet
  facet normal 0 0 1
    outer loop
      vertex -26.385354023238285 -0.15274678840150457 4.3999999999999995
      vertex -26.35806186546104 -0.13740158513785516 4.3999999999999995
      vertex -26.35806186546104 0.5451727869315661 4.3999999999999995
    endloop
  endfacet
  facet normal 0 0 1
    outer loop
      vertex -26.385354023238285 -0.15274678840150457 4.3999999999999995
      vertex -26.35806186546104 0.5451727869315661 4.3999999999999995
      vertex -26.385354023238285 0.5605179901952155 4.3999999999999995
    endloop
  endfacet
  facet normal 0 0 1
    outer loop
      vertex -26.413841011811435 -0.1659519712711237 4.3999999999999995
      vertex -26.385354023238285 -0.15274678840150457 4.3999999999999995
      vertex -26.385354023238285 0.5605179901952155 4.3999999999999995
    endloop
  endfacet
  facet normal 0 0 1
    outer loop
      vertex -26.413841011811435 -0.1659519712711237 4.3999999999999995
      vertex -26.385354023238285 0.5605179901952155 4.3999999999999995
      vertex -26.413841011811435 0.5737231730648347 4.3999999999999995
    endloop
  endfacet
  facet normal 0 0 1
    outer loop
      vertex -26.44344178953343 -0.17694808189238032 4.3999999999999995
      vertex -26.413841011811435 -0.1659519712711237 4.3999999999999995
      vertex -26.413841011811435 0.5737231730648347 4.3999999999999995
    endloop
  endfacet
  facet normal 0 0 1
    outer loop
      vertex -26.47376827985891 -0.18552852266233089 4.3999999999999995
      vertex -26.44344178953343 -0.17694808189238032 4.3999999999999995
      vertex -26.413841011811435 0.5737231730648347 4.3999999999999995
    endloop
  endfacet
  facet normal 0 0 1
    outer loop
      vertex -26.504578688137116 -0.1917066495168811 4.3999999999999995
      vertex -26.47376827985891 -0.18552852266233089 4.3999999999999995
      vertex -26.413841011811435 0.5737231730648347 4.3999999999999995
    endloop
  endfacet
  facet normal 0 0 1
    outer loop
      vertex -26.53598064837739 -0.1954501074940147 4.3999999999999995
      vertex -26.504578688137116 -0.1917066495168811 4.3999999999999995
      vertex -26.413841011811435 0.5737231730648347 4.3999999999999995
    endloop
  endfacet
  facet normal 0 0 1
    outer loop
      vertex -26.567471986800733 -0.19668401118088497 4.3999999999999995
      vertex -26.53598064837739 -0.1954501074940147 4.3999999999999995
      vertex -26.413841011811435 0.5737231730648347 4.3999999999999995
    endloop
  endfacet
  facet normal 0 0 1
    outer loop
      vertex -26.59895072443895 -0.19545060121772195 4.3999999999999995
      vertex -26.567471986800733 -0.19668401118088497 4.3999999999999995
      vertex -26.413841011811435 0.5737231730648347 4.3999999999999995
    endloop
  endfacet
  facet normal 0 0 1
    outer loop
      vertex -26.630362948306278 -0.19170912859251033 4.3999999999999995
      vertex -26.59895072443895 -0.19545060121772195 4.3999999999999995
      vertex -26.413841011811435 0.5737231730648347 4.3999999999999995
    endloop
  endfacet
  facet normal 0 0 1
    outer loop
      vertex -26.6612141728206 -0.18552281682963212 4.3999999999999995
      vertex -26.630362948306278 -0.19170912859251033 4.3999999999999995
      vertex -26.413841011811435 0.5737231730648347 4.3999999999999995
    endloop
  endfacet
  facet normal 0 0 1
    outer loop
      vertex -26.691493703373652 -0.17694808114544713 4.3999999999999995
      vertex -26.6612141728206 -0.18552281682963212 4.3999999999999995
      vertex -26.413841011811435 0.5737231730648347 4.3999999999999995
    endloop
  endfacet
  facet normal 0 0 1
    outer loop
      vertex -26.721079339239324 -0.1659675680105579 4.3999999999999995
      vertex -26.691493703373652 -0.17694808114544713 4.3999999999999995
      vertex -26.413841011811435 0.5737231730648347 4.3999999999999995
    endloop
  endfacet
  facet normal 0 0 1
    outer loop
      vertex -26.74959997497119 -0.15274678840150457 4.3999999999999995
      vertex -26.721079339239324 -0.1659675680105579 4.3999999999999995
      vertex -26.413841011811435 0.5737231730648347 4.3999999999999995
    endloop
  endfacet
  facet normal 0 0 1
    outer loop
      vertex -26.776892129013767 -0.13740158737865826 4.3999999999999995
      vertex -26.74959997497119 -0.15274678840150457 4.3999999999999995
      vertex -26.413841011811435 0.5737231730648347 4.3999999999999995
    endloop
  endfacet
  facet normal 0 0 1
    outer loop
      vertex -26.802989477656226 -0.11993234289089116 4.3999999999999995
      vertex -26.776892129013767 -0.13740158737865826 4.3999999999999995
      vertex -26.413841011811435 0.5737231730648347 4.3999999999999995
    endloop
  endfacet
  facet normal 0 0 1
    outer loop
      vertex -26.82756186464259 -0.10051351568398559 4.3999999999999995
      vertex -26.802989477656226 -0.11993234289089116 4.3999999999999995
      vertex -26.413841011811435 0.5737231730648347 4.3999999999999995
    endloop
  endfacet
  facet normal 0 0 1
    outer loop
      vertex -26.850536894839664 -0.07928946952473126 4.3999999999999995
      vertex -26.82756186464259 -0.10051351568398559 4.3999999999999995
      vertex -26.413841011811435 0.5737231730648347 4.3999999999999995
    endloop
  endfacet
  facet normal 0 0 1
    outer loop
      vertex -26.850536894839664 -0.07928946952473126 4.3999999999999995
      vertex -26.413841011811435 0.5737231730648347 4.3999999999999995
      vertex -26.44344178953343 0.5847192836860948 4.3999999999999995
    endloop
  endfacet
  facet normal 0 0 1
    outer loop
      vertex -26.850536894839664 -0.07928946952473126 4.3999999999999995
      vertex -26.44344178953343 0.5847192836860948 4.3999999999999995
      vertex -26.47376827985891 0.5932997244560418 4.3999999999999995
    endloop
  endfacet
  facet normal 0 0 1
    outer loop
      vertex -26.850536894839664 -0.07928946952473126 4.3999999999999995
      vertex -26.47376827985891 0.5932997244560418 4.3999999999999995
      vertex -26.504578688137116 0.5994778513105956 4.3999999999999995
    endloop
  endfacet
  facet normal 0 0 1
    outer loop
      vertex -26.871934058756473 -0.05615595700482956 4.3999999999999995
      vertex -26.850536894839664 -0.07928946952473126 4.3999999999999995
      vertex -26.504578688137116 0.5994778513105956 4.3999999999999995
    endloop
  endfacet
  facet normal 0 0 1
    outer loop
      vertex -26.8912816926478 -0.031613614712064475 4.3999999999999995
      vertex -26.871934058756473 -0.05615595700482956 4.3999999999999995
      vertex -26.504578688137116 0.5994778513105956 4.3999999999999995
    endloop
  endfacet
  facet normal 0 0 1
    outer loop
      vertex -26.908748591761224 -0.005586076809404261 4.3999999999999995
      vertex -26.8912816926478 -0.031613614712064475 4.3999999999999995
      vertex -26.504578688137116 0.5994778513105956 4.3999999999999995
    endloop
  endfacet
  facet normal 0 0 1
    outer loop
      vertex -26.924143308566386 0.021841600283131868 4.3999999999999995
      vertex -26.908748591761224 -0.005586076809404261 4.3999999999999995
      vertex -26.504578688137116 0.5994778513105956 4.3999999999999995
    endloop
  endfacet
  facet normal 0 0 1
    outer loop
      vertex -26.937325155708145 0.05027824845826245 4.3999999999999995
      vertex -26.924143308566386 0.021841600283131868 4.3999999999999995
      vertex -26.504578688137116 0.5994778513105956 4.3999999999999995
    endloop
  endfacet
  facet normal 0 0 1
    outer loop
      vertex -26.94826999076939 0.07976775385292711 4.3999999999999995
      vertex -26.937325155708145 0.05027824845826245 4.3999999999999995
      vertex -26.504578688137116 0.5994778513105956 4.3999999999999995
    endloop
  endfacet
  facet normal 0 0 1
    outer loop
      vertex -26.95689882243829 0.11014339246895233 4.3999999999999995
      vertex -26.94826999076939 0.07976775385292711 4.3999999999999995
      vertex -26.504578688137116 0.5994778513105956 4.3999999999999995
    endloop
  endfacet
  facet normal 0 0 1
    outer loop
      vertex -26.963079074321513 0.14109839232896348 4.3999999999999995
      vertex -26.95689882243829 0.11014339246895233 4.3999999999999995
      vertex -26.504578688137116 0.5994778513105956 4.3999999999999995
    endloop
  endfacet
  facet normal 0 0 1
    outer loop
      vertex -26.963079074321513 0.14109839232896348 4.3999999999999995
      vertex -26.504578688137116 0.5994778513105956 4.3999999999999995
      vertex -26.53598064837739 0.6032213092877257 4.3999999999999995
    endloop
  endfacet
  facet normal 0 0 1
    outer loop
      vertex -26.963079074321513 0.14109839232896348 4.3999999999999995
      vertex -26.53598064837739 0.6032213092877257 4.3999999999999995
      vertex -26.567471986800733 0.6044552129745995 4.3999999999999995
    endloop
  endfacet
  facet normal 0 0 1
    outer loop
      vertex -26.96680818891531 0.1724068632586402 4.3999999999999995
      vertex -26.963079074321513 0.14109839232896348 4.3999999999999995
      vertex -26.567471986800733 0.6044552129745995 4.3999999999999995
    endloop
  endfacet
  facet normal 0 0 1
    outer loop
      vertex -26.96680818891531 0.1724068632586402 4.3999999999999995
      vertex -26.567471986800733 0.6044552129745995 4.3999999999999995
      vertex -26.59895072443895 0.6032218030114329 4.3999999999999995
    endloop
  endfacet
  facet normal 0 0 1
    outer loop
      vertex -26.96804159887847 0.20388560089685726 4.3999999999999995
      vertex -26.96680818891531 0.1724068632586402 4.3999999999999995
      vertex -26.59895072443895 0.6032218030114329 4.3999999999999995
    endloop
  endfacet
  facet normal 0 0 1
    outer loop
      vertex -26.96680818891531 0.23536433853507077 4.3999999999999995
      vertex -26.96804159887847 0.20388560089685726 4.3999999999999995
      vertex -26.59895072443895 0.6032218030114329 4.3999999999999995
    endloop
  endfacet
  facet normal 0 0 1
    outer loop
      vertex -26.96680818891531 0.23536433853507077 4.3999999999999995
      vertex -26.59895072443895 0.6032218030114329 4.3999999999999995
      vertex -26.630362948306278 0.5994803303862213 4.3999999999999995
    endloop
  endfacet
  facet normal 0 0 1
    outer loop
      vertex -26.96680818891531 0.23536433853507077 4.3999999999999995
      vertex -26.630362948306278 0.5994803303862213 4.3999999999999995
      vertex -26.6612141728206 0.5932940186233431 4.3999999999999995
    endloop
  endfacet
  facet normal 0 0 1
    outer loop
      vertex -26.963079074321513 0.2666728094647475 4.3999999999999995
      vertex -26.96680818891531 0.23536433853507077 4.3999999999999995
      vertex -26.6612141728206 0.5932940186233431 4.3999999999999995
    endloop
  endfacet
  facet normal 0 0 1
    outer loop
      vertex -26.963079074321513 0.2666728094647475 4.3999999999999995
      vertex -26.6612141728206 0.5932940186233431 4.3999999999999995
      vertex -26.691493703373652 0.5847192829391581 4.3999999999999995
    endloop
  endfacet
  facet normal 0 0 1
    outer loop
      vertex -26.95689882243829 0.29762780932475863 4.3999999999999995
      vertex -26.963079074321513 0.2666728094647475 4.3999999999999995
      vertex -26.691493703373652 0.5847192829391581 4.3999999999999995
    endloop
  endfacet
  facet normal 0 0 1
    outer loop
      vertex -26.95689882243829 0.29762780932475863 4.3999999999999995
      vertex -26.691493703373652 0.5847192829391581 4.3999999999999995
      vertex -26.721079339239324 0.5737387698042689 4.3999999999999995
    endloop
  endfacet
  facet normal 0 0 1
    outer loop
      vertex -26.94826999076939 0.32800344794078384 4.3999999999999995
      vertex -26.95689882243829 0.29762780932475863 4.3999999999999995
      vertex -26.721079339239324 0.5737387698042689 4.3999999999999995
    endloop
  endfacet
  facet normal 0 0 1
    outer loop
      vertex -26.94826999076939 0.32800344794078384 4.3999999999999995
      vertex -26.721079339239324 0.5737387698042689 4.3999999999999995
      vertex -26.74959997497119 0.5605179901952155 4.3999999999999995
    endloop
  endfacet
  facet normal 0 0 1
    outer loop
      vertex -26.937325155708145 0.3574929533354485 4.3999999999999995
      vertex -26.94826999076939 0.32800344794078384 4.3999999999999995
      vertex -26.74959997497119 0.5605179901952155 4.3999999999999995
    endloop
  endfacet
  facet normal 0 0 1
    outer loop
      vertex -26.937325155708145 0.3574929533354485 4.3999999999999995
      vertex -26.74959997497119 0.5605179901952155 4.3999999999999995
      vertex -26.776892129013767 0.5451727891723728 4.3999999999999995
    endloop
  endfacet
  facet normal 0 0 1
    outer loop
      vertex -26.924143308566386 0.3859296015105791 4.3999999999999995
      vertex -26.937325155708145 0.3574929533354485 4.3999999999999995
      vertex -26.776892129013767 0.5451727891723728 4.3999999999999995
    endloop
  endfacet
  facet normal 0 0 1
    outer loop
      vertex -26.924143308566386 0.3859296015105791 4.3999999999999995
      vertex -26.776892129013767 0.5451727891723728 4.3999999999999995
      vertex -26.802989477656226 0.5277035446846021 4.3999999999999995
    endloop
  endfacet
  facet normal 0 0 1
    outer loop
      vertex -26.908748591761224 0.41335727860311877 4.3999999999999995
      vertex -26.924143308566386 0.3859296015105791 4.3999999999999995
      vertex -26.802989477656226 0.5277035446846021 4.3999999999999995
    endloop
  endfacet
  facet normal 0 0 1
    outer loop
      vertex -26.8912816926478 0.43938481650577543 4.3999999999999995
      vertex -26.908748591761224 0.41335727860311877 4.3999999999999995
      vertex -26.802989477656226 0.5277035446846021 4.3999999999999995
    endloop
  endfacet
  facet normal 0 0 1
    outer loop
      vertex -26.8912816926478 0.43938481650577543 4.3999999999999995
      vertex -26.802989477656226 0.5277035446846021 4.3999999999999995
      vertex -26.82756186464259 0.5082847174777001 4.3999999999999995
    endloop
  endfacet
  facet normal 0 0 1
    outer loop
      vertex -26.850536894839664 0.48706067131844577 4.3999999999999995
      vertex -26.871934058756473 0.46392715879854407 4.3999999999999995
      vertex -26.8912816926478 0.43938481650577543 4.3999999999999995
    endloop
  endfacet
  facet normal 0 0 1
    outer loop
      vertex -26.850536894839664 0.48706067131844577 4.3999999999999995
      vertex -26.8912816926478 0.43938481650577543 4.3999999999999995
      vertex -26.82756186464259 0.5082847174777001 4.3999999999999995
    endloop
  endfacet
  facet normal 0 0 1
    outer loop
      vertex -29.592809657652786 -0.25576230002323896 4.3999999999999995
      vertex -29.585204693928283 -0.2290027737733631 4.3999999999999995
      vertex -29.57982050094039 -0.2019410430506241 4.3999999999999995
    endloop
  endfacet
  facet normal 0 0 1
    outer loop
      vertex -29.60234969788137 -0.28141207654607214 4.3999999999999995
      vertex -29.592809657652786 -0.25576230002323896 4.3999999999999995
      vertex -29.57982050094039 -0.2019410430506241 4.3999999999999995
    endloop
  endfacet
  facet normal 0 0 1
    outer loop
      vertex -29.60234969788137 -0.28141207654607214 4.3999999999999995
      vertex -29.57982050094039 -0.2019410430506241 4.3999999999999995
      vertex -29.576557280769663 -0.17467736513917842 4.3999999999999995
    endloop
  endfacet
  facet normal 0 0 1
    outer loop
      vertex -29.60234969788137 -0.28141207654607214 4.3999999999999995
      vertex -29.576557280769663 -0.17467736513917842 4.3999999999999995
      vertex -29.575461334392305 -0.146995882689005 4.3999999999999995
    endloop
  endfacet
  facet normal 0 0 1
    outer loop
      vertex -29.60234969788137 -0.28141207654607214 4.3999999999999995
      vertex -29.575461334392305 -0.146995882689005 4.3999999999999995
      vertex -29.576557280769663 -0.11931440023883155 4.3999999999999995
    endloop
  endfacet
  facet normal 0 0 1
    outer loop
      vertex -29.60234969788137 -0.28141207654607214 4.3999999999999995
      vertex -29.576557280769663 -0.11931440023883155 4.3999999999999995
      vertex -29.57982050094039 -0.09205072232738587 4.3999999999999995
    endloop
  endfacet
  facet normal 0 0 1
    outer loop
      vertex -29.60234969788137 -0.28141207654607214 4.3999999999999995
      vertex -29.57982050094039 -0.09205072232738587 4.3999999999999995
      vertex -29.585204693928283 -0.06498899160464688 4.3999999999999995
    endloop
  endfacet
  facet normal 0 0 1
    outer loop
      vertex -29.60234969788137 -0.28141207654607214 4.3999999999999995
      vertex -29.585204693928283 -0.06498899160464688 4.3999999999999995
      vertex -29.592809657652786 -0.03822946535477101 4.3999999999999995
    endloop
  endfacet
  facet normal 0 0 1
    outer loop
      vertex -29.60234969788137 -0.28141207654607214 4.3999999999999995
      vertex -29.592809657652786 -0.03822946535477101 4.3999999999999995
      vertex -29.60234969788137 -0.01257968883193783 4.3999999999999995
    endloop
  endfacet
  facet normal 0 0 1
    outer loop
      vertex -29.61384125240172 -0.306275622337818 4.3999999999999995
      vertex -29.60234969788137 -0.28141207654607214 4.3999999999999995
      vertex -29.60234969788137 -0.01257968883193783 4.3999999999999995
    endloop
  endfacet
  facet normal 0 0 1
    outer loop
      vertex -29.627375554782223 -0.33035613203735537 4.3999999999999995
      vertex -29.61384125240172 -0.306275622337818 4.3999999999999995
      vertex -29.60234969788137 -0.01257968883193783 4.3999999999999995
    endloop
  endfacet
  facet normal 0 0 1
    outer loop
      vertex -29.642644356355984 -0.35311989629082063 4.3999999999999995
      vertex -29.627375554782223 -0.33035613203735537 4.3999999999999995
      vertex -29.60234969788137 -0.01257968883193783 4.3999999999999995
    endloop
  endfacet
  facet normal 0 0 1
    outer loop
      vertex -29.642644356355984 -0.35311989629082063 4.3999999999999995
      vertex -29.60234969788137 -0.01257968883193783 4.3999999999999995
      vertex -29.61384125240172 0.012283856959808048 4.3999999999999995
    endloop
  endfacet
  facet normal 0 0 1
    outer loop
      vertex -29.642644356355984 -0.35311989629082063 4.3999999999999995
      vertex -29.61384125240172 0.012283856959808048 4.3999999999999995
      vertex -29.627375554782223 0.03636436665934539 4.3999999999999995
    endloop
  endfacet
  facet normal 0 0 1
    outer loop
      vertex -29.642644356355984 -0.35311989629082063 4.3999999999999995
      vertex -29.627375554782223 0.03636436665934539 4.3999999999999995
      vertex -29.642644356355984 0.05912813091281066 4.3999999999999995
    endloop
  endfacet
  facet normal 0 0 1
    outer loop
      vertex -29.65953866369285 -0.3745239760742223 4.3999999999999995
      vertex -29.642644356355984 -0.35311989629082063 4.3999999999999995
      vertex -29.642644356355984 0.05912813091281066 4.3999999999999995
    endloop
  endfacet
  facet normal 0 0 1
    outer loop
      vertex -29.65953866369285 -0.3745239760742223 4.3999999999999995
      vertex -29.642644356355984 0.05912813091281066 4.3999999999999995
      vertex -29.65953866369285 0.0805322106962123 4.3999999999999995
    endloop
  endfacet
  facet normal 0 0 1
    outer loop
      vertex -29.678202205665276 -0.394725338180276 4.3999999999999995
      vertex -29.65953866369285 -0.3745239760742223 4.3999999999999995
      vertex -29.65953866369285 0.0805322106962123 4.3999999999999995
    endloop
  endfacet
  facet normal 0 0 1
    outer loop
      vertex -29.698387944889188 -0.4133717835687776 4.3999999999999995
      vertex -29.678202205665276 -0.394725338180276 4.3999999999999995
      vertex -29.65953866369285 0.0805322106962123 4.3999999999999995
    endloop
  endfacet
  facet normal 0 0 1
    outer loop
      vertex -29.698387944889188 -0.4133717835687776 4.3999999999999995
      vertex -29.65953866369285 0.0805322106962123 4.3999999999999995
      vertex -29.678202205665276 0.10073357280226602 4.3999999999999995
    endloop
  endfacet
  facet normal 0 0 1
    outer loop
      vertex -29.698387944889188 -0.4133717835687776 4.3999999999999995
      vertex -29.678202205665276 0.10073357280226602 4.3999999999999995
      vertex -29.698387944889188 0.1193800181907676 4.3999999999999995
    endloop
  endfacet
  facet normal 0 0 1
    outer loop
      vertex -29.71978503037787 -0.4302605703127078 4.3999999999999995
      vertex -29.698387944889188 -0.4133717835687776 4.3999999999999995
      vertex -29.698387944889188 0.1193800181907676 4.3999999999999995
    endloop
  endfacet
  facet normal 0 0 1
    outer loop
      vertex -29.71978503037787 -0.4302605703127078 4.3999999999999995
      vertex -29.698387944889188 0.1193800181907676 4.3999999999999995
      vertex -29.71978503037787 0.13626880493469784 4.3999999999999995
    endloop
  endfacet
  facet normal 0 0 1
    outer loop
      vertex -29.742613553853065 -0.44557280911577024 4.3999999999999995
      vertex -29.71978503037787 -0.4302605703127078 4.3999999999999995
      vertex -29.71978503037787 0.13626880493469784 4.3999999999999995
    endloop
  endfacet
  facet normal 0 0 1
    outer loop
      vertex -29.766525787424523 -0.4589929418099885 4.3999999999999995
      vertex -29.742613553853065 -0.44557280911577024 4.3999999999999995
      vertex -29.71978503037787 0.13626880493469784 4.3999999999999995
    endloop
  endfacet
  facet normal 0 0 1
    outer loop
      vertex -29.766525787424523 -0.4589929418099885 4.3999999999999995
      vertex -29.71978503037787 0.13626880493469784 4.3999999999999995
      vertex -29.742613553853065 0.15158104373776027 4.3999999999999995
    endloop
  endfacet
  facet normal 0 0 1
    outer loop
      vertex -29.766525787424523 -0.4589929418099885 4.3999999999999995
      vertex -29.742613553853065 0.15158104373776027 4.3999999999999995
      vertex -29.766525787424523 0.16500117643197854 4.3999999999999995
    endloop
  endfacet
  facet normal 0 0 1
    outer loop
      vertex -29.791430699196184 -0.47055468725980276 4.3999999999999995
      vertex -29.766525787424523 -0.4589929418099885 4.3999999999999995
      vertex -29.766525787424523 0.16500117643197854 4.3999999999999995
    endloop
  endfacet
  facet normal 0 0 1
    outer loop
      vertex -29.81732775510987 -0.48015141832357244 4.3999999999999995
      vertex -29.791430699196184 -0.47055468725980276 4.3999999999999995
      vertex -29.766525787424523 0.16500117643197854 4.3999999999999995
    endloop
  endfacet
  facet normal 0 0 1
    outer loop
      vertex -29.843774194051115 -0.48765743563397734 4.3999999999999995
      vertex -29.81732775510987 -0.48015141832357244 4.3999999999999995
      vertex -29.766525787424523 0.16500117643197854 4.3999999999999995
    endloop
  endfacet
  facet normal 0 0 1
    outer loop
      vertex -29.87095147404817 -0.49310704663983884 4.3999999999999995
      vertex -29.843774194051115 -0.48765743563397734 4.3999999999999995
      vertex -29.766525787424523 0.16500117643197854 4.3999999999999995
    endloop
  endfacet
  facet normal 0 0 1
    outer loop
      vertex -29.8984088298364 -0.4963539313529033 4.3999999999999995
      vertex -29.87095147404817 -0.49310704663983884 4.3999999999999995
      vertex -29.766525787424523 0.16500117643197854 4.3999999999999995
    endloop
  endfacet
  facet normal 0 0 1
    outer loop
      vertex -29.913501276438456 -0.49695222589276256 4.3999999999999995
      vertex -29.8984088298364 -0.4963539313529033 4.3999999999999995
      vertex -29.766525787424523 0.16500117643197854 4.3999999999999995
    endloop
  endfacet
  facet normal 0 0 1
    outer loop
      vertex -29.913501276438456 -0.49695222589276256 4.3999999999999995
      vertex -29.766525787424523 0.16500117643197854 4.3999999999999995
      vertex -29.791430699196184 0.1765629218817928 4.3999999999999995
    endloop
  endfacet
  facet normal 0 0 1
    outer loop
      vertex -29.913501276438456 -0.49695222589276256 4.3999999999999995
      vertex -29.791430699196184 0.1765629218817928 4.3999999999999995
      vertex -29.81732775510987 0.18615965294556247 4.3999999999999995
    endloop
  endfacet
  facet normal 0 0 1
    outer loop
      vertex -29.913501276438456 -0.49695222589276256 4.3999999999999995
      vertex -29.81732775510987 0.18615965294556247 4.3999999999999995
      vertex -29.843774194051115 0.19366567025596737 4.3999999999999995
    endloop
  endfacet
  facet normal 0 0 1
    outer loop
      vertex -29.913501276438456 -0.49695222589276256 4.3999999999999995
      vertex -29.843774194051115 0.19366567025596737 4.3999999999999995
      vertex -29.87095147404817 0.19911528126182887 4.3999999999999995
    endloop
  endfacet
  facet normal 0 0 1
    outer loop
      vertex -29.913501276438456 -0.49695222589276256 4.3999999999999995
      vertex -29.87095147404817 0.19911528126182887 4.3999999999999995
      vertex -29.8984088298364 0.20236216597489332 4.3999999999999995
    endloop
  endfacet
  facet normal 0 0 1
    outer loop
      vertex -29.913501276438456 -0.49695222589276256 4.3999999999999995
      vertex -29.8984088298364 0.20236216597489332 4.3999999999999995
      vertex -29.925902720432152 0.2034520771214332 4.3999999999999995
    endloop
  endfacet
  facet normal 0 0 1
    outer loop
      vertex -29.913501276438456 -0.49695222589276256 4.3999999999999995
      vertex -29.925902720432152 0.2034520771214332 4.3999999999999995
      vertex -29.95341300026485 0.20236290917472743 4.3999999999999995
    endloop
  endfacet
  facet normal 0 0 1
    outer loop
      vertex -29.913501276438456 -0.49695222589276256 4.3999999999999995
      vertex -29.95341300026485 0.20236290917472743 4.3999999999999995
      vertex -29.98087663777228 0.19911528126182887 4.3999999999999995
    endloop
  endfacet
  facet normal 0 0 1
    outer loop
      vertex -29.913501276438456 -0.49695222589276256 4.3999999999999995
      vertex -29.98087663777228 0.19911528126182887 4.3999999999999995
      vertex -30.008096731308324 0.19365708573768003 4.3999999999999995
    endloop
  endfacet
  facet normal 0 0 1
    outer loop
      vertex -29.913501276438456 -0.49695222589276256 4.3999999999999995
      vertex -30.008096731308324 0.19365708573768003 4.3999999999999995
      vertex -30.034477885185947 0.1861596536924992 4.3999999999999995
    endloop
  endfacet
  facet normal 0 0 1
    outer loop
      vertex -29.913501276438456 -0.49695222589276256 4.3999999999999995
      vertex -30.034477885185947 0.1861596536924992 4.3999999999999995
      vertex -30.060347063263038 0.17658629645024604 4.3999999999999995
    endloop
  endfacet
  facet normal 0 0 1
    outer loop
      vertex -29.913501276438456 -0.49695222589276256 4.3999999999999995
      vertex -30.060347063263038 0.17658629645024604 4.3999999999999995
      vertex -30.085373048636626 0.1649683441788028 4.3999999999999995
    endloop
  endfacet
  facet normal 0 0 1
    outer loop
      vertex -29.913501276438456 -0.49695222589276256 4.3999999999999995
      vertex -30.085373048636626 0.1649683441788028 4.3999999999999995
      vertex -30.109269293328037 0.15153760650845882 4.3999999999999995
    endloop
  endfacet
  facet normal 0 0 1
    outer loop
      vertex -29.913501276438456 -0.49695222589276256 4.3999999999999995
      vertex -30.109269293328037 0.15153760650845882 4.3999999999999995
      vertex -30.13195119878811 0.13632371134334775 4.3999999999999995
    endloop
  endfacet
  facet normal 0 0 1
    outer loop
      vertex -29.913501276438456 -0.49695222589276256 4.3999999999999995
      vertex -30.13195119878811 0.13632371134334775 4.3999999999999995
      vertex -30.15336776059405 0.11944690318810558 4.3999999999999995
    endloop
  endfacet
  facet normal 0 0 1
    outer loop
      vertex -29.913501276438456 -0.49695222589276256 4.3999999999999995
      vertex -30.15336776059405 0.11944690318810558 4.3999999999999995
      vertex -30.173625900179697 0.10073357877774214 4.3999999999999995
    endloop
  endfacet
  facet normal 0 0 1
    outer loop
      vertex -29.913501276438456 -0.49695222589276256 4.3999999999999995
      vertex -30.173625900179697 0.10073357877774214 4.3999999999999995
      vertex -30.192289450368403 0.0805322106962123 4.3999999999999995
    endloop
  endfacet
  facet normal 0 0 1
    outer loop
      vertex -29.913501276438456 -0.49695222589276256 4.3999999999999995
      vertex -30.192289450368403 0.0805322106962123 4.3999999999999995
      vertex -30.209265736755118 0.0590242651880466 4.3999999999999995
    endloop
  endfacet
  facet normal 0 0 1
    outer loop
      vertex -29.913501276438456 -0.49695222589276256 4.3999999999999995
      vertex -30.209265736755118 0.0590242651880466 4.3999999999999995
      vertex -30.22450736709233 0.036249014575741256 4.3999999999999995
    endloop
  endfacet
  facet normal 0 0 1
    outer loop
      vertex -29.913501276438456 -0.49695222589276256 4.3999999999999995
      vertex -30.22450736709233 0.036249014575741256 4.3999999999999995
      vertex -30.237906088161978 0.012409730362875848 4.3999999999999995
    endloop
  endfacet
  facet normal 0 0 1
    outer loop
      vertex -29.913501276438456 -0.49695222589276256 4.3999999999999995
      vertex -30.237906088161978 0.012409730362875848 4.3999999999999995
      vertex -30.24949112601745 -0.012580351362846187 4.3999999999999995
    endloop
  endfacet
  facet normal 0 0 1
    outer loop
      vertex -29.913501276438456 -0.49695222589276256 4.3999999999999995
      vertex -30.24949112601745 -0.012580351362846187 4.3999999999999995
      vertex -30.259049404892817 -0.03837364911033703 4.3999999999999995
    endloop
  endfacet
  facet normal 0 0 1
    outer loop
      vertex -29.913501276438456 -0.49695222589276256 4.3999999999999995
      vertex -30.259049404892817 -0.03837364911033703 4.3999999999999995
      vertex -30.266570589455313 -0.06483837226137013 4.3999999999999995
    endloop
  endfacet
  facet normal 0 0 1
    outer loop
      vertex -29.913501276438456 -0.49695222589276256 4.3999999999999995
      vertex -30.266570589455313 -0.06483837226137013 4.3999999999999995
      vertex -30.272020204195844 -0.0920510569540447 4.3999999999999995
    endloop
  endfacet
  facet normal 0 0 1
    outer loop
      vertex -29.913501276438456 -0.49695222589276256 4.3999999999999995
      vertex -30.272020204195844 -0.0920510569540447 4.3999999999999995
      vertex -30.27526709264358 -0.11947315295194727 4.3999999999999995
    endloop
  endfacet
  facet normal 0 0 1
    outer loop
      vertex -29.913501276438456 -0.49695222589276256 4.3999999999999995
      vertex -30.27526709264358 -0.11947315295194727 4.3999999999999995
      vertex -30.276356753567065 -0.146995882689005 4.3999999999999995
    endloop
  endfacet
  facet normal 0 0 1
    outer loop
      vertex -29.913501276438456 -0.49695222589276256 4.3999999999999995
      vertex -30.276356753567065 -0.146995882689005 4.3999999999999995
      vertex -30.27526709264358 -0.1745186124260627 4.3999999999999995
    endloop
  endfacet
  facet normal 0 0 1
    outer loop
      vertex -29.913501276438456 -0.49695222589276256 4.3999999999999995
      vertex -30.27526709264358 -0.1745186124260627 4.3999999999999995
      vertex -30.272020204195844 -0.20194070842396528 4.3999999999999995
    endloop
  endfacet
  facet normal 0 0 1
    outer loop
      vertex -29.913501276438456 -0.49695222589276256 4.3999999999999995
      vertex -30.272020204195844 -0.20194070842396528 4.3999999999999995
      vertex -30.266570589455313 -0.22915339311663985 4.3999999999999995
    endloop
  endfacet
  facet normal 0 0 1
    outer loop
      vertex -29.913501276438456 -0.49695222589276256 4.3999999999999995
      vertex -30.266570589455313 -0.22915339311663985 4.3999999999999995
      vertex -30.259049404892817 -0.25561811626767295 4.3999999999999995
    endloop
  endfacet
  facet normal 0 0 1
    outer loop
      vertex -29.913501276438456 -0.49695222589276256 4.3999999999999995
      vertex -30.259049404892817 -0.25561811626767295 4.3999999999999995
      vertex -30.24949112601745 -0.2814114140151638 4.3999999999999995
    endloop
  endfacet
  facet normal 0 0 1
    outer loop
      vertex -29.913501276438456 -0.49695222589276256 4.3999999999999995
      vertex -30.24949112601745 -0.2814114140151638 4.3999999999999995
      vertex -30.237906088161978 -0.3064014957408858 4.3999999999999995
    endloop
  endfacet
  facet normal 0 0 1
    outer loop
      vertex -29.913501276438456 -0.49695222589276256 4.3999999999999995
      vertex -30.237906088161978 -0.3064014957408858 4.3999999999999995
      vertex -30.22450736709233 -0.33024077995375123 4.3999999999999995
    endloop
  endfacet
  facet normal 0 0 1
    outer loop
      vertex -29.913501276438456 -0.49695222589276256 4.3999999999999995
      vertex -30.22450736709233 -0.33024077995375123 4.3999999999999995
      vertex -30.209265736755118 -0.35301603056605657 4.3999999999999995
    endloop
  endfacet
  facet normal 0 0 1
    outer loop
      vertex -29.913501276438456 -0.49695222589276256 4.3999999999999995
      vertex -30.209265736755118 -0.35301603056605657 4.3999999999999995
      vertex -30.192289450368403 -0.3745239760742223 4.3999999999999995
    endloop
  endfacet
  facet normal 0 0 1
    outer loop
      vertex -29.913501276438456 -0.49695222589276256 4.3999999999999995
      vertex -30.192289450368403 -0.3745239760742223 4.3999999999999995
      vertex -30.173625900179697 -0.3947253441557521 4.3999999999999995
    endloop
  endfacet
  facet normal 0 0 1
    outer loop
      vertex -29.913501276438456 -0.49695222589276256 4.3999999999999995
      vertex -30.173625900179697 -0.3947253441557521 4.3999999999999995
      vertex -30.169723291373355 -0.3983303548343322 4.3999999999999995
    endloop
  endfacet
  facet normal 0 0 1
    outer loop
      vertex -29.893434834606214 -0.5155107839794688 4.3999999999999995
      vertex -29.913501276438456 -0.49695222589276256 4.3999999999999995
      vertex -30.169723291373355 -0.3983303548343322 4.3999999999999995
    endloop
  endfacet
  facet normal 0 0 1
    outer loop
      vertex -29.872143215522943 -0.5385301865678471 4.3999999999999995
      vertex -29.893434834606214 -0.5155107839794688 4.3999999999999995
      vertex -30.169723291373355 -0.3983303548343322 4.3999999999999995
    endloop
  endfacet
  facet normal 0 0 1
    outer loop
      vertex -29.852720749251127 -0.563133749106651 4.3999999999999995
      vertex -29.872143215522943 -0.5385301865678471 4.3999999999999995
      vertex -30.169723291373355 -0.3983303548343322 4.3999999999999995
    endloop
  endfacet
  facet normal 0 0 1
    outer loop
      vertex -29.83528044847549 -0.5891612698298161 4.3999999999999995
      vertex -29.852720749251127 -0.563133749106651 4.3999999999999995
      vertex -30.169723291373355 -0.3983303548343322 4.3999999999999995
    endloop
  endfacet
  facet normal 0 0 1
    outer loop
      vertex -29.819906284320215 -0.6165049391983892 4.3999999999999995
      vertex -29.83528044847549 -0.5891612698298161 4.3999999999999995
      vertex -30.169723291373355 -0.3983303548343322 4.3999999999999995
    endloop
  endfacet
  facet normal 0 0 1
    outer loop
      vertex -29.80664350159611 -0.6451161855552634 4.3999999999999995
      vertex -29.819906284320215 -0.6165049391983892 4.3999999999999995
      vertex -30.169723291373355 -0.3983303548343322 4.3999999999999995
    endloop
  endfacet
  facet normal 0 0 1
    outer loop
      vertex -29.795723404258794 -0.6746111488003663 4.3999999999999995
      vertex -29.80664350159611 -0.6451161855552634 4.3999999999999995
      vertex -30.169723291373355 -0.3983303548343322 4.3999999999999995
    endloop
  endfacet
  facet normal 0 0 1
    outer loop
      vertex -29.787150416401357 -0.7047902039643787 4.3999999999999995
      vertex -29.795723404258794 -0.6746111488003663 4.3999999999999995
      vertex -30.169723291373355 -0.3983303548343322 4.3999999999999995
    endloop
  endfacet
  facet normal 0 0 1
    outer loop
      vertex -29.78092314723174 -0.7358456836950324 4.3999999999999995
      vertex -29.787150416401357 -0.7047902039643787 4.3999999999999995
      vertex -30.169723291373355 -0.3983303548343322 4.3999999999999995
    endloop
  endfacet
  facet normal 0 0 1
    outer loop
      vertex -29.777220858043812 -0.7671541620940552 4.3999999999999995
      vertex -29.78092314723174 -0.7358456836950324 4.3999999999999995
      vertex -30.169723291373355 -0.3983303548343322 4.3999999999999995
    endloop
  endfacet
  facet normal 0 0 1
    outer loop
      vertex -29.775960636119596 -0.7986329236341732 4.3999999999999995
      vertex -29.777220858043812 -0.7671541620940552 4.3999999999999995
      vertex -30.169723291373355 -0.3983303548343322 4.3999999999999995
    endloop
  endfacet
  facet normal 0 0 1
    outer loop
      vertex -29.777220858043812 -0.8301116851742947 4.3999999999999995
      vertex -29.775960636119596 -0.7986329236341732 4.3999999999999995
      vertex -30.169723291373355 -0.3983303548343322 4.3999999999999995
    endloop
  endfacet
  facet normal 0 0 1
    outer loop
      vertex -29.78092314723174 -0.8614201635733174 4.3999999999999995
      vertex -29.777220858043812 -0.8301116851742947 4.3999999999999995
      vertex -30.169723291373355 -0.3983303548343322 4.3999999999999995
    endloop
  endfacet
  facet normal 0 0 1
    outer loop
      vertex -29.787150416401357 -0.8924756433039711 4.3999999999999995
      vertex -29.78092314723174 -0.8614201635733174 4.3999999999999995
      vertex -30.169723291373355 -0.3983303548343322 4.3999999999999995
    endloop
  endfacet
  facet normal 0 0 1
    outer loop
      vertex -29.795723404258794 -0.9226546984679835 4.3999999999999995
      vertex -29.787150416401357 -0.8924756433039711 4.3999999999999995
      vertex -30.169723291373355 -0.3983303548343322 4.3999999999999995
    endloop
  endfacet
  facet normal 0 0 1
    outer loop
      vertex -29.80664350159611 -0.9521496617130865 4.3999999999999995
      vertex -29.795723404258794 -0.9226546984679835 4.3999999999999995
      vertex -30.169723291373355 -0.3983303548343322 4.3999999999999995
    endloop
  endfacet
  facet normal 0 0 1
    outer loop
      vertex -29.819906284320215 -0.9807609080699606 4.3999999999999995
      vertex -29.80664350159611 -0.9521496617130865 4.3999999999999995
      vertex -30.169723291373355 -0.3983303548343322 4.3999999999999995
    endloop
  endfacet
  facet normal 0 0 1
    outer loop
      vertex -29.83528044847549 -1.0081045774385338 4.3999999999999995
      vertex -29.819906284320215 -0.9807609080699606 4.3999999999999995
      vertex -30.169723291373355 -0.3983303548343322 4.3999999999999995
    endloop
  endfacet
  facet normal 0 0 1
    outer loop
      vertex -29.852720749251127 -1.0341320981616988 4.3999999999999995
      vertex -29.83528044847549 -1.0081045774385338 4.3999999999999995
      vertex -30.169723291373355 -0.3983303548343322 4.3999999999999995
    endloop
  endfacet
  facet normal 0 0 1
    outer loop
      vertex -29.872143215522943 -1.0587356607005027 4.3999999999999995
      vertex -29.852720749251127 -1.0341320981616988 4.3999999999999995
      vertex -30.169723291373355 -0.3983303548343322 4.3999999999999995
    endloop
  endfacet
  facet normal 0 0 1
    outer loop
      vertex -29.893434834606214 -1.081755063288881 4.3999999999999995
      vertex -29.872143215522943 -1.0587356607005027 4.3999999999999995
      vertex -30.169723291373355 -0.3983303548343322 4.3999999999999995
    endloop
  endfacet
  facet normal 0 0 1
    outer loop
      vertex -29.916440533934136 -1.1030320110845722 4.3999999999999995
      vertex -29.893434834606214 -1.081755063288881 4.3999999999999995
      vertex -30.169723291373355 -0.3983303548343322 4.3999999999999995
    endloop
  endfacet
  facet normal 0 0 1
    outer loop
      vertex -29.94108588447085 -1.12248746571888 4.3999999999999995
      vertex -29.916440533934136 -1.1030320110845722 4.3999999999999995
      vertex -30.169723291373355 -0.3983303548343322 4.3999999999999995
    endloop
  endfacet
  facet normal 0 0 1
    outer loop
      vertex -29.967128553772746 -1.1399201096688856 4.3999999999999995
      vertex -29.94108588447085 -1.12248746571888 4.3999999999999995
      vertex -30.169723291373355 -0.3983303548343322 4.3999999999999995
    endloop
  endfacet
  facet normal 0 0 1
    outer loop
      vertex -29.99442071155 -1.155265312932535 4.3999999999999995
      vertex -29.967128553772746 -1.1399201096688856 4.3999999999999995
      vertex -30.169723291373355 -0.3983303548343322 4.3999999999999995
    endloop
  endfacet
  facet normal 0 0 1
    outer loop
      vertex -30.02290770012314 -1.1684704958021541 4.3999999999999995
      vertex -29.99442071155 -1.155265312932535 4.3999999999999995
      vertex -30.169723291373355 -0.3983303548343322 4.3999999999999995
    endloop
  endfacet
  facet normal 0 0 1
    outer loop
      vertex -30.052508477845137 -1.1794666064234107 4.3999999999999995
      vertex -30.02290770012314 -1.1684704958021541 4.3999999999999995
      vertex -30.169723291373355 -0.3983303548343322 4.3999999999999995
    endloop
  endfacet
  facet normal 0 0 1
    outer loop
      vertex -30.082834968170623 -1.1880470471933613 4.3999999999999995
      vertex -30.052508477845137 -1.1794666064234107 4.3999999999999995
      vertex -30.169723291373355 -0.3983303548343322 4.3999999999999995
    endloop
  endfacet
  facet normal 0 0 1
    outer loop
      vertex -30.113645376448826 -1.1942251740479115 4.3999999999999995
      vertex -30.082834968170623 -1.1880470471933613 4.3999999999999995
      vertex -30.169723291373355 -0.3983303548343322 4.3999999999999995
    endloop
  endfacet
  facet normal 0 0 1
    outer loop
      vertex -30.1450473366891 -1.197968632025045 4.3999999999999995
      vertex -30.113645376448826 -1.1942251740479115 4.3999999999999995
      vertex -30.169723291373355 -0.3983303548343322 4.3999999999999995
    endloop
  endfacet
  facet normal 0 0 1
    outer loop
      vertex -30.176538675112443 -1.199202535711919 4.3999999999999995
      vertex -30.1450473366891 -1.197968632025045 4.3999999999999995
      vertex -30.169723291373355 -0.3983303548343322 4.3999999999999995
    endloop
  endfacet
  facet normal 0 0 1
    outer loop
      vertex -30.176538675112443 -1.199202535711919 4.3999999999999995
      vertex -30.169723291373355 -0.3983303548343322 4.3999999999999995
      vertex -30.176538675112443 -0.39806331155643093 4.3999999999999995
    endloop
  endfacet
  facet normal 0 0 1
    outer loop
      vertex -30.20801741275066 -1.1979691257487524 4.3999999999999995
      vertex -30.176538675112443 -1.199202535711919 4.3999999999999995
      vertex -30.176538675112443 -0.39806331155643093 4.3999999999999995
    endloop
  endfacet
  facet normal 0 0 1
    outer loop
      vertex -30.20801741275066 -1.1979691257487524 4.3999999999999995
      vertex -30.176538675112443 -0.39806331155643093 4.3999999999999995
      vertex -30.20801741275066 -0.3992967215195975 4.3999999999999995
    endloop
  endfacet
  facet normal 0 0 1
    outer loop
      vertex -30.239429636617988 -1.1942276531235407 4.3999999999999995
      vertex -30.20801741275066 -1.1979691257487524 4.3999999999999995
      vertex -30.20801741275066 -0.3992967215195975 4.3999999999999995
    endloop
  endfacet
  facet normal 0 0 1
    outer loop
      vertex -30.27028086113231 -1.1880413413606625 4.3999999999999995
      vertex -30.239429636617988 -1.1942276531235407 4.3999999999999995
      vertex -30.20801741275066 -0.3992967215195975 4.3999999999999995
    endloop
  endfacet
  facet normal 0 0 1
    outer loop
      vertex -30.30056039168536 -1.1794666056764775 4.3999999999999995
      vertex -30.27028086113231 -1.1880413413606625 4.3999999999999995
      vertex -30.20801741275066 -0.3992967215195975 4.3999999999999995
    endloop
  endfacet
  facet normal 0 0 1
    outer loop
      vertex -30.330146027551034 -1.1684860925415883 4.3999999999999995
      vertex -30.30056039168536 -1.1794666056764775 4.3999999999999995
      vertex -30.20801741275066 -0.3992967215195975 4.3999999999999995
    endloop
  endfacet
  facet normal 0 0 1
    outer loop
      vertex -30.3586666632829 -1.155265312932535 4.3999999999999995
      vertex -30.330146027551034 -1.1684860925415883 4.3999999999999995
      vertex -30.20801741275066 -0.3992967215195975 4.3999999999999995
    endloop
  endfacet
  facet normal 0 0 1
    outer loop
      vertex -30.38595881732548 -1.1399201119096887 4.3999999999999995
      vertex -30.3586666632829 -1.155265312932535 4.3999999999999995
      vertex -30.20801741275066 -0.3992967215195975 4.3999999999999995
    endloop
  endfacet
  facet normal 0 0 1
    outer loop
      vertex -30.41205616596794 -1.1224508674219216 4.3999999999999995
      vertex -30.38595881732548 -1.1399201119096887 4.3999999999999995
      vertex -30.20801741275066 -0.3992967215195975 4.3999999999999995
    endloop
  endfacet
  facet normal 0 0 1
    outer loop
      vertex -30.436628552954303 -1.1030320402150195 4.3999999999999995
      vertex -30.41205616596794 -1.1224508674219216 4.3999999999999995
      vertex -30.20801741275066 -0.3992967215195975 4.3999999999999995
    endloop
  endfacet
  facet normal 0 0 1
    outer loop
      vertex -30.459603583151377 -1.0818079940557652 4.3999999999999995
      vertex -30.436628552954303 -1.1030320402150195 4.3999999999999995
      vertex -30.20801741275066 -0.3992967215195975 4.3999999999999995
    endloop
  endfacet
  facet normal 0 0 1
    outer loop
      vertex -30.459603583151377 -1.0818079940557652 4.3999999999999995
      vertex -30.20801741275066 -0.3992967215195975 4.3999999999999995
      vertex -30.239429636617988 -0.4030381941448091 4.3999999999999995
    endloop
  endfacet
  facet normal 0 0 1
    outer loop
      vertex -30.459603583151377 -1.0818079940557652 4.3999999999999995
      vertex -30.239429636617988 -0.4030381941448091 4.3999999999999995
      vertex -30.27028086113231 -0.40922450590768733 4.3999999999999995
    endloop
  endfacet
  facet normal 0 0 1
    outer loop
      vertex -30.459603583151377 -1.0818079940557652 4.3999999999999995
      vertex -30.27028086113231 -0.40922450590768733 4.3999999999999995
      vertex -30.30056039168536 -0.4177992415918723 4.3999999999999995
    endloop
  endfacet
  facet normal 0 0 1
    outer loop
      vertex -30.459603583151377 -1.0818079940557652 4.3999999999999995
      vertex -30.30056039168536 -0.4177992415918723 4.3999999999999995
      vertex -30.330146027551034 -0.42877975472676155 4.3999999999999995
    endloop
  endfacet
  facet normal 0 0 1
    outer loop
      vertex -30.459603583151377 -1.0818079940557652 4.3999999999999995
      vertex -30.330146027551034 -0.42877975472676155 4.3999999999999995
      vertex -30.3586666632829 -0.4420005343358149 4.3999999999999995
    endloop
  endfacet
  facet normal 0 0 1
    outer loop
      vertex -30.459603583151377 -1.0818079940557652 4.3999999999999995
      vertex -30.3586666632829 -0.4420005343358149 4.3999999999999995
      vertex -30.38595881732548 -0.4573457353586612 4.3999999999999995
    endloop
  endfacet
  facet normal 0 0 1
    outer loop
      vertex -30.459603583151377 -1.0818079940557652 4.3999999999999995
      vertex -30.38595881732548 -0.4573457353586612 4.3999999999999995
      vertex -30.41205616596794 -0.4748149798464283 4.3999999999999995
    endloop
  endfacet
  facet normal 0 0 1
    outer loop
      vertex -30.459603583151377 -1.0818079940557652 4.3999999999999995
      vertex -30.41205616596794 -0.4748149798464283 4.3999999999999995
      vertex -30.436628552954303 -0.4942338070533303 4.3999999999999995
    endloop
  endfacet
  facet normal 0 0 1
    outer loop
      vertex -30.459603583151377 -1.0818079940557652 4.3999999999999995
      vertex -30.436628552954303 -0.4942338070533303 4.3999999999999995
      vertex -30.459603583151377 -0.5154578532125846 4.3999999999999995
    endloop
  endfacet
  facet normal 0 0 1
    outer loop
      vertex -30.481000747068183 -1.05867448153586 4.3999999999999995
      vertex -30.459603583151377 -1.0818079940557652 4.3999999999999995
      vertex -30.459603583151377 -0.5154578532125846 4.3999999999999995
    endloop
  endfacet
  facet normal 0 0 1
    outer loop
      vertex -30.500348380959515 -1.0341321392430949 4.3999999999999995
      vertex -30.481000747068183 -1.05867448153586 4.3999999999999995
      vertex -30.459603583151377 -0.5154578532125846 4.3999999999999995
    endloop
  endfacet
  facet normal 0 0 1
    outer loop
      vertex -30.517815280072934 -1.0081046013404347 4.3999999999999995
      vertex -30.500348380959515 -1.0341321392430949 4.3999999999999995
      vertex -30.459603583151377 -0.5154578532125846 4.3999999999999995
    endloop
  endfacet
  facet normal 0 0 1
    outer loop
      vertex -30.517815280072934 -1.0081046013404347 4.3999999999999995
      vertex -30.459603583151377 -0.5154578532125846 4.3999999999999995
      vertex -30.481000747068183 -0.5385913657324863 4.3999999999999995
    endloop
  endfacet
  facet normal 0 0 1
    outer loop
      vertex -30.517815280072934 -1.0081046013404347 4.3999999999999995
      vertex -30.481000747068183 -0.5385913657324863 4.3999999999999995
      vertex -30.500348380959515 -0.563133708025255 4.3999999999999995
    endloop
  endfacet
  facet normal 0 0 1
    outer loop
      vertex -30.533209996878092 -0.9806769242478985 4.3999999999999995
      vertex -30.517815280072934 -1.0081046013404347 4.3999999999999995
      vertex -30.500348380959515 -0.563133708025255 4.3999999999999995
    endloop
  endfacet
  facet normal 0 0 1
    outer loop
      vertex -30.533209996878092 -0.9806769242478985 4.3999999999999995
      vertex -30.500348380959515 -0.563133708025255 4.3999999999999995
      vertex -30.517815280072934 -0.5891612459279152 4.3999999999999995
    endloop
  endfacet
  facet normal 0 0 1
    outer loop
      vertex -30.54639184401986 -0.952240276072768 4.3999999999999995
      vertex -30.533209996878092 -0.9806769242478985 4.3999999999999995
      vertex -30.517815280072934 -0.5891612459279152 4.3999999999999995
    endloop
  endfacet
  facet normal 0 0 1
    outer loop
      vertex -30.54639184401986 -0.952240276072768 4.3999999999999995
      vertex -30.517815280072934 -0.5891612459279152 4.3999999999999995
      vertex -30.533209996878092 -0.6165889230204513 4.3999999999999995
    endloop
  endfacet
  facet normal 0 0 1
    outer loop
      vertex -30.54639184401986 -0.952240276072768 4.3999999999999995
      vertex -30.533209996878092 -0.6165889230204513 4.3999999999999995
      vertex -30.54639184401986 -0.6450255711955819 4.3999999999999995
    endloop
  endfacet
  facet normal 0 0 1
    outer loop
      vertex -30.5573366790811 -0.9227507706781033 4.3999999999999995
      vertex -30.54639184401986 -0.952240276072768 4.3999999999999995
      vertex -30.54639184401986 -0.6450255711955819 4.3999999999999995
    endloop
  endfacet
  facet normal 0 0 1
    outer loop
      vertex -30.5573366790811 -0.9227507706781033 4.3999999999999995
      vertex -30.54639184401986 -0.6450255711955819 4.3999999999999995
      vertex -30.5573366790811 -0.6745150765902466 4.3999999999999995
    endloop
  endfacet
  facet normal 0 0 1
    outer loop
      vertex -30.565965510749997 -0.8923751320620781 4.3999999999999995
      vertex -30.5573366790811 -0.9227507706781033 4.3999999999999995
      vertex -30.5573366790811 -0.6745150765902466 4.3999999999999995
    endloop
  endfacet
  facet normal 0 0 1
    outer loop
      vertex -30.572145762633223 -0.8614201322020669 4.3999999999999995
      vertex -30.565965510749997 -0.8923751320620781 4.3999999999999995
      vertex -30.5573366790811 -0.6745150765902466 4.3999999999999995
    endloop
  endfacet
  facet normal 0 0 1
    outer loop
      vertex -30.572145762633223 -0.8614201322020669 4.3999999999999995
      vertex -30.5573366790811 -0.6745150765902466 4.3999999999999995
      vertex -30.565965510749997 -0.7048907152062718 4.3999999999999995
    endloop
  endfacet
  facet normal 0 0 1
    outer loop
      vertex -30.575874877227022 -0.8301116612723902 4.3999999999999995
      vertex -30.572145762633223 -0.8614201322020669 4.3999999999999995
      vertex -30.565965510749997 -0.7048907152062718 4.3999999999999995
    endloop
  endfacet
  facet normal 0 0 1
    outer loop
      vertex -30.575874877227022 -0.8301116612723902 4.3999999999999995
      vertex -30.565965510749997 -0.7048907152062718 4.3999999999999995
      vertex -30.572145762633223 -0.7358457150662829 4.3999999999999995
    endloop
  endfacet
  facet normal 0 0 1
    outer loop
      vertex -30.572145762633223 -0.7358457150662829 4.3999999999999995
      vertex -30.575874877227022 -0.7671541859959596 4.3999999999999995
      vertex -30.577108287190185 -0.7986329236341732 4.3999999999999995
    endloop
  endfacet
  facet normal 0 0 1
    outer loop
      vertex -30.575874877227022 -0.8301116612723902 4.3999999999999995
      vertex -30.572145762633223 -0.7358457150662829 4.3999999999999995
      vertex -30.577108287190185 -0.7986329236341732 4.3999999999999995
    endloop
  endfacet
  facet normal 0 0 1
    outer loop
      vertex -26.486683366810958 -0.6563149716263688 4.3999999999999995
      vertex -26.478343583110522 -0.629809794502453 4.3999999999999995
      vertex -26.472374276736005 -0.6027330264942243 4.3999999999999995
    endloop
  endfacet
  facet normal 0 0 1
    outer loop
      vertex -26.49724898695782 -0.6818247569370257 4.3999999999999995
      vertex -26.486683366810958 -0.6563149716263688 4.3999999999999995
      vertex -26.472374276736005 -0.6027330264942243 4.3999999999999995
    endloop
  endfacet
  facet normal 0 0 1
    outer loop
      vertex -26.49724898695782 -0.6818247569370257 4.3999999999999995
      vertex -26.472374276736005 -0.6027330264942243 4.3999999999999995
      vertex -26.46883805125615 -0.5756219644819893 4.3999999999999995
    endloop
  endfacet
  facet normal 0 0 1
    outer loop
      vertex -26.50989295909197 -0.70616558899777 4.3999999999999995
      vertex -26.49724898695782 -0.6818247569370257 4.3999999999999995
      vertex -26.46883805125615 -0.5756219644819893 4.3999999999999995
    endloop
  endfacet
  facet normal 0 0 1
    outer loop
      vertex -26.524414212178876 -0.7290447322244837 4.3999999999999995
      vertex -26.50989295909197 -0.70616558899777 4.3999999999999995
      vertex -26.46883805125615 -0.5756219644819893 4.3999999999999995
    endloop
  endfacet
  facet normal 0 0 1
    outer loop
      vertex -26.524414212178876 -0.7290447322244837 4.3999999999999995
      vertex -26.46883805125615 -0.5756219644819893 4.3999999999999995
      vertex -26.467641430058244 -0.5489741139040802 4.3999999999999995
    endloop
  endfacet
  facet normal 0 0 1
    outer loop
      vertex -26.542329927804808 -0.7526494737737046 4.3999999999999995
      vertex -26.524414212178876 -0.7290447322244837 4.3999999999999995
      vertex -26.467641430058244 -0.5489741139040802 4.3999999999999995
    endloop
  endfacet
  facet normal 0 0 1
    outer loop
      vertex -26.542329927804808 -0.7526494737737046 4.3999999999999995
      vertex -26.467641430058244 -0.5489741139040802 4.3999999999999995
      vertex -26.468658527041335 -0.5215826003926196 4.3999999999999995
    endloop
  endfacet
  facet normal 0 0 1
    outer loop
      vertex -26.542329927804808 -0.7526494737737046 4.3999999999999995
      vertex -26.468658527041335 -0.5215826003926196 4.3999999999999995
      vertex -26.4715993904462 -0.4953514705514692 4.3999999999999995
    endloop
  endfacet
  facet normal 0 0 1
    outer loop
      vertex -26.561552726532035 -0.7742636273932462 4.3999999999999995
      vertex -26.542329927804808 -0.7526494737737046 4.3999999999999995
      vertex -26.4715993904462 -0.4953514705514692 4.3999999999999995
    endloop
  endfacet
  facet normal 0 0 1
    outer loop
      vertex -26.561552726532035 -0.7742636273932462 4.3999999999999995
      vertex -26.4715993904462 -0.4953514705514692 4.3999999999999995
      vertex -26.47647074567115 -0.4694047352768109 4.3999999999999995
    endloop
  endfacet
  facet normal 0 0 1
    outer loop
      vertex -26.582438176075385 -0.7943505135698707 4.3999999999999995
      vertex -26.561552726532035 -0.7742636273932462 4.3999999999999995
      vertex -26.47647074567115 -0.4694047352768109 4.3999999999999995
    endloop
  endfacet
  facet normal 0 0 1
    outer loop
      vertex -26.582438176075385 -0.7943505135698707 4.3999999999999995
      vertex -26.47647074567115 -0.4694047352768109 4.3999999999999995
      vertex -26.483218442205235 -0.4440589073189152 4.3999999999999995
    endloop
  endfacet
  facet normal 0 0 1
    outer loop
      vertex -26.582438176075385 -0.7943505135698707 4.3999999999999995
      vertex -26.483218442205235 -0.4440589073189152 4.3999999999999995
      vertex -26.491885949395957 -0.418974118779353 4.3999999999999995
    endloop
  endfacet
  facet normal 0 0 1
    outer loop
      vertex -26.582438176075385 -0.7943505135698707 4.3999999999999995
      vertex -26.491885949395957 -0.418974118779353 4.3999999999999995
      vertex -26.50259763930802 -0.3943163653951558 4.3999999999999995
    endloop
  endfacet
  facet normal 0 0 1
    outer loop
      vertex -26.604892773679445 -0.8128008625076575 4.3999999999999995
      vertex -26.582438176075385 -0.7943505135698707 4.3999999999999995
      vertex -26.50259763930802 -0.3943163653951558 4.3999999999999995
    endloop
  endfacet
  facet normal 0 0 1
    outer loop
      vertex -26.604892773679445 -0.8128008625076575 4.3999999999999995
      vertex -26.50259763930802 -0.3943163653951558 4.3999999999999995
      vertex -26.51514108600852 -0.3705535015455368 4.3999999999999995
    endloop
  endfacet
  facet normal 0 0 1
    outer loop
      vertex -26.604892773679445 -0.8128008625076575 4.3999999999999995
      vertex -26.51514108600852 -0.3705535015455368 4.3999999999999995
      vertex -26.529578229788363 -0.3476713332340715 4.3999999999999995
    endloop
  endfacet
  facet normal 0 0 1
    outer loop
      vertex -26.62886595785359 -0.8295263394910428 4.3999999999999995
      vertex -26.604892773679445 -0.8128008625076575 4.3999999999999995
      vertex -26.529578229788363 -0.3476713332340715 4.3999999999999995
    endloop
  endfacet
  facet normal 0 0 1
    outer loop
      vertex -26.62886595785359 -0.8295263394910428 4.3999999999999995
      vertex -26.529578229788363 -0.3476713332340715 4.3999999999999995
      vertex -26.545623636348225 -0.32612663033189904 4.3999999999999995
    endloop
  endfacet
  facet normal 0 0 1
    outer loop
      vertex -26.62886595785359 -0.8295263394910428 4.3999999999999995
      vertex -26.545623636348225 -0.32612663033189904 4.3999999999999995
      vertex -26.5634740855839 -0.3056003763642714 4.3999999999999995
    endloop
  endfacet
  facet normal 0 0 1
    outer loop
      vertex -26.62886595785359 -0.8295263394910428 4.3999999999999995
      vertex -26.5634740855839 -0.3056003763642714 4.3999999999999995
      vertex -26.582984129926622 -0.2864884944235513 4.3999999999999995
    endloop
  endfacet
  facet normal 0 0 1
    outer loop
      vertex -26.62886595785359 -0.8295263394910428 4.3999999999999995
      vertex -26.582984129926622 -0.2864884944235513 4.3999999999999995
      vertex -26.60375849985175 -0.26909265716523123 4.3999999999999995
    endloop
  endfacet
  facet normal 0 0 1
    outer loop
      vertex -26.62886595785359 -0.8295263394910428 4.3999999999999995
      vertex -26.60375849985175 -0.26909265716523123 4.3999999999999995
      vertex -26.626095104958722 -0.25318463352224896 4.3999999999999995
    endloop
  endfacet
  facet normal 0 0 1
    outer loop
      vertex -26.62886595785359 -0.8295263394910428 4.3999999999999995
      vertex -26.626095104958722 -0.25318463352224896 4.3999999999999995
      vertex -26.64976728647762 -0.23904708143836828 4.3999999999999995
    endloop
  endfacet
  facet normal 0 0 1
    outer loop
      vertex -26.62886595785359 -0.8295263394910428 4.3999999999999995
      vertex -26.64976728647762 -0.23904708143836828 4.3999999999999995
      vertex -26.674499124560867 -0.2268275055399691 4.3999999999999995
    endloop
  endfacet
  facet normal 0 0 1
    outer loop
      vertex -26.62886595785359 -0.8295263394910428 4.3999999999999995
      vertex -26.674499124560867 -0.2268275055399691 4.3999999999999995
      vertex -26.700457385781895 -0.21651221302367674 4.3999999999999995
    endloop
  endfacet
  facet normal 0 0 1
    outer loop
      vertex -26.62886595785359 -0.8295263394910428 4.3999999999999995
      vertex -26.700457385781895 -0.21651221302367674 4.3999999999999995
      vertex -26.727706576151654 -0.20823738947035508 4.3999999999999995
    endloop
  endfacet
  facet normal 0 0 1
    outer loop
      vertex -26.62886595785359 -0.8295263394910428 4.3999999999999995
      vertex -26.727706576151654 -0.20823738947035508 4.3999999999999995
      vertex -26.75558215252113 -0.20229985246121274 4.3999999999999995
    endloop
  endfacet
  facet normal 0 0 1
    outer loop
      vertex -26.62886595785359 -0.8295263394910428 4.3999999999999995
      vertex -26.75558215252113 -0.20229985246121274 4.3999999999999995
      vertex -26.783768542530595 -0.19872368017700381 4.3999999999999995
    endloop
  endfacet
  facet normal 0 0 1
    outer loop
      vertex -26.62886595785359 -0.8295263394910428 4.3999999999999995
      vertex -26.783768542530595 -0.19872368017700381 4.3999999999999995
      vertex -26.811472717598015 -0.19756152925964798 4.3999999999999995
    endloop
  endfacet
  facet normal 0 0 1
    outer loop
      vertex -26.62886595785359 -0.8295263394910428 4.3999999999999995
      vertex -26.811472717598015 -0.19756152925964798 4.3999999999999995
      vertex -26.83830958966299 -0.198533879637246 4.3999999999999995
    endloop
  endfacet
  facet normal 0 0 1
    outer loop
      vertex -26.65798796474855 -0.8465793278353146 4.3999999999999995
      vertex -26.62886595785359 -0.8295263394910428 4.3999999999999995
      vertex -26.83830958966299 -0.198533879637246 4.3999999999999995
    endloop
  endfacet
  facet normal 0 0 1
    outer loop
      vertex -26.65798796474855 -0.8465793278353146 4.3999999999999995
      vertex -26.83830958966299 -0.198533879637246 4.3999999999999995
      vertex -26.86440432478161 -0.20132069526945529 4.3999999999999995
    endloop
  endfacet
  facet normal 0 0 1
    outer loop
      vertex -26.65798796474855 -0.8465793278353146 4.3999999999999995
      vertex -26.86440432478161 -0.20132069526945529 4.3999999999999995
      vertex -26.890238786836704 -0.2060121087431952 4.3999999999999995
    endloop
  endfacet
  facet normal 0 0 1
    outer loop
      vertex -26.65798796474855 -0.8465793278353146 4.3999999999999995
      vertex -26.890238786836704 -0.2060121087431952 4.3999999999999995
      vertex -26.915508333361167 -0.21246323717220506 4.3999999999999995
    endloop
  endfacet
  facet normal 0 0 1
    outer loop
      vertex -26.65798796474855 -0.8465793278353146 4.3999999999999995
      vertex -26.915508333361167 -0.21246323717220506 4.3999999999999995
      vertex -26.940376845520447 -0.2207527402293863 4.3999999999999995
    endloop
  endfacet
  facet normal 0 0 1
    outer loop
      vertex -26.68852097873046 -0.861330405200583 4.3999999999999995
      vertex -26.65798796474855 -0.8465793278353146 4.3999999999999995
      vertex -26.940376845520447 -0.2207527402293863 4.3999999999999995
    endloop
  endfacet
  facet normal 0 0 1
    outer loop
      vertex -26.68852097873046 -0.861330405200583 4.3999999999999995
      vertex -26.940376845520447 -0.2207527402293863 4.3999999999999995
      vertex -26.972027298920146 -0.23387965706059433 4.3999999999999995
    endloop
  endfacet
  facet normal 0 0 1
    outer loop
      vertex -26.720199622185376 -0.8735938993541055 4.3999999999999995
      vertex -26.68852097873046 -0.861330405200583 4.3999999999999995
      vertex -26.972027298920146 -0.23387965706059433 4.3999999999999995
    endloop
  endfacet
  facet normal 0 0 1
    outer loop
      vertex -26.752903258468052 -0.8833259473139137 4.3999999999999995
      vertex -26.720199622185376 -0.8735938993541055 4.3999999999999995
      vertex -26.972027298920146 -0.23387965706059433 4.3999999999999995
    endloop
  endfacet
  facet normal 0 0 1
    outer loop
      vertex -26.752903258468052 -0.8833259473139137 4.3999999999999995
      vertex -26.972027298920146 -0.23387965706059433 4.3999999999999995
      vertex -27.002602324233386 -0.24917756219047504 4.3999999999999995
    endloop
  endfacet
  facet normal 0 0 1
    outer loop
      vertex -26.752903258468052 -0.8833259473139137 4.3999999999999995
      vertex -27.002602324233386 -0.24917756219047504 4.3999999999999995
      vertex -27.031944249561285 -0.26655461778062417 4.3999999999999995
    endloop
  endfacet
  facet normal 0 0 1
    outer loop
      vertex -26.792773403438197 -0.8917100458916956 4.3999999999999995
      vertex -26.752903258468052 -0.8833259473139137 4.3999999999999995
      vertex -27.031944249561285 -0.26655461778062417 4.3999999999999995
    endloop
  endfacet
  facet normal 0 0 1
    outer loop
      vertex -26.792773403438197 -0.8917100458916956 4.3999999999999995
      vertex -27.031944249561285 -0.26655461778062417 4.3999999999999995
      vertex -27.06037143332928 -0.28620281737051556 4.3999999999999995
    endloop
  endfacet
  facet normal 0 0 1
    outer loop
      vertex -26.833331794776974 -0.8967798459294443 4.3999999999999995
      vertex -26.792773403438197 -0.8917100458916956 4.3999999999999995
      vertex -27.06037143332928 -0.28620281737051556 4.3999999999999995
    endloop
  endfacet
  facet normal 0 0 1
    outer loop
      vertex -26.833331794776974 -0.8967798459294443 4.3999999999999995
      vertex -27.06037143332928 -0.28620281737051556 4.3999999999999995
      vertex -27.087275240436206 -0.30759907077415605 4.3999999999999995
    endloop
  endfacet
  facet normal 0 0 1
    outer loop
      vertex -26.833331794776974 -0.8967798459294443 4.3999999999999995
      vertex -27.087275240436206 -0.30759907077415605 4.3999999999999995
      vertex -27.113308627582988 -0.3313969606235929 4.3999999999999995
    endloop
  endfacet
  facet normal 0 0 1
    outer loop
      vertex -26.873090444086372 -0.898425714621073 4.3999999999999995
      vertex -26.833331794776974 -0.8967798459294443 4.3999999999999995
      vertex -27.113308627582988 -0.3313969606235929 4.3999999999999995
    endloop
  endfacet
  facet normal 0 0 1
    outer loop
      vertex -26.904632180421686 -0.8973856277407997 4.3999999999999995
      vertex -26.873090444086372 -0.898425714621073 4.3999999999999995
      vertex -27.113308627582988 -0.3313969606235929 4.3999999999999995
    endloop
  endfacet
  facet normal 0 0 1
    outer loop
      vertex -26.93496592049349 -0.8943697384994067 4.3999999999999995
      vertex -26.904632180421686 -0.8973856277407997 4.3999999999999995
      vertex -27.113308627582988 -0.3313969606235929 4.3999999999999995
    endloop
  endfacet
  facet normal 0 0 1
    outer loop
      vertex -26.965082256313913 -0.8893576443808406 4.3999999999999995
      vertex -26.93496592049349 -0.8943697384994067 4.3999999999999995
      vertex -27.113308627582988 -0.3313969606235929 4.3999999999999995
    endloop
  endfacet
  facet normal 0 0 1
    outer loop
      vertex -26.965082256313913 -0.8893576443808406 4.3999999999999995
      vertex -27.113308627582988 -0.3313969606235929 4.3999999999999995
      vertex -27.137882835595676 -0.35745918915248254 4.3999999999999995
    endloop
  endfacet
  facet normal 0 0 1
    outer loop
      vertex -26.995489871196163 -0.8821923748577163 4.3999999999999995
      vertex -26.965082256313913 -0.8893576443808406 4.3999999999999995
      vertex -27.137882835595676 -0.35745918915248254 4.3999999999999995
    endloop
  endfacet
  facet normal 0 0 1
    outer loop
      vertex -27.019578574020308 -0.8746646553652226 4.3999999999999995
      vertex -26.995489871196163 -0.8821923748577163 4.3999999999999995
      vertex -27.137882835595676 -0.35745918915248254 4.3999999999999995
    endloop
  endfacet
  facet normal 0 0 1
    outer loop
      vertex -27.04365413303794 -0.8649506884490208 4.3999999999999995
      vertex -27.019578574020308 -0.8746646553652226 4.3999999999999995
      vertex -27.137882835595676 -0.35745918915248254 4.3999999999999995
    endloop
  endfacet
  facet normal 0 0 1
    outer loop
      vertex -27.06662017910677 -0.8535502786118485 4.3999999999999995
      vertex -27.04365413303794 -0.8649506884490208 4.3999999999999995
      vertex -27.137882835595676 -0.35745918915248254 4.3999999999999995
    endloop
  endfacet
  facet normal 0 0 1
    outer loop
      vertex -27.08897347147756 -0.8401887227624485 4.3999999999999995
      vertex -27.06662017910677 -0.8535502786118485 4.3999999999999995
      vertex -27.137882835595676 -0.35745918915248254 4.3999999999999995
    endloop
  endfacet
  facet normal 0 0 1
    outer loop
      vertex -27.110214723273174 -0.8250464444247747 4.3999999999999995
      vertex -27.08897347147756 -0.8401887227624485 4.3999999999999995
      vertex -27.137882835595676 -0.35745918915248254 4.3999999999999995
    endloop
  endfacet
  facet normal 0 0 1
    outer loop
      vertex -27.12992164013157 -0.8085274126696937 4.3999999999999995
      vertex -27.110214723273174 -0.8250464444247747 4.3999999999999995
      vertex -27.137882835595676 -0.35745918915248254 4.3999999999999995
    endloop
  endfacet
  facet normal 0 0 1
    outer loop
      vertex -27.14884521988315 -0.7899882816025716 4.3999999999999995
      vertex -27.12992164013157 -0.8085274126696937 4.3999999999999995
      vertex -27.137882835595676 -0.35745918915248254 4.3999999999999995
    endloop
  endfacet
  facet normal 0 0 1
    outer loop
      vertex -27.165067447501848 -0.7711555828662853 4.3999999999999995
      vertex -27.14884521988315 -0.7899882816025716 4.3999999999999995
      vertex -27.137882835595676 -0.35745918915248254 4.3999999999999995
    endloop
  endfacet
  facet normal 0 0 1
    outer loop
      vertex -27.179696008187726 -0.7510490986220759 4.3999999999999995
      vertex -27.165067447501848 -0.7711555828662853 4.3999999999999995
      vertex -27.137882835595676 -0.35745918915248254 4.3999999999999995
    endloop
  endfacet
  facet normal 0 0 1
    outer loop
      vertex -27.19262359882341 -0.7296904675626017 4.3999999999999995
      vertex -27.179696008187726 -0.7510490986220759 4.3999999999999995
      vertex -27.137882835595676 -0.35745918915248254 4.3999999999999995
    endloop
  endfacet
  facet normal 0 0 1
    outer loop
      vertex -27.203709021897502 -0.7073950648568896 4.3999999999999995
      vertex -27.19262359882341 -0.7296904675626017 4.3999999999999995
      vertex -27.137882835595676 -0.35745918915248254 4.3999999999999995
    endloop
  endfacet
  facet normal 0 0 1
    outer loop
      vertex -27.212891597197604 -0.684219995141838 4.3999999999999995
      vertex -27.203709021897502 -0.7073950648568896 4.3999999999999995
      vertex -27.137882835595676 -0.35745918915248254 4.3999999999999995
    endloop
  endfacet
  facet normal 0 0 1
    outer loop
      vertex -27.22014817199483 -0.66026079358166 4.3999999999999995
      vertex -27.212891597197604 -0.684219995141838 4.3999999999999995
      vertex -27.137882835595676 -0.35745918915248254 4.3999999999999995
    endloop
  endfacet
  facet normal 0 0 1
    outer loop
      vertex -27.22014817199483 -0.66026079358166 4.3999999999999995
      vertex -27.137882835595676 -0.35745918915248254 4.3999999999999995
      vertex -27.16079355398479 -0.3860807895154892 4.3999999999999995
    endloop
  endfacet
  facet normal 0 0 1
    outer loop
      vertex -27.225356251270867 -0.6357263441458265 4.3999999999999995
      vertex -27.22014817199483 -0.66026079358166 4.3999999999999995
      vertex -27.16079355398479 -0.3860807895154892 4.3999999999999995
    endloop
  endfacet
  facet normal 0 0 1
    outer loop
      vertex -27.225356251270867 -0.6357263441458265 4.3999999999999995
      vertex -27.16079355398479 -0.3860807895154892 4.3999999999999995
      vertex -27.18120899872448 -0.41630277996881304 4.3999999999999995
    endloop
  endfacet
  facet normal 0 0 1
    outer loop
      vertex -27.225356251270867 -0.6357263441458265 4.3999999999999995
      vertex -27.18120899872448 -0.41630277996881304 4.3999999999999995
      vertex -27.193790994714874 -0.438556346872808 4.3999999999999995
    endloop
  endfacet
  facet normal 0 0 1
    outer loop
      vertex -27.228469243492 -0.611071425378082 4.3999999999999995
      vertex -27.225356251270867 -0.6357263441458265 4.3999999999999995
      vertex -27.193790994714874 -0.438556346872808 4.3999999999999995
    endloop
  endfacet
  facet normal 0 0 1
    outer loop
      vertex -27.22952086752266 -0.5863273159078268 4.3999999999999995
      vertex -27.228469243492 -0.611071425378082 4.3999999999999995
      vertex -27.193790994714874 -0.438556346872808 4.3999999999999995
    endloop
  endfacet
  facet normal 0 0 1
    outer loop
      vertex -27.228474241230785 -0.5603891225761828 4.3999999999999995
      vertex -27.22952086752266 -0.5863273159078268 4.3999999999999995
      vertex -27.193790994714874 -0.438556346872808 4.3999999999999995
    endloop
  endfacet
  facet normal 0 0 1
    outer loop
      vertex -27.225453464049977 -0.5352011816343136 4.3999999999999995
      vertex -27.228474241230785 -0.5603891225761828 4.3999999999999995
      vertex -27.193790994714874 -0.438556346872808 4.3999999999999995
    endloop
  endfacet
  facet normal 0 0 1
    outer loop
      vertex -27.220467703854382 -0.5102723716931123 4.3999999999999995
      vertex -27.225453464049977 -0.5352011816343136 4.3999999999999995
      vertex -27.193790994714874 -0.438556346872808 4.3999999999999995
    endloop
  endfacet
  facet normal 0 0 1
    outer loop
      vertex -27.193790994714874 -0.438556346872808 4.3999999999999995
      vertex -27.204567850181036 -0.4617198786905341 4.3999999999999995
      vertex -27.213478366538027 -0.48567528657035197 4.3999999999999995
    endloop
  endfacet
  facet normal 0 0 1
    outer loop
      vertex -27.220467703854382 -0.5102723716931123 4.3999999999999995
      vertex -27.193790994714874 -0.438556346872808 4.3999999999999995
      vertex -27.213478366538027 -0.48567528657035197 4.3999999999999995
    endloop
  endfacet
  facet normal 0 0 -1
    outer loop
      vertex -26.168154169732098 0.17240683935673573 1.99
      vertex -26.171856458920026 0.141098360957713 1.99
      vertex -26.178083728089646 0.1100428812270593 1.99
    endloop
  endfacet
  facet normal 0 0 -1
    outer loop
      vertex -26.168154169732098 0.17240683935673573 1.99
      vertex -26.178083728089646 0.1100428812270593 1.99
      vertex -26.186656715947088 0.07986382606304687 1.99
    endloop
  endfacet
  facet normal 0 0 -1
    outer loop
      vertex -26.166893947807885 0.20388560089685726 1.99
      vertex -26.168154169732098 0.17240683935673573 1.99
      vertex -26.186656715947088 0.07986382606304687 1.99
    endloop
  endfacet
  facet normal 0 0 -1
    outer loop
      vertex -26.168154169732098 0.23536436243697523 1.99
      vertex -26.166893947807885 0.20388560089685726 1.99
      vertex -26.186656715947088 0.07986382606304687 1.99
    endloop
  endfacet
  facet normal 0 0 -1
    outer loop
      vertex -26.168154169732098 0.23536436243697523 1.99
      vertex -26.186656715947088 0.07986382606304687 1.99
      vertex -26.1975768132844 0.05036886281794395 1.99
    endloop
  endfacet
  facet normal 0 0 -1
    outer loop
      vertex -26.168154169732098 0.23536436243697523 1.99
      vertex -26.1975768132844 0.05036886281794395 1.99
      vertex -26.210839596008505 0.021757616461069773 1.99
    endloop
  endfacet
  facet normal 0 0 -1
    outer loop
      vertex -26.168154169732098 0.23536436243697523 1.99
      vertex -26.210839596008505 0.021757616461069773 1.99
      vertex -26.22621376016378 -0.0055860529074998055 1.99
    endloop
  endfacet
  facet normal 0 0 -1
    outer loop
      vertex -26.171856458920026 0.26667284083599796 1.99
      vertex -26.168154169732098 0.23536436243697523 1.99
      vertex -26.22621376016378 -0.0055860529074998055 1.99
    endloop
  endfacet
  facet normal 0 0 -1
    outer loop
      vertex -26.178083728089646 0.29772832056665166 1.99
      vertex -26.171856458920026 0.26667284083599796 1.99
      vertex -26.22621376016378 -0.0055860529074998055 1.99
    endloop
  endfacet
  facet normal 0 0 -1
    outer loop
      vertex -26.186656715947088 0.3279073757306641 1.99
      vertex -26.178083728089646 0.29772832056665166 1.99
      vertex -26.22621376016378 -0.0055860529074998055 1.99
    endloop
  endfacet
  facet normal 0 0 -1
    outer loop
      vertex -26.1975768132844 0.357402338975767 1.99
      vertex -26.186656715947088 0.3279073757306641 1.99
      vertex -26.22621376016378 -0.0055860529074998055 1.99
    endloop
  endfacet
  facet normal 0 0 -1
    outer loop
      vertex -26.210839596008505 0.3860135853326412 1.99
      vertex -26.1975768132844 0.357402338975767 1.99
      vertex -26.22621376016378 -0.0055860529074998055 1.99
    endloop
  endfacet
  facet normal 0 0 -1
    outer loop
      vertex -26.22621376016378 0.4133572547012143 1.99
      vertex -26.210839596008505 0.3860135853326412 1.99
      vertex -26.22621376016378 -0.0055860529074998055 1.99
    endloop
  endfacet
  facet normal 0 0 -1
    outer loop
      vertex -26.22621376016378 0.4133572547012143 1.99
      vertex -26.22621376016378 -0.0055860529074998055 1.99
      vertex -26.243654060939413 -0.03161357363066841 1.99
    endloop
  endfacet
  facet normal 0 0 -1
    outer loop
      vertex -26.243654060939413 0.43938477542437937 1.99
      vertex -26.22621376016378 0.4133572547012143 1.99
      vertex -26.243654060939413 -0.03161357363066841 1.99
    endloop
  endfacet
  facet normal 0 0 -1
    outer loop
      vertex -26.243654060939413 0.43938477542437937 1.99
      vertex -26.243654060939413 -0.03161357363066841 1.99
      vertex -26.263076527211233 -0.056217136169472326 1.99
    endloop
  endfacet
  facet normal 0 0 -1
    outer loop
      vertex -26.263076527211233 0.4639883379631833 1.99
      vertex -26.243654060939413 0.43938477542437937 1.99
      vertex -26.263076527211233 -0.056217136169472326 1.99
    endloop
  endfacet
  facet normal 0 0 -1
    outer loop
      vertex -26.263076527211233 0.4639883379631833 1.99
      vertex -26.263076527211233 -0.056217136169472326 1.99
      vertex -26.284368146294504 -0.07923653875785064 1.99
    endloop
  endfacet
  facet normal 0 0 -1
    outer loop
      vertex -26.284368146294504 0.4870077405515616 1.99
      vertex -26.263076527211233 0.4639883379631833 1.99
      vertex -26.284368146294504 -0.07923653875785064 1.99
    endloop
  endfacet
  facet normal 0 0 -1
    outer loop
      vertex -26.284368146294504 0.4870077405515616 1.99
      vertex -26.284368146294504 -0.07923653875785064 1.99
      vertex -26.30737384562243 -0.10051348655354175 1.99
    endloop
  endfacet
  facet normal 0 0 -1
    outer loop
      vertex -26.30737384562243 0.5082846883472527 1.99
      vertex -26.284368146294504 0.4870077405515616 1.99
      vertex -26.30737384562243 -0.10051348655354175 1.99
    endloop
  endfacet
  facet normal 0 0 -1
    outer loop
      vertex -26.30737384562243 0.5082846883472527 1.99
      vertex -26.30737384562243 -0.10051348655354175 1.99
      vertex -26.332019196159138 -0.11996894118784951 1.99
    endloop
  endfacet
  facet normal 0 0 -1
    outer loop
      vertex -26.332019196159138 0.5277401429815605 1.99
      vertex -26.30737384562243 0.5082846883472527 1.99
      vertex -26.332019196159138 -0.11996894118784951 1.99
    endloop
  endfacet
  facet normal 0 0 -1
    outer loop
      vertex -26.332019196159138 0.5277401429815605 1.99
      vertex -26.332019196159138 -0.11996894118784951 1.99
      vertex -26.35806186546104 -0.13740158513785516 1.99
    endloop
  endfacet
  facet normal 0 0 -1
    outer loop
      vertex -26.35806186546104 0.5451727869315661 1.99
      vertex -26.332019196159138 0.5277401429815605 1.99
      vertex -26.35806186546104 -0.13740158513785516 1.99
    endloop
  endfacet
  facet normal 0 0 -1
    outer loop
      vertex -26.35806186546104 0.5451727869315661 1.99
      vertex -26.35806186546104 -0.13740158513785516 1.99
      vertex -26.385354023238285 -0.15274678840150457 1.99
    endloop
  endfacet
  facet normal 0 0 -1
    outer loop
      vertex -26.385354023238285 0.5605179901952155 1.99
      vertex -26.35806186546104 0.5451727869315661 1.99
      vertex -26.385354023238285 -0.15274678840150457 1.99
    endloop
  endfacet
  facet normal 0 0 -1
    outer loop
      vertex -26.385354023238285 0.5605179901952155 1.99
      vertex -26.385354023238285 -0.15274678840150457 1.99
      vertex -26.413841011811435 -0.1659519712711237 1.99
    endloop
  endfacet
  facet normal 0 0 -1
    outer loop
      vertex -26.413841011811435 0.5737231730648347 1.99
      vertex -26.385354023238285 0.5605179901952155 1.99
      vertex -26.413841011811435 -0.1659519712711237 1.99
    endloop
  endfacet
  facet normal 0 0 -1
    outer loop
      vertex -26.413841011811435 0.5737231730648347 1.99
      vertex -26.413841011811435 -0.1659519712711237 1.99
      vertex -26.44344178953343 -0.17694808189238032 1.99
    endloop
  endfacet
  facet normal 0 0 -1
    outer loop
      vertex -26.413841011811435 0.5737231730648347 1.99
      vertex -26.44344178953343 -0.17694808189238032 1.99
      vertex -26.47376827985891 -0.18552852266233089 1.99
    endloop
  endfacet
  facet normal 0 0 -1
    outer loop
      vertex -26.413841011811435 0.5737231730648347 1.99
      vertex -26.47376827985891 -0.18552852266233089 1.99
      vertex -26.504578688137116 -0.1917066495168811 1.99
    endloop
  endfacet
  facet normal 0 0 -1
    outer loop
      vertex -26.413841011811435 0.5737231730648347 1.99
      vertex -26.504578688137116 -0.1917066495168811 1.99
      vertex -26.53598064837739 -0.1954501074940147 1.99
    endloop
  endfacet
  facet normal 0 0 -1
    outer loop
      vertex -26.413841011811435 0.5737231730648347 1.99
      vertex -26.53598064837739 -0.1954501074940147 1.99
      vertex -26.567471986800733 -0.19668401118088497 1.99
    endloop
  endfacet
  facet normal 0 0 -1
    outer loop
      vertex -26.413841011811435 0.5737231730648347 1.99
      vertex -26.567471986800733 -0.19668401118088497 1.99
      vertex -26.59895072443895 -0.19545060121772195 1.99
    endloop
  endfacet
  facet normal 0 0 -1
    outer loop
      vertex -26.413841011811435 0.5737231730648347 1.99
      vertex -26.59895072443895 -0.19545060121772195 1.99
      vertex -26.630362948306278 -0.19170912859251033 1.99
    endloop
  endfacet
  facet normal 0 0 -1
    outer loop
      vertex -26.413841011811435 0.5737231730648347 1.99
      vertex -26.630362948306278 -0.19170912859251033 1.99
      vertex -26.6612141728206 -0.18552281682963212 1.99
    endloop
  endfacet
  facet normal 0 0 -1
    outer loop
      vertex -26.413841011811435 0.5737231730648347 1.99
      vertex -26.6612141728206 -0.18552281682963212 1.99
      vertex -26.691493703373652 -0.17694808114544713 1.99
    endloop
  endfacet
  facet normal 0 0 -1
    outer loop
      vertex -26.413841011811435 0.5737231730648347 1.99
      vertex -26.691493703373652 -0.17694808114544713 1.99
      vertex -26.721079339239324 -0.1659675680105579 1.99
    endloop
  endfacet
  facet normal 0 0 -1
    outer loop
      vertex -26.413841011811435 0.5737231730648347 1.99
      vertex -26.721079339239324 -0.1659675680105579 1.99
      vertex -26.74959997497119 -0.15274678840150457 1.99
    endloop
  endfacet
  facet normal 0 0 -1
    outer loop
      vertex -26.413841011811435 0.5737231730648347 1.99
      vertex -26.74959997497119 -0.15274678840150457 1.99
      vertex -26.776892129013767 -0.13740158737865826 1.99
    endloop
  endfacet
  facet normal 0 0 -1
    outer loop
      vertex -26.413841011811435 0.5737231730648347 1.99
      vertex -26.776892129013767 -0.13740158737865826 1.99
      vertex -26.802989477656226 -0.11993234289089116 1.99
    endloop
  endfacet
  facet normal 0 0 -1
    outer loop
      vertex -26.413841011811435 0.5737231730648347 1.99
      vertex -26.802989477656226 -0.11993234289089116 1.99
      vertex -26.82756186464259 -0.10051351568398559 1.99
    endloop
  endfacet
  facet normal 0 0 -1
    outer loop
      vertex -26.413841011811435 0.5737231730648347 1.99
      vertex -26.82756186464259 -0.10051351568398559 1.99
      vertex -26.850536894839664 -0.07928946952473126 1.99
    endloop
  endfacet
  facet normal 0 0 -1
    outer loop
      vertex -26.44344178953343 0.5847192836860948 1.99
      vertex -26.413841011811435 0.5737231730648347 1.99
      vertex -26.850536894839664 -0.07928946952473126 1.99
    endloop
  endfacet
  facet normal 0 0 -1
    outer loop
      vertex -26.47376827985891 0.5932997244560418 1.99
      vertex -26.44344178953343 0.5847192836860948 1.99
      vertex -26.850536894839664 -0.07928946952473126 1.99
    endloop
  endfacet
  facet normal 0 0 -1
    outer loop
      vertex -26.504578688137116 0.5994778513105956 1.99
      vertex -26.47376827985891 0.5932997244560418 1.99
      vertex -26.850536894839664 -0.07928946952473126 1.99
    endloop
  endfacet
  facet normal 0 0 -1
    outer loop
      vertex -26.504578688137116 0.5994778513105956 1.99
      vertex -26.850536894839664 -0.07928946952473126 1.99
      vertex -26.871934058756473 -0.05615595700482956 1.99
    endloop
  endfacet
  facet normal 0 0 -1
    outer loop
      vertex -26.504578688137116 0.5994778513105956 1.99
      vertex -26.871934058756473 -0.05615595700482956 1.99
      vertex -26.8912816926478 -0.031613614712064475 1.99
    endloop
  endfacet
  facet normal 0 0 -1
    outer loop
      vertex -26.504578688137116 0.5994778513105956 1.99
      vertex -26.8912816926478 -0.031613614712064475 1.99
      vertex -26.908748591761224 -0.005586076809404261 1.99
    endloop
  endfacet
  facet normal 0 0 -1
    outer loop
      vertex -26.504578688137116 0.5994778513105956 1.99
      vertex -26.908748591761224 -0.005586076809404261 1.99
      vertex -26.924143308566386 0.021841600283131868 1.99
    endloop
  endfacet
  facet normal 0 0 -1
    outer loop
      vertex -26.504578688137116 0.5994778513105956 1.99
      vertex -26.924143308566386 0.021841600283131868 1.99
      vertex -26.937325155708145 0.05027824845826245 1.99
    endloop
  endfacet
  facet normal 0 0 -1
    outer loop
      vertex -26.504578688137116 0.5994778513105956 1.99
      vertex -26.937325155708145 0.05027824845826245 1.99
      vertex -26.94826999076939 0.07976775385292711 1.99
    endloop
  endfacet
  facet normal 0 0 -1
    outer loop
      vertex -26.504578688137116 0.5994778513105956 1.99
      vertex -26.94826999076939 0.07976775385292711 1.99
      vertex -26.95689882243829 0.11014339246895233 1.99
    endloop
  endfacet
  facet normal 0 0 -1
    outer loop
      vertex -26.504578688137116 0.5994778513105956 1.99
      vertex -26.95689882243829 0.11014339246895233 1.99
      vertex -26.963079074321513 0.14109839232896348 1.99
    endloop
  endfacet
  facet normal 0 0 -1
    outer loop
      vertex -26.53598064837739 0.6032213092877257 1.99
      vertex -26.504578688137116 0.5994778513105956 1.99
      vertex -26.963079074321513 0.14109839232896348 1.99
    endloop
  endfacet
  facet normal 0 0 -1
    outer loop
      vertex -26.567471986800733 0.6044552129745995 1.99
      vertex -26.53598064837739 0.6032213092877257 1.99
      vertex -26.963079074321513 0.14109839232896348 1.99
    endloop
  endfacet
  facet normal 0 0 -1
    outer loop
      vertex -26.567471986800733 0.6044552129745995 1.99
      vertex -26.963079074321513 0.14109839232896348 1.99
      vertex -26.96680818891531 0.1724068632586402 1.99
    endloop
  endfacet
  facet normal 0 0 -1
    outer loop
      vertex -26.59895072443895 0.6032218030114329 1.99
      vertex -26.567471986800733 0.6044552129745995 1.99
      vertex -26.96680818891531 0.1724068632586402 1.99
    endloop
  endfacet
  facet normal 0 0 -1
    outer loop
      vertex -26.59895072443895 0.6032218030114329 1.99
      vertex -26.96680818891531 0.1724068632586402 1.99
      vertex -26.96804159887847 0.20388560089685726 1.99
    endloop
  endfacet
  facet normal 0 0 -1
    outer loop
      vertex -26.59895072443895 0.6032218030114329 1.99
      vertex -26.96804159887847 0.20388560089685726 1.99
      vertex -26.96680818891531 0.23536433853507077 1.99
    endloop
  endfacet
  facet normal 0 0 -1
    outer loop
      vertex -26.630362948306278 0.5994803303862213 1.99
      vertex -26.59895072443895 0.6032218030114329 1.99
      vertex -26.96680818891531 0.23536433853507077 1.99
    endloop
  endfacet
  facet normal 0 0 -1
    outer loop
      vertex -26.6612141728206 0.5932940186233431 1.99
      vertex -26.630362948306278 0.5994803303862213 1.99
      vertex -26.96680818891531 0.23536433853507077 1.99
    endloop
  endfacet
  facet normal 0 0 -1
    outer loop
      vertex -26.6612141728206 0.5932940186233431 1.99
      vertex -26.96680818891531 0.23536433853507077 1.99
      vertex -26.963079074321513 0.2666728094647475 1.99
    endloop
  endfacet
  facet normal 0 0 -1
    outer loop
      vertex -26.691493703373652 0.5847192829391581 1.99
      vertex -26.6612141728206 0.5932940186233431 1.99
      vertex -26.963079074321513 0.2666728094647475 1.99
    endloop
  endfacet
  facet normal 0 0 -1
    outer loop
      vertex -26.691493703373652 0.5847192829391581 1.99
      vertex -26.963079074321513 0.2666728094647475 1.99
      vertex -26.95689882243829 0.29762780932475863 1.99
    endloop
  endfacet
  facet normal 0 0 -1
    outer loop
      vertex -26.721079339239324 0.5737387698042689 1.99
      vertex -26.691493703373652 0.5847192829391581 1.99
      vertex -26.95689882243829 0.29762780932475863 1.99
    endloop
  endfacet
  facet normal 0 0 -1
    outer loop
      vertex -26.721079339239324 0.5737387698042689 1.99
      vertex -26.95689882243829 0.29762780932475863 1.99
      vertex -26.94826999076939 0.32800344794078384 1.99
    endloop
  endfacet
  facet normal 0 0 -1
    outer loop
      vertex -26.74959997497119 0.5605179901952155 1.99
      vertex -26.721079339239324 0.5737387698042689 1.99
      vertex -26.94826999076939 0.32800344794078384 1.99
    endloop
  endfacet
  facet normal 0 0 -1
    outer loop
      vertex -26.74959997497119 0.5605179901952155 1.99
      vertex -26.94826999076939 0.32800344794078384 1.99
      vertex -26.937325155708145 0.3574929533354485 1.99
    endloop
  endfacet
  facet normal 0 0 -1
    outer loop
      vertex -26.776892129013767 0.5451727891723728 1.99
      vertex -26.74959997497119 0.5605179901952155 1.99
      vertex -26.937325155708145 0.3574929533354485 1.99
    endloop
  endfacet
  facet normal 0 0 -1
    outer loop
      vertex -26.776892129013767 0.5451727891723728 1.99
      vertex -26.937325155708145 0.3574929533354485 1.99
      vertex -26.924143308566386 0.3859296015105791 1.99
    endloop
  endfacet
  facet normal 0 0 -1
    outer loop
      vertex -26.802989477656226 0.5277035446846021 1.99
      vertex -26.776892129013767 0.5451727891723728 1.99
      vertex -26.924143308566386 0.3859296015105791 1.99
    endloop
  endfacet
  facet normal 0 0 -1
    outer loop
      vertex -26.802989477656226 0.5277035446846021 1.99
      vertex -26.924143308566386 0.3859296015105791 1.99
      vertex -26.908748591761224 0.41335727860311877 1.99
    endloop
  endfacet
  facet normal 0 0 -1
    outer loop
      vertex -26.802989477656226 0.5277035446846021 1.99
      vertex -26.908748591761224 0.41335727860311877 1.99
      vertex -26.8912816926478 0.43938481650577543 1.99
    endloop
  endfacet
  facet normal 0 0 -1
    outer loop
      vertex -26.82756186464259 0.5082847174777001 1.99
      vertex -26.802989477656226 0.5277035446846021 1.99
      vertex -26.8912816926478 0.43938481650577543 1.99
    endloop
  endfacet
  facet normal 0 0 -1
    outer loop
      vertex -26.8912816926478 0.43938481650577543 1.99
      vertex -26.871934058756473 0.46392715879854407 1.99
      vertex -26.850536894839664 0.48706067131844577 1.99
    endloop
  endfacet
  facet normal 0 0 -1
    outer loop
      vertex -26.82756186464259 0.5082847174777001 1.99
      vertex -26.8912816926478 0.43938481650577543 1.99
      vertex -26.850536894839664 0.48706067131844577 1.99
    endloop
  endfacet
  facet normal 0 0 -1
    outer loop
      vertex -29.57982050094039 -0.2019410430506241 1.99
      vertex -29.585204693928283 -0.2290027737733631 1.99
      vertex -29.592809657652786 -0.25576230002323896 1.99
    endloop
  endfacet
  facet normal 0 0 -1
    outer loop
      vertex -29.57982050094039 -0.2019410430506241 1.99
      vertex -29.592809657652786 -0.25576230002323896 1.99
      vertex -29.60234969788137 -0.28141207654607214 1.99
    endloop
  endfacet
  facet normal 0 0 -1
    outer loop
      vertex -29.576557280769663 -0.17467736513917842 1.99
      vertex -29.57982050094039 -0.2019410430506241 1.99
      vertex -29.60234969788137 -0.28141207654607214 1.99
    endloop
  endfacet
  facet normal 0 0 -1
    outer loop
      vertex -29.575461334392305 -0.146995882689005 1.99
      vertex -29.576557280769663 -0.17467736513917842 1.99
      vertex -29.60234969788137 -0.28141207654607214 1.99
    endloop
  endfacet
  facet normal 0 0 -1
    outer loop
      vertex -29.576557280769663 -0.11931440023883155 1.99
      vertex -29.575461334392305 -0.146995882689005 1.99
      vertex -29.60234969788137 -0.28141207654607214 1.99
    endloop
  endfacet
  facet normal 0 0 -1
    outer loop
      vertex -29.57982050094039 -0.09205072232738587 1.99
      vertex -29.576557280769663 -0.11931440023883155 1.99
      vertex -29.60234969788137 -0.28141207654607214 1.99
    endloop
  endfacet
  facet normal 0 0 -1
    outer loop
      vertex -29.585204693928283 -0.06498899160464688 1.99
      vertex -29.57982050094039 -0.09205072232738587 1.99
      vertex -29.60234969788137 -0.28141207654607214 1.99
    endloop
  endfacet
  facet normal 0 0 -1
    outer loop
      vertex -29.592809657652786 -0.03822946535477101 1.99
      vertex -29.585204693928283 -0.06498899160464688 1.99
      vertex -29.60234969788137 -0.28141207654607214 1.99
    endloop
  endfacet
  facet normal 0 0 -1
    outer loop
      vertex -29.60234969788137 -0.01257968883193783 1.99
      vertex -29.592809657652786 -0.03822946535477101 1.99
      vertex -29.60234969788137 -0.28141207654607214 1.99
    endloop
  endfacet
  facet normal 0 0 -1
    outer loop
      vertex -29.60234969788137 -0.01257968883193783 1.99
      vertex -29.60234969788137 -0.28141207654607214 1.99
      vertex -29.61384125240172 -0.306275622337818 1.99
    endloop
  endfacet
  facet normal 0 0 -1
    outer loop
      vertex -29.60234969788137 -0.01257968883193783 1.99
      vertex -29.61384125240172 -0.306275622337818 1.99
      vertex -29.627375554782223 -0.33035613203735537 1.99
    endloop
  endfacet
  facet normal 0 0 -1
    outer loop
      vertex -29.60234969788137 -0.01257968883193783 1.99
      vertex -29.627375554782223 -0.33035613203735537 1.99
      vertex -29.642644356355984 -0.35311989629082063 1.99
    endloop
  endfacet
  facet normal 0 0 -1
    outer loop
      vertex -29.61384125240172 0.012283856959808048 1.99
      vertex -29.60234969788137 -0.01257968883193783 1.99
      vertex -29.642644356355984 -0.35311989629082063 1.99
    endloop
  endfacet
  facet normal 0 0 -1
    outer loop
      vertex -29.627375554782223 0.03636436665934539 1.99
      vertex -29.61384125240172 0.012283856959808048 1.99
      vertex -29.642644356355984 -0.35311989629082063 1.99
    endloop
  endfacet
  facet normal 0 0 -1
    outer loop
      vertex -29.642644356355984 0.05912813091281066 1.99
      vertex -29.627375554782223 0.03636436665934539 1.99
      vertex -29.642644356355984 -0.35311989629082063 1.99
    endloop
  endfacet
  facet normal 0 0 -1
    outer loop
      vertex -29.642644356355984 0.05912813091281066 1.99
      vertex -29.642644356355984 -0.35311989629082063 1.99
      vertex -29.65953866369285 -0.3745239760742223 1.99
    endloop
  endfacet
  facet normal 0 0 -1
    outer loop
      vertex -29.65953866369285 0.0805322106962123 1.99
      vertex -29.642644356355984 0.05912813091281066 1.99
      vertex -29.65953866369285 -0.3745239760742223 1.99
    endloop
  endfacet
  facet normal 0 0 -1
    outer loop
      vertex -29.65953866369285 0.0805322106962123 1.99
      vertex -29.65953866369285 -0.3745239760742223 1.99
      vertex -29.678202205665276 -0.394725338180276 1.99
    endloop
  endfacet
  facet normal 0 0 -1
    outer loop
      vertex -29.65953866369285 0.0805322106962123 1.99
      vertex -29.678202205665276 -0.394725338180276 1.99
      vertex -29.698387944889188 -0.4133717835687776 1.99
    endloop
  endfacet
  facet normal 0 0 -1
    outer loop
      vertex -29.678202205665276 0.10073357280226602 1.99
      vertex -29.65953866369285 0.0805322106962123 1.99
      vertex -29.698387944889188 -0.4133717835687776 1.99
    endloop
  endfacet
  facet normal 0 0 -1
    outer loop
      vertex -29.698387944889188 0.1193800181907676 1.99
      vertex -29.678202205665276 0.10073357280226602 1.99
      vertex -29.698387944889188 -0.4133717835687776 1.99
    endloop
  endfacet
  facet normal 0 0 -1
    outer loop
      vertex -29.698387944889188 0.1193800181907676 1.99
      vertex -29.698387944889188 -0.4133717835687776 1.99
      vertex -29.71978503037787 -0.4302605703127078 1.99
    endloop
  endfacet
  facet normal 0 0 -1
    outer loop
      vertex -29.71978503037787 0.13626880493469784 1.99
      vertex -29.698387944889188 0.1193800181907676 1.99
      vertex -29.71978503037787 -0.4302605703127078 1.99
    endloop
  endfacet
  facet normal 0 0 -1
    outer loop
      vertex -29.71978503037787 0.13626880493469784 1.99
      vertex -29.71978503037787 -0.4302605703127078 1.99
      vertex -29.742613553853065 -0.44557280911577024 1.99
    endloop
  endfacet
  facet normal 0 0 -1
    outer loop
      vertex -29.71978503037787 0.13626880493469784 1.99
      vertex -29.742613553853065 -0.44557280911577024 1.99
      vertex -29.766525787424523 -0.4589929418099885 1.99
    endloop
  endfacet
  facet normal 0 0 -1
    outer loop
      vertex -29.742613553853065 0.15158104373776027 1.99
      vertex -29.71978503037787 0.13626880493469784 1.99
      vertex -29.766525787424523 -0.4589929418099885 1.99
    endloop
  endfacet
  facet normal 0 0 -1
    outer loop
      vertex -29.766525787424523 0.16500117643197854 1.99
      vertex -29.742613553853065 0.15158104373776027 1.99
      vertex -29.766525787424523 -0.4589929418099885 1.99
    endloop
  endfacet
  facet normal 0 0 -1
    outer loop
      vertex -29.766525787424523 0.16500117643197854 1.99
      vertex -29.766525787424523 -0.4589929418099885 1.99
      vertex -29.791430699196184 -0.47055468725980276 1.99
    endloop
  endfacet
  facet normal 0 0 -1
    outer loop
      vertex -29.766525787424523 0.16500117643197854 1.99
      vertex -29.791430699196184 -0.47055468725980276 1.99
      vertex -29.81732775510987 -0.48015141832357244 1.99
    endloop
  endfacet
  facet normal 0 0 -1
    outer loop
      vertex -29.766525787424523 0.16500117643197854 1.99
      vertex -29.81732775510987 -0.48015141832357244 1.99
      vertex -29.843774194051115 -0.48765743563397734 1.99
    endloop
  endfacet
  facet normal 0 0 -1
    outer loop
      vertex -29.766525787424523 0.16500117643197854 1.99
      vertex -29.843774194051115 -0.48765743563397734 1.99
      vertex -29.87095147404817 -0.49310704663983884 1.99
    endloop
  endfacet
  facet normal 0 0 -1
    outer loop
      vertex -29.766525787424523 0.16500117643197854 1.99
      vertex -29.87095147404817 -0.49310704663983884 1.99
      vertex -29.8984088298364 -0.4963539313529033 1.99
    endloop
  endfacet
  facet normal 0 0 -1
    outer loop
      vertex -29.766525787424523 0.16500117643197854 1.99
      vertex -29.8984088298364 -0.4963539313529033 1.99
      vertex -29.913501276438456 -0.49695222589276256 1.99
    endloop
  endfacet
  facet normal 0 0 -1
    outer loop
      vertex -29.791430699196184 0.1765629218817928 1.99
      vertex -29.766525787424523 0.16500117643197854 1.99
      vertex -29.913501276438456 -0.49695222589276256 1.99
    endloop
  endfacet
  facet normal 0 0 -1
    outer loop
      vertex -29.81732775510987 0.18615965294556247 1.99
      vertex -29.791430699196184 0.1765629218817928 1.99
      vertex -29.913501276438456 -0.49695222589276256 1.99
    endloop
  endfacet
  facet normal 0 0 -1
    outer loop
      vertex -29.843774194051115 0.19366567025596737 1.99
      vertex -29.81732775510987 0.18615965294556247 1.99
      vertex -29.913501276438456 -0.49695222589276256 1.99
    endloop
  endfacet
  facet normal 0 0 -1
    outer loop
      vertex -29.87095147404817 0.19911528126182887 1.99
      vertex -29.843774194051115 0.19366567025596737 1.99
      vertex -29.913501276438456 -0.49695222589276256 1.99
    endloop
  endfacet
  facet normal 0 0 -1
    outer loop
      vertex -29.8984088298364 0.20236216597489332 1.99
      vertex -29.87095147404817 0.19911528126182887 1.99
      vertex -29.913501276438456 -0.49695222589276256 1.99
    endloop
  endfacet
  facet normal 0 0 -1
    outer loop
      vertex -29.925902720432152 0.2034520771214332 1.99
      vertex -29.8984088298364 0.20236216597489332 1.99
      vertex -29.913501276438456 -0.49695222589276256 1.99
    endloop
  endfacet
  facet normal 0 0 -1
    outer loop
      vertex -29.95341300026485 0.20236290917472743 1.99
      vertex -29.925902720432152 0.2034520771214332 1.99
      vertex -29.913501276438456 -0.49695222589276256 1.99
    endloop
  endfacet
  facet normal 0 0 -1
    outer loop
      vertex -29.98087663777228 0.19911528126182887 1.99
      vertex -29.95341300026485 0.20236290917472743 1.99
      vertex -29.913501276438456 -0.49695222589276256 1.99
    endloop
  endfacet
  facet normal 0 0 -1
    outer loop
      vertex -30.008096731308324 0.19365708573768003 1.99
      vertex -29.98087663777228 0.19911528126182887 1.99
      vertex -29.913501276438456 -0.49695222589276256 1.99
    endloop
  endfacet
  facet normal 0 0 -1
    outer loop
      vertex -30.034477885185947 0.1861596536924992 1.99
      vertex -30.008096731308324 0.19365708573768003 1.99
      vertex -29.913501276438456 -0.49695222589276256 1.99
    endloop
  endfacet
  facet normal 0 0 -1
    outer loop
      vertex -30.060347063263038 0.17658629645024604 1.99
      vertex -30.034477885185947 0.1861596536924992 1.99
      vertex -29.913501276438456 -0.49695222589276256 1.99
    endloop
  endfacet
  facet normal 0 0 -1
    outer loop
      vertex -30.085373048636626 0.1649683441788028 1.99
      vertex -30.060347063263038 0.17658629645024604 1.99
      vertex -29.913501276438456 -0.49695222589276256 1.99
    endloop
  endfacet
  facet normal 0 0 -1
    outer loop
      vertex -30.109269293328037 0.15153760650845882 1.99
      vertex -30.085373048636626 0.1649683441788028 1.99
      vertex -29.913501276438456 -0.49695222589276256 1.99
    endloop
  endfacet
  facet normal 0 0 -1
    outer loop
      vertex -30.13195119878811 0.13632371134334775 1.99
      vertex -30.109269293328037 0.15153760650845882 1.99
      vertex -29.913501276438456 -0.49695222589276256 1.99
    endloop
  endfacet
  facet normal 0 0 -1
    outer loop
      vertex -30.15336776059405 0.11944690318810558 1.99
      vertex -30.13195119878811 0.13632371134334775 1.99
      vertex -29.913501276438456 -0.49695222589276256 1.99
    endloop
  endfacet
  facet normal 0 0 -1
    outer loop
      vertex -30.173625900179697 0.10073357877774214 1.99
      vertex -30.15336776059405 0.11944690318810558 1.99
      vertex -29.913501276438456 -0.49695222589276256 1.99
    endloop
  endfacet
  facet normal 0 0 -1
    outer loop
      vertex -30.192289450368403 0.0805322106962123 1.99
      vertex -30.173625900179697 0.10073357877774214 1.99
      vertex -29.913501276438456 -0.49695222589276256 1.99
    endloop
  endfacet
  facet normal 0 0 -1
    outer loop
      vertex -30.209265736755118 0.0590242651880466 1.99
      vertex -30.192289450368403 0.0805322106962123 1.99
      vertex -29.913501276438456 -0.49695222589276256 1.99
    endloop
  endfacet
  facet normal 0 0 -1
    outer loop
      vertex -30.22450736709233 0.036249014575741256 1.99
      vertex -30.209265736755118 0.0590242651880466 1.99
      vertex -29.913501276438456 -0.49695222589276256 1.99
    endloop
  endfacet
  facet normal 0 0 -1
    outer loop
      vertex -30.237906088161978 0.012409730362875848 1.99
      vertex -30.22450736709233 0.036249014575741256 1.99
      vertex -29.913501276438456 -0.49695222589276256 1.99
    endloop
  endfacet
  facet normal 0 0 -1
    outer loop
      vertex -30.24949112601745 -0.012580351362846187 1.99
      vertex -30.237906088161978 0.012409730362875848 1.99
      vertex -29.913501276438456 -0.49695222589276256 1.99
    endloop
  endfacet
  facet normal 0 0 -1
    outer loop
      vertex -30.259049404892817 -0.03837364911033703 1.99
      vertex -30.24949112601745 -0.012580351362846187 1.99
      vertex -29.913501276438456 -0.49695222589276256 1.99
    endloop
  endfacet
  facet normal 0 0 -1
    outer loop
      vertex -30.266570589455313 -0.06483837226137013 1.99
      vertex -30.259049404892817 -0.03837364911033703 1.99
      vertex -29.913501276438456 -0.49695222589276256 1.99
    endloop
  endfacet
  facet normal 0 0 -1
    outer loop
      vertex -30.272020204195844 -0.0920510569540447 1.99
      vertex -30.266570589455313 -0.06483837226137013 1.99
      vertex -29.913501276438456 -0.49695222589276256 1.99
    endloop
  endfacet
  facet normal 0 0 -1
    outer loop
      vertex -30.27526709264358 -0.11947315295194727 1.99
      vertex -30.272020204195844 -0.0920510569540447 1.99
      vertex -29.913501276438456 -0.49695222589276256 1.99
    endloop
  endfacet
  facet normal 0 0 -1
    outer loop
      vertex -30.276356753567065 -0.146995882689005 1.99
      vertex -30.27526709264358 -0.11947315295194727 1.99
      vertex -29.913501276438456 -0.49695222589276256 1.99
    endloop
  endfacet
  facet normal 0 0 -1
    outer loop
      vertex -30.27526709264358 -0.1745186124260627 1.99
      vertex -30.276356753567065 -0.146995882689005 1.99
      vertex -29.913501276438456 -0.49695222589276256 1.99
    endloop
  endfacet
  facet normal 0 0 -1
    outer loop
      vertex -30.272020204195844 -0.20194070842396528 1.99
      vertex -30.27526709264358 -0.1745186124260627 1.99
      vertex -29.913501276438456 -0.49695222589276256 1.99
    endloop
  endfacet
  facet normal 0 0 -1
    outer loop
      vertex -30.266570589455313 -0.22915339311663985 1.99
      vertex -30.272020204195844 -0.20194070842396528 1.99
      vertex -29.913501276438456 -0.49695222589276256 1.99
    endloop
  endfacet
  facet normal 0 0 -1
    outer loop
      vertex -30.259049404892817 -0.25561811626767295 1.99
      vertex -30.266570589455313 -0.22915339311663985 1.99
      vertex -29.913501276438456 -0.49695222589276256 1.99
    endloop
  endfacet
  facet normal 0 0 -1
    outer loop
      vertex -30.24949112601745 -0.2814114140151638 1.99
      vertex -30.259049404892817 -0.25561811626767295 1.99
      vertex -29.913501276438456 -0.49695222589276256 1.99
    endloop
  endfacet
  facet normal 0 0 -1
    outer loop
      vertex -30.237906088161978 -0.3064014957408858 1.99
      vertex -30.24949112601745 -0.2814114140151638 1.99
      vertex -29.913501276438456 -0.49695222589276256 1.99
    endloop
  endfacet
  facet normal 0 0 -1
    outer loop
      vertex -30.22450736709233 -0.33024077995375123 1.99
      vertex -30.237906088161978 -0.3064014957408858 1.99
      vertex -29.913501276438456 -0.49695222589276256 1.99
    endloop
  endfacet
  facet normal 0 0 -1
    outer loop
      vertex -30.209265736755118 -0.35301603056605657 1.99
      vertex -30.22450736709233 -0.33024077995375123 1.99
      vertex -29.913501276438456 -0.49695222589276256 1.99
    endloop
  endfacet
  facet normal 0 0 -1
    outer loop
      vertex -30.192289450368403 -0.3745239760742223 1.99
      vertex -30.209265736755118 -0.35301603056605657 1.99
      vertex -29.913501276438456 -0.49695222589276256 1.99
    endloop
  endfacet
  facet normal 0 0 -1
    outer loop
      vertex -30.173625900179697 -0.3947253441557521 1.99
      vertex -30.192289450368403 -0.3745239760742223 1.99
      vertex -29.913501276438456 -0.49695222589276256 1.99
    endloop
  endfacet
  facet normal 0 0 -1
    outer loop
      vertex -30.169723291373355 -0.3983303548343322 1.99
      vertex -30.173625900179697 -0.3947253441557521 1.99
      vertex -29.913501276438456 -0.49695222589276256 1.99
    endloop
  endfacet
  facet normal 0 0 -1
    outer loop
      vertex -30.169723291373355 -0.3983303548343322 1.99
      vertex -29.913501276438456 -0.49695222589276256 1.99
      vertex -29.893434834606214 -0.5155107839794688 1.99
    endloop
  endfacet
  facet normal 0 0 -1
    outer loop
      vertex -30.169723291373355 -0.3983303548343322 1.99
      vertex -29.893434834606214 -0.5155107839794688 1.99
      vertex -29.872143215522943 -0.5385301865678471 1.99
    endloop
  endfacet
  facet normal 0 0 -1
    outer loop
      vertex -30.169723291373355 -0.3983303548343322 1.99
      vertex -29.872143215522943 -0.5385301865678471 1.99
      vertex -29.852720749251127 -0.563133749106651 1.99
    endloop
  endfacet
  facet normal 0 0 -1
    outer loop
      vertex -30.169723291373355 -0.3983303548343322 1.99
      vertex -29.852720749251127 -0.563133749106651 1.99
      vertex -29.83528044847549 -0.5891612698298161 1.99
    endloop
  endfacet
  facet normal 0 0 -1
    outer loop
      vertex -30.169723291373355 -0.3983303548343322 1.99
      vertex -29.83528044847549 -0.5891612698298161 1.99
      vertex -29.819906284320215 -0.6165049391983892 1.99
    endloop
  endfacet
  facet normal 0 0 -1
    outer loop
      vertex -30.169723291373355 -0.3983303548343322 1.99
      vertex -29.819906284320215 -0.6165049391983892 1.99
      vertex -29.80664350159611 -0.6451161855552634 1.99
    endloop
  endfacet
  facet normal 0 0 -1
    outer loop
      vertex -30.169723291373355 -0.3983303548343322 1.99
      vertex -29.80664350159611 -0.6451161855552634 1.99
      vertex -29.795723404258794 -0.6746111488003663 1.99
    endloop
  endfacet
  facet normal 0 0 -1
    outer loop
      vertex -30.169723291373355 -0.3983303548343322 1.99
      vertex -29.795723404258794 -0.6746111488003663 1.99
      vertex -29.787150416401357 -0.7047902039643787 1.99
    endloop
  endfacet
  facet normal 0 0 -1
    outer loop
      vertex -30.169723291373355 -0.3983303548343322 1.99
      vertex -29.787150416401357 -0.7047902039643787 1.99
      vertex -29.78092314723174 -0.7358456836950324 1.99
    endloop
  endfacet
  facet normal 0 0 -1
    outer loop
      vertex -30.169723291373355 -0.3983303548343322 1.99
      vertex -29.78092314723174 -0.7358456836950324 1.99
      vertex -29.777220858043812 -0.7671541620940552 1.99
    endloop
  endfacet
  facet normal 0 0 -1
    outer loop
      vertex -30.169723291373355 -0.3983303548343322 1.99
      vertex -29.777220858043812 -0.7671541620940552 1.99
      vertex -29.775960636119596 -0.7986329236341732 1.99
    endloop
  endfacet
  facet normal 0 0 -1
    outer loop
      vertex -30.169723291373355 -0.3983303548343322 1.99
      vertex -29.775960636119596 -0.7986329236341732 1.99
      vertex -29.777220858043812 -0.8301116851742947 1.99
    endloop
  endfacet
  facet normal 0 0 -1
    outer loop
      vertex -30.169723291373355 -0.3983303548343322 1.99
      vertex -29.777220858043812 -0.8301116851742947 1.99
      vertex -29.78092314723174 -0.8614201635733174 1.99
    endloop
  endfacet
  facet normal 0 0 -1
    outer loop
      vertex -30.169723291373355 -0.3983303548343322 1.99
      vertex -29.78092314723174 -0.8614201635733174 1.99
      vertex -29.787150416401357 -0.8924756433039711 1.99
    endloop
  endfacet
  facet normal 0 0 -1
    outer loop
      vertex -30.169723291373355 -0.3983303548343322 1.99
      vertex -29.787150416401357 -0.8924756433039711 1.99
      vertex -29.795723404258794 -0.9226546984679835 1.99
    endloop
  endfacet
  facet normal 0 0 -1
    outer loop
      vertex -30.169723291373355 -0.3983303548343322 1.99
      vertex -29.795723404258794 -0.9226546984679835 1.99
      vertex -29.80664350159611 -0.9521496617130865 1.99
    endloop
  endfacet
  facet normal 0 0 -1
    outer loop
      vertex -30.169723291373355 -0.3983303548343322 1.99
      vertex -29.80664350159611 -0.9521496617130865 1.99
      vertex -29.819906284320215 -0.9807609080699606 1.99
    endloop
  endfacet
  facet normal 0 0 -1
    outer loop
      vertex -30.169723291373355 -0.3983303548343322 1.99
      vertex -29.819906284320215 -0.9807609080699606 1.99
      vertex -29.83528044847549 -1.0081045774385338 1.99
    endloop
  endfacet
  facet normal 0 0 -1
    outer loop
      vertex -30.169723291373355 -0.3983303548343322 1.99
      vertex -29.83528044847549 -1.0081045774385338 1.99
      vertex -29.852720749251127 -1.0341320981616988 1.99
    endloop
  endfacet
  facet normal 0 0 -1
    outer loop
      vertex -30.169723291373355 -0.3983303548343322 1.99
      vertex -29.852720749251127 -1.0341320981616988 1.99
      vertex -29.872143215522943 -1.0587356607005027 1.99
    endloop
  endfacet
  facet normal 0 0 -1
    outer loop
      vertex -30.169723291373355 -0.3983303548343322 1.99
      vertex -29.872143215522943 -1.0587356607005027 1.99
      vertex -29.893434834606214 -1.081755063288881 1.99
    endloop
  endfacet
  facet normal 0 0 -1
    outer loop
      vertex -30.169723291373355 -0.3983303548343322 1.99
      vertex -29.893434834606214 -1.081755063288881 1.99
      vertex -29.916440533934136 -1.1030320110845722 1.99
    endloop
  endfacet
  facet normal 0 0 -1
    outer loop
      vertex -30.169723291373355 -0.3983303548343322 1.99
      vertex -29.916440533934136 -1.1030320110845722 1.99
      vertex -29.94108588447085 -1.12248746571888 1.99
    endloop
  endfacet
  facet normal 0 0 -1
    outer loop
      vertex -30.169723291373355 -0.3983303548343322 1.99
      vertex -29.94108588447085 -1.12248746571888 1.99
      vertex -29.967128553772746 -1.1399201096688856 1.99
    endloop
  endfacet
  facet normal 0 0 -1
    outer loop
      vertex -30.169723291373355 -0.3983303548343322 1.99
      vertex -29.967128553772746 -1.1399201096688856 1.99
      vertex -29.99442071155 -1.155265312932535 1.99
    endloop
  endfacet
  facet normal 0 0 -1
    outer loop
      vertex -30.169723291373355 -0.3983303548343322 1.99
      vertex -29.99442071155 -1.155265312932535 1.99
      vertex -30.02290770012314 -1.1684704958021541 1.99
    endloop
  endfacet
  facet normal 0 0 -1
    outer loop
      vertex -30.169723291373355 -0.3983303548343322 1.99
      vertex -30.02290770012314 -1.1684704958021541 1.99
      vertex -30.052508477845137 -1.1794666064234107 1.99
    endloop
  endfacet
  facet normal 0 0 -1
    outer loop
      vertex -30.169723291373355 -0.3983303548343322 1.99
      vertex -30.052508477845137 -1.1794666064234107 1.99
      vertex -30.082834968170623 -1.1880470471933613 1.99
    endloop
  endfacet
  facet normal 0 0 -1
    outer loop
      vertex -30.169723291373355 -0.3983303548343322 1.99
      vertex -30.082834968170623 -1.1880470471933613 1.99
      vertex -30.113645376448826 -1.1942251740479115 1.99
    endloop
  endfacet
  facet normal 0 0 -1
    outer loop
      vertex -30.169723291373355 -0.3983303548343322 1.99
      vertex -30.113645376448826 -1.1942251740479115 1.99
      vertex -30.1450473366891 -1.197968632025045 1.99
    endloop
  endfacet
  facet normal 0 0 -1
    outer loop
      vertex -30.169723291373355 -0.3983303548343322 1.99
      vertex -30.1450473366891 -1.197968632025045 1.99
      vertex -30.176538675112443 -1.199202535711919 1.99
    endloop
  endfacet
  facet normal 0 0 -1
    outer loop
      vertex -30.176538675112443 -0.39806331155643093 1.99
      vertex -30.169723291373355 -0.3983303548343322 1.99
      vertex -30.176538675112443 -1.199202535711919 1.99
    endloop
  endfacet
  facet normal 0 0 -1
    outer loop
      vertex -30.176538675112443 -0.39806331155643093 1.99
      vertex -30.176538675112443 -1.199202535711919 1.99
      vertex -30.20801741275066 -1.1979691257487524 1.99
    endloop
  endfacet
  facet normal 0 0 -1
    outer loop
      vertex -30.20801741275066 -0.3992967215195975 1.99
      vertex -30.176538675112443 -0.39806331155643093 1.99
      vertex -30.20801741275066 -1.1979691257487524 1.99
    endloop
  endfacet
  facet normal 0 0 -1
    outer loop
      vertex -30.20801741275066 -0.3992967215195975 1.99
      vertex -30.20801741275066 -1.1979691257487524 1.99
      vertex -30.239429636617988 -1.1942276531235407 1.99
    endloop
  endfacet
  facet normal 0 0 -1
    outer loop
      vertex -30.20801741275066 -0.3992967215195975 1.99
      vertex -30.239429636617988 -1.1942276531235407 1.99
      vertex -30.27028086113231 -1.1880413413606625 1.99
    endloop
  endfacet
  facet normal 0 0 -1
    outer loop
      vertex -30.20801741275066 -0.3992967215195975 1.99
      vertex -30.27028086113231 -1.1880413413606625 1.99
      vertex -30.30056039168536 -1.1794666056764775 1.99
    endloop
  endfacet
  facet normal 0 0 -1
    outer loop
      vertex -30.20801741275066 -0.3992967215195975 1.99
      vertex -30.30056039168536 -1.1794666056764775 1.99
      vertex -30.330146027551034 -1.1684860925415883 1.99
    endloop
  endfacet
  facet normal 0 0 -1
    outer loop
      vertex -30.20801741275066 -0.3992967215195975 1.99
      vertex -30.330146027551034 -1.1684860925415883 1.99
      vertex -30.3586666632829 -1.155265312932535 1.99
    endloop
  endfacet
  facet normal 0 0 -1
    outer loop
      vertex -30.20801741275066 -0.3992967215195975 1.99
      vertex -30.3586666632829 -1.155265312932535 1.99
      vertex -30.38595881732548 -1.1399201119096887 1.99
    endloop
  endfacet
  facet normal 0 0 -1
    outer loop
      vertex -30.20801741275066 -0.3992967215195975 1.99
      vertex -30.38595881732548 -1.1399201119096887 1.99
      vertex -30.41205616596794 -1.1224508674219216 1.99
    endloop
  endfacet
  facet normal 0 0 -1
    outer loop
      vertex -30.20801741275066 -0.3992967215195975 1.99
      vertex -30.41205616596794 -1.1224508674219216 1.99
      vertex -30.436628552954303 -1.1030320402150195 1.99
    endloop
  endfacet
  facet normal 0 0 -1
    outer loop
      vertex -30.20801741275066 -0.3992967215195975 1.99
      vertex -30.436628552954303 -1.1030320402150195 1.99
      vertex -30.459603583151377 -1.0818079940557652 1.99
    endloop
  endfacet
  facet normal 0 0 -1
    outer loop
      vertex -30.239429636617988 -0.4030381941448091 1.99
      vertex -30.20801741275066 -0.3992967215195975 1.99
      vertex -30.459603583151377 -1.0818079940557652 1.99
    endloop
  endfacet
  facet normal 0 0 -1
    outer loop
      vertex -30.27028086113231 -0.40922450590768733 1.99
      vertex -30.239429636617988 -0.4030381941448091 1.99
      vertex -30.459603583151377 -1.0818079940557652 1.99
    endloop
  endfacet
  facet normal 0 0 -1
    outer loop
      vertex -30.30056039168536 -0.4177992415918723 1.99
      vertex -30.27028086113231 -0.40922450590768733 1.99
      vertex -30.459603583151377 -1.0818079940557652 1.99
    endloop
  endfacet
  facet normal 0 0 -1
    outer loop
      vertex -30.330146027551034 -0.42877975472676155 1.99
      vertex -30.30056039168536 -0.4177992415918723 1.99
      vertex -30.459603583151377 -1.0818079940557652 1.99
    endloop
  endfacet
  facet normal 0 0 -1
    outer loop
      vertex -30.3586666632829 -0.4420005343358149 1.99
      vertex -30.330146027551034 -0.42877975472676155 1.99
      vertex -30.459603583151377 -1.0818079940557652 1.99
    endloop
  endfacet
  facet normal 0 0 -1
    outer loop
      vertex -30.38595881732548 -0.4573457353586612 1.99
      vertex -30.3586666632829 -0.4420005343358149 1.99
      vertex -30.459603583151377 -1.0818079940557652 1.99
    endloop
  endfacet
  facet normal 0 0 -1
    outer loop
      vertex -30.41205616596794 -0.4748149798464283 1.99
      vertex -30.38595881732548 -0.4573457353586612 1.99
      vertex -30.459603583151377 -1.0818079940557652 1.99
    endloop
  endfacet
  facet normal 0 0 -1
    outer loop
      vertex -30.436628552954303 -0.4942338070533303 1.99
      vertex -30.41205616596794 -0.4748149798464283 1.99
      vertex -30.459603583151377 -1.0818079940557652 1.99
    endloop
  endfacet
  facet normal 0 0 -1
    outer loop
      vertex -30.459603583151377 -0.5154578532125846 1.99
      vertex -30.436628552954303 -0.4942338070533303 1.99
      vertex -30.459603583151377 -1.0818079940557652 1.99
    endloop
  endfacet
  facet normal 0 0 -1
    outer loop
      vertex -30.459603583151377 -0.5154578532125846 1.99
      vertex -30.459603583151377 -1.0818079940557652 1.99
      vertex -30.481000747068183 -1.05867448153586 1.99
    endloop
  endfacet
  facet normal 0 0 -1
    outer loop
      vertex -30.459603583151377 -0.5154578532125846 1.99
      vertex -30.481000747068183 -1.05867448153586 1.99
      vertex -30.500348380959515 -1.0341321392430949 1.99
    endloop
  endfacet
  facet normal 0 0 -1
    outer loop
      vertex -30.459603583151377 -0.5154578532125846 1.99
      vertex -30.500348380959515 -1.0341321392430949 1.99
      vertex -30.517815280072934 -1.0081046013404347 1.99
    endloop
  endfacet
  facet normal 0 0 -1
    outer loop
      vertex -30.481000747068183 -0.5385913657324863 1.99
      vertex -30.459603583151377 -0.5154578532125846 1.99
      vertex -30.517815280072934 -1.0081046013404347 1.99
    endloop
  endfacet
  facet normal 0 0 -1
    outer loop
      vertex -30.500348380959515 -0.563133708025255 1.99
      vertex -30.481000747068183 -0.5385913657324863 1.99
      vertex -30.517815280072934 -1.0081046013404347 1.99
    endloop
  endfacet
  facet normal 0 0 -1
    outer loop
      vertex -30.500348380959515 -0.563133708025255 1.99
      vertex -30.517815280072934 -1.0081046013404347 1.99
      vertex -30.533209996878092 -0.9806769242478985 1.99
    endloop
  endfacet
  facet normal 0 0 -1
    outer loop
      vertex -30.517815280072934 -0.5891612459279152 1.99
      vertex -30.500348380959515 -0.563133708025255 1.99
      vertex -30.533209996878092 -0.9806769242478985 1.99
    endloop
  endfacet
  facet normal 0 0 -1
    outer loop
      vertex -30.517815280072934 -0.5891612459279152 1.99
      vertex -30.533209996878092 -0.9806769242478985 1.99
      vertex -30.54639184401986 -0.952240276072768 1.99
    endloop
  endfacet
  facet normal 0 0 -1
    outer loop
      vertex -30.533209996878092 -0.6165889230204513 1.99
      vertex -30.517815280072934 -0.5891612459279152 1.99
      vertex -30.54639184401986 -0.952240276072768 1.99
    endloop
  endfacet
  facet normal 0 0 -1
    outer loop
      vertex -30.54639184401986 -0.6450255711955819 1.99
      vertex -30.533209996878092 -0.6165889230204513 1.99
      vertex -30.54639184401986 -0.952240276072768 1.99
    endloop
  endfacet
  facet normal 0 0 -1
    outer loop
      vertex -30.54639184401986 -0.6450255711955819 1.99
      vertex -30.54639184401986 -0.952240276072768 1.99
      vertex -30.5573366790811 -0.9227507706781033 1.99
    endloop
  endfacet
  facet normal 0 0 -1
    outer loop
      vertex -30.5573366790811 -0.6745150765902466 1.99
      vertex -30.54639184401986 -0.6450255711955819 1.99
      vertex -30.5573366790811 -0.9227507706781033 1.99
    endloop
  endfacet
  facet normal 0 0 -1
    outer loop
      vertex -30.5573366790811 -0.6745150765902466 1.99
      vertex -30.5573366790811 -0.9227507706781033 1.99
      vertex -30.565965510749997 -0.8923751320620781 1.99
    endloop
  endfacet
  facet normal 0 0 -1
    outer loop
      vertex -30.5573366790811 -0.6745150765902466 1.99
      vertex -30.565965510749997 -0.8923751320620781 1.99
      vertex -30.572145762633223 -0.8614201322020669 1.99
    endloop
  endfacet
  facet normal 0 0 -1
    outer loop
      vertex -30.565965510749997 -0.7048907152062718 1.99
      vertex -30.5573366790811 -0.6745150765902466 1.99
      vertex -30.572145762633223 -0.8614201322020669 1.99
    endloop
  endfacet
  facet normal 0 0 -1
    outer loop
      vertex -30.565965510749997 -0.7048907152062718 1.99
      vertex -30.572145762633223 -0.8614201322020669 1.99
      vertex -30.575874877227022 -0.8301116612723902 1.99
    endloop
  endfacet
  facet normal 0 0 -1
    outer loop
      vertex -30.572145762633223 -0.7358457150662829 1.99
      vertex -30.565965510749997 -0.7048907152062718 1.99
      vertex -30.575874877227022 -0.8301116612723902 1.99
    endloop
  endfacet
  facet normal 0 0 -1
    outer loop
      vertex -30.577108287190185 -0.7986329236341732 1.99
      vertex -30.575874877227022 -0.7671541859959596 1.99
      vertex -30.572145762633223 -0.7358457150662829 1.99
    endloop
  endfacet
  facet normal 0 0 -1
    outer loop
      vertex -30.577108287190185 -0.7986329236341732 1.99
      vertex -30.572145762633223 -0.7358457150662829 1.99
      vertex -30.575874877227022 -0.8301116612723902 1.99
    endloop
  endfacet
  facet normal 0 0 -1
    outer loop
      vertex -26.472374276736005 -0.6027330264942243 1.99
      vertex -26.478343583110522 -0.629809794502453 1.99
      vertex -26.486683366810958 -0.6563149716263688 1.99
    endloop
  endfacet
  facet normal 0 0 -1
    outer loop
      vertex -26.472374276736005 -0.6027330264942243 1.99
      vertex -26.486683366810958 -0.6563149716263688 1.99
      vertex -26.49724898695782 -0.6818247569370257 1.99
    endloop
  endfacet
  facet normal 0 0 -1
    outer loop
      vertex -26.46883805125615 -0.5756219644819893 1.99
      vertex -26.472374276736005 -0.6027330264942243 1.99
      vertex -26.49724898695782 -0.6818247569370257 1.99
    endloop
  endfacet
  facet normal 0 0 -1
    outer loop
      vertex -26.46883805125615 -0.5756219644819893 1.99
      vertex -26.49724898695782 -0.6818247569370257 1.99
      vertex -26.50989295909197 -0.70616558899777 1.99
    endloop
  endfacet
  facet normal 0 0 -1
    outer loop
      vertex -26.46883805125615 -0.5756219644819893 1.99
      vertex -26.50989295909197 -0.70616558899777 1.99
      vertex -26.524414212178876 -0.7290447322244837 1.99
    endloop
  endfacet
  facet normal 0 0 -1
    outer loop
      vertex -26.467641430058244 -0.5489741139040802 1.99
      vertex -26.46883805125615 -0.5756219644819893 1.99
      vertex -26.524414212178876 -0.7290447322244837 1.99
    endloop
  endfacet
  facet normal 0 0 -1
    outer loop
      vertex -26.467641430058244 -0.5489741139040802 1.99
      vertex -26.524414212178876 -0.7290447322244837 1.99
      vertex -26.542329927804808 -0.7526494737737046 1.99
    endloop
  endfacet
  facet normal 0 0 -1
    outer loop
      vertex -26.468658527041335 -0.5215826003926196 1.99
      vertex -26.467641430058244 -0.5489741139040802 1.99
      vertex -26.542329927804808 -0.7526494737737046 1.99
    endloop
  endfacet
  facet normal 0 0 -1
    outer loop
      vertex -26.4715993904462 -0.4953514705514692 1.99
      vertex -26.468658527041335 -0.5215826003926196 1.99
      vertex -26.542329927804808 -0.7526494737737046 1.99
    endloop
  endfacet
  facet normal 0 0 -1
    outer loop
      vertex -26.4715993904462 -0.4953514705514692 1.99
      vertex -26.542329927804808 -0.7526494737737046 1.99
      vertex -26.561552726532035 -0.7742636273932462 1.99
    endloop
  endfacet
  facet normal 0 0 -1
    outer loop
      vertex -26.47647074567115 -0.4694047352768109 1.99
      vertex -26.4715993904462 -0.4953514705514692 1.99
      vertex -26.561552726532035 -0.7742636273932462 1.99
    endloop
  endfacet
  facet normal 0 0 -1
    outer loop
      vertex -26.47647074567115 -0.4694047352768109 1.99
      vertex -26.561552726532035 -0.7742636273932462 1.99
      vertex -26.582438176075385 -0.7943505135698707 1.99
    endloop
  endfacet
  facet normal 0 0 -1
    outer loop
      vertex -26.483218442205235 -0.4440589073189152 1.99
      vertex -26.47647074567115 -0.4694047352768109 1.99
      vertex -26.582438176075385 -0.7943505135698707 1.99
    endloop
  endfacet
  facet normal 0 0 -1
    outer loop
      vertex -26.491885949395957 -0.418974118779353 1.99
      vertex -26.483218442205235 -0.4440589073189152 1.99
      vertex -26.582438176075385 -0.7943505135698707 1.99
    endloop
  endfacet
  facet normal 0 0 -1
    outer loop
      vertex -26.50259763930802 -0.3943163653951558 1.99
      vertex -26.491885949395957 -0.418974118779353 1.99
      vertex -26.582438176075385 -0.7943505135698707 1.99
    endloop
  endfacet
  facet normal 0 0 -1
    outer loop
      vertex -26.50259763930802 -0.3943163653951558 1.99
      vertex -26.582438176075385 -0.7943505135698707 1.99
      vertex -26.604892773679445 -0.8128008625076575 1.99
    endloop
  endfacet
  facet normal 0 0 -1
    outer loop
      vertex -26.51514108600852 -0.3705535015455368 1.99
      vertex -26.50259763930802 -0.3943163653951558 1.99
      vertex -26.604892773679445 -0.8128008625076575 1.99
    endloop
  endfacet
  facet normal 0 0 -1
    outer loop
      vertex -26.529578229788363 -0.3476713332340715 1.99
      vertex -26.51514108600852 -0.3705535015455368 1.99
      vertex -26.604892773679445 -0.8128008625076575 1.99
    endloop
  endfacet
  facet normal 0 0 -1
    outer loop
      vertex -26.529578229788363 -0.3476713332340715 1.99
      vertex -26.604892773679445 -0.8128008625076575 1.99
      vertex -26.62886595785359 -0.8295263394910428 1.99
    endloop
  endfacet
  facet normal 0 0 -1
    outer loop
      vertex -26.545623636348225 -0.32612663033189904 1.99
      vertex -26.529578229788363 -0.3476713332340715 1.99
      vertex -26.62886595785359 -0.8295263394910428 1.99
    endloop
  endfacet
  facet normal 0 0 -1
    outer loop
      vertex -26.5634740855839 -0.3056003763642714 1.99
      vertex -26.545623636348225 -0.32612663033189904 1.99
      vertex -26.62886595785359 -0.8295263394910428 1.99
    endloop
  endfacet
  facet normal 0 0 -1
    outer loop
      vertex -26.582984129926622 -0.2864884944235513 1.99
      vertex -26.5634740855839 -0.3056003763642714 1.99
      vertex -26.62886595785359 -0.8295263394910428 1.99
    endloop
  endfacet
  facet normal 0 0 -1
    outer loop
      vertex -26.60375849985175 -0.26909265716523123 1.99
      vertex -26.582984129926622 -0.2864884944235513 1.99
      vertex -26.62886595785359 -0.8295263394910428 1.99
    endloop
  endfacet
  facet normal 0 0 -1
    outer loop
      vertex -26.626095104958722 -0.25318463352224896 1.99
      vertex -26.60375849985175 -0.26909265716523123 1.99
      vertex -26.62886595785359 -0.8295263394910428 1.99
    endloop
  endfacet
  facet normal 0 0 -1
    outer loop
      vertex -26.64976728647762 -0.23904708143836828 1.99
      vertex -26.626095104958722 -0.25318463352224896 1.99
      vertex -26.62886595785359 -0.8295263394910428 1.99
    endloop
  endfacet
  facet normal 0 0 -1
    outer loop
      vertex -26.674499124560867 -0.2268275055399691 1.99
      vertex -26.64976728647762 -0.23904708143836828 1.99
      vertex -26.62886595785359 -0.8295263394910428 1.99
    endloop
  endfacet
  facet normal 0 0 -1
    outer loop
      vertex -26.700457385781895 -0.21651221302367674 1.99
      vertex -26.674499124560867 -0.2268275055399691 1.99
      vertex -26.62886595785359 -0.8295263394910428 1.99
    endloop
  endfacet
  facet normal 0 0 -1
    outer loop
      vertex -26.727706576151654 -0.20823738947035508 1.99
      vertex -26.700457385781895 -0.21651221302367674 1.99
      vertex -26.62886595785359 -0.8295263394910428 1.99
    endloop
  endfacet
  facet normal 0 0 -1
    outer loop
      vertex -26.75558215252113 -0.20229985246121274 1.99
      vertex -26.727706576151654 -0.20823738947035508 1.99
      vertex -26.62886595785359 -0.8295263394910428 1.99
    endloop
  endfacet
  facet normal 0 0 -1
    outer loop
      vertex -26.783768542530595 -0.19872368017700381 1.99
      vertex -26.75558215252113 -0.20229985246121274 1.99
      vertex -26.62886595785359 -0.8295263394910428 1.99
    endloop
  endfacet
  facet normal 0 0 -1
    outer loop
      vertex -26.811472717598015 -0.19756152925964798 1.99
      vertex -26.783768542530595 -0.19872368017700381 1.99
      vertex -26.62886595785359 -0.8295263394910428 1.99
    endloop
  endfacet
  facet normal 0 0 -1
    outer loop
      vertex -26.83830958966299 -0.198533879637246 1.99
      vertex -26.811472717598015 -0.19756152925964798 1.99
      vertex -26.62886595785359 -0.8295263394910428 1.99
    endloop
  endfacet
  facet normal 0 0 -1
    outer loop
      vertex -26.83830958966299 -0.198533879637246 1.99
      vertex -26.62886595785359 -0.8295263394910428 1.99
      vertex -26.65798796474855 -0.8465793278353146 1.99
    endloop
  endfacet
  facet normal 0 0 -1
    outer loop
      vertex -26.86440432478161 -0.20132069526945529 1.99
      vertex -26.83830958966299 -0.198533879637246 1.99
      vertex -26.65798796474855 -0.8465793278353146 1.99
    endloop
  endfacet
  facet normal 0 0 -1
    outer loop
      vertex -26.890238786836704 -0.2060121087431952 1.99
      vertex -26.86440432478161 -0.20132069526945529 1.99
      vertex -26.65798796474855 -0.8465793278353146 1.99
    endloop
  endfacet
  facet normal 0 0 -1
    outer loop
      vertex -26.915508333361167 -0.21246323717220506 1.99
      vertex -26.890238786836704 -0.2060121087431952 1.99
      vertex -26.65798796474855 -0.8465793278353146 1.99
    endloop
  endfacet
  facet normal 0 0 -1
    outer loop
      vertex -26.940376845520447 -0.2207527402293863 1.99
      vertex -26.915508333361167 -0.21246323717220506 1.99
      vertex -26.65798796474855 -0.8465793278353146 1.99
    endloop
  endfacet
  facet normal 0 0 -1
    outer loop
      vertex -26.940376845520447 -0.2207527402293863 1.99
      vertex -26.65798796474855 -0.8465793278353146 1.99
      vertex -26.68852097873046 -0.861330405200583 1.99
    endloop
  endfacet
  facet normal 0 0 -1
    outer loop
      vertex -26.972027298920146 -0.23387965706059433 1.99
      vertex -26.940376845520447 -0.2207527402293863 1.99
      vertex -26.68852097873046 -0.861330405200583 1.99
    endloop
  endfacet
  facet normal 0 0 -1
    outer loop
      vertex -26.972027298920146 -0.23387965706059433 1.99
      vertex -26.68852097873046 -0.861330405200583 1.99
      vertex -26.720199622185376 -0.8735938993541055 1.99
    endloop
  endfacet
  facet normal 0 0 -1
    outer loop
      vertex -26.972027298920146 -0.23387965706059433 1.99
      vertex -26.720199622185376 -0.8735938993541055 1.99
      vertex -26.752903258468052 -0.8833259473139137 1.99
    endloop
  endfacet
  facet normal 0 0 -1
    outer loop
      vertex -27.002602324233386 -0.24917756219047504 1.99
      vertex -26.972027298920146 -0.23387965706059433 1.99
      vertex -26.752903258468052 -0.8833259473139137 1.99
    endloop
  endfacet
  facet normal 0 0 -1
    outer loop
      vertex -27.031944249561285 -0.26655461778062417 1.99
      vertex -27.002602324233386 -0.24917756219047504 1.99
      vertex -26.752903258468052 -0.8833259473139137 1.99
    endloop
  endfacet
  facet normal 0 0 -1
    outer loop
      vertex -27.031944249561285 -0.26655461778062417 1.99
      vertex -26.752903258468052 -0.8833259473139137 1.99
      vertex -26.792773403438197 -0.8917100458916956 1.99
    endloop
  endfacet
  facet normal 0 0 -1
    outer loop
      vertex -27.06037143332928 -0.28620281737051556 1.99
      vertex -27.031944249561285 -0.26655461778062417 1.99
      vertex -26.792773403438197 -0.8917100458916956 1.99
    endloop
  endfacet
  facet normal 0 0 -1
    outer loop
      vertex -27.06037143332928 -0.28620281737051556 1.99
      vertex -26.792773403438197 -0.8917100458916956 1.99
      vertex -26.833331794776974 -0.8967798459294443 1.99
    endloop
  endfacet
  facet normal 0 0 -1
    outer loop
      vertex -27.087275240436206 -0.30759907077415605 1.99
      vertex -27.06037143332928 -0.28620281737051556 1.99
      vertex -26.833331794776974 -0.8967798459294443 1.99
    endloop
  endfacet
  facet normal 0 0 -1
    outer loop
      vertex -27.113308627582988 -0.3313969606235929 1.99
      vertex -27.087275240436206 -0.30759907077415605 1.99
      vertex -26.833331794776974 -0.8967798459294443 1.99
    endloop
  endfacet
  facet normal 0 0 -1
    outer loop
      vertex -27.113308627582988 -0.3313969606235929 1.99
      vertex -26.833331794776974 -0.8967798459294443 1.99
      vertex -26.873090444086372 -0.898425714621073 1.99
    endloop
  endfacet
  facet normal 0 0 -1
    outer loop
      vertex -27.113308627582988 -0.3313969606235929 1.99
      vertex -26.873090444086372 -0.898425714621073 1.99
      vertex -26.904632180421686 -0.8973856277407997 1.99
    endloop
  endfacet
  facet normal 0 0 -1
    outer loop
      vertex -27.113308627582988 -0.3313969606235929 1.99
      vertex -26.904632180421686 -0.8973856277407997 1.99
      vertex -26.93496592049349 -0.8943697384994067 1.99
    endloop
  endfacet
  facet normal 0 0 -1
    outer loop
      vertex -27.113308627582988 -0.3313969606235929 1.99
      vertex -26.93496592049349 -0.8943697384994067 1.99
      vertex -26.965082256313913 -0.8893576443808406 1.99
    endloop
  endfacet
  facet normal 0 0 -1
    outer loop
      vertex -27.137882835595676 -0.35745918915248254 1.99
      vertex -27.113308627582988 -0.3313969606235929 1.99
      vertex -26.965082256313913 -0.8893576443808406 1.99
    endloop
  endfacet
  facet normal 0 0 -1
    outer loop
      vertex -27.137882835595676 -0.35745918915248254 1.99
      vertex -26.965082256313913 -0.8893576443808406 1.99
      vertex -26.995489871196163 -0.8821923748577163 1.99
    endloop
  endfacet
  facet normal 0 0 -1
    outer loop
      vertex -27.137882835595676 -0.35745918915248254 1.99
      vertex -26.995489871196163 -0.8821923748577163 1.99
      vertex -27.019578574020308 -0.8746646553652226 1.99
    endloop
  endfacet
  facet normal 0 0 -1
    outer loop
      vertex -27.137882835595676 -0.35745918915248254 1.99
      vertex -27.019578574020308 -0.8746646553652226 1.99
      vertex -27.04365413303794 -0.8649506884490208 1.99
    endloop
  endfacet
  facet normal 0 0 -1
    outer loop
      vertex -27.137882835595676 -0.35745918915248254 1.99
      vertex -27.04365413303794 -0.8649506884490208 1.99
      vertex -27.06662017910677 -0.8535502786118485 1.99
    endloop
  endfacet
  facet normal 0 0 -1
    outer loop
      vertex -27.137882835595676 -0.35745918915248254 1.99
      vertex -27.06662017910677 -0.8535502786118485 1.99
      vertex -27.08897347147756 -0.8401887227624485 1.99
    endloop
  endfacet
  facet normal 0 0 -1
    outer loop
      vertex -27.137882835595676 -0.35745918915248254 1.99
      vertex -27.08897347147756 -0.8401887227624485 1.99
      vertex -27.110214723273174 -0.8250464444247747 1.99
    endloop
  endfacet
  facet normal 0 0 -1
    outer loop
      vertex -27.137882835595676 -0.35745918915248254 1.99
      vertex -27.110214723273174 -0.8250464444247747 1.99
      vertex -27.12992164013157 -0.8085274126696937 1.99
    endloop
  endfacet
  facet normal 0 0 -1
    outer loop
      vertex -27.137882835595676 -0.35745918915248254 1.99
      vertex -27.12992164013157 -0.8085274126696937 1.99
      vertex -27.14884521988315 -0.7899882816025716 1.99
    endloop
  endfacet
  facet normal 0 0 -1
    outer loop
      vertex -27.137882835595676 -0.35745918915248254 1.99
      vertex -27.14884521988315 -0.7899882816025716 1.99
      vertex -27.165067447501848 -0.7711555828662853 1.99
    endloop
  endfacet
  facet normal 0 0 -1
    outer loop
      vertex -27.137882835595676 -0.35745918915248254 1.99
      vertex -27.165067447501848 -0.7711555828662853 1.99
      vertex -27.179696008187726 -0.7510490986220759 1.99
    endloop
  endfacet
  facet normal 0 0 -1
    outer loop
      vertex -27.137882835595676 -0.35745918915248254 1.99
      vertex -27.179696008187726 -0.7510490986220759 1.99
      vertex -27.19262359882341 -0.7296904675626017 1.99
    endloop
  endfacet
  facet normal 0 0 -1
    outer loop
      vertex -27.137882835595676 -0.35745918915248254 1.99
      vertex -27.19262359882341 -0.7296904675626017 1.99
      vertex -27.203709021897502 -0.7073950648568896 1.99
    endloop
  endfacet
  facet normal 0 0 -1
    outer loop
      vertex -27.137882835595676 -0.35745918915248254 1.99
      vertex -27.203709021897502 -0.7073950648568896 1.99
      vertex -27.212891597197604 -0.684219995141838 1.99
    endloop
  endfacet
  facet normal 0 0 -1
    outer loop
      vertex -27.137882835595676 -0.35745918915248254 1.99
      vertex -27.212891597197604 -0.684219995141838 1.99
      vertex -27.22014817199483 -0.66026079358166 1.99
    endloop
  endfacet
  facet normal 0 0 -1
    outer loop
      vertex -27.16079355398479 -0.3860807895154892 1.99
      vertex -27.137882835595676 -0.35745918915248254 1.99
      vertex -27.22014817199483 -0.66026079358166 1.99
    endloop
  endfacet
  facet normal 0 0 -1
    outer loop
      vertex -27.16079355398479 -0.3860807895154892 1.99
      vertex -27.22014817199483 -0.66026079358166 1.99
      vertex -27.225356251270867 -0.6357263441458265 1.99
    endloop
  endfacet
  facet normal 0 0 -1
    outer loop
      vertex -27.18120899872448 -0.41630277996881304 1.99
      vertex -27.16079355398479 -0.3860807895154892 1.99
      vertex -27.225356251270867 -0.6357263441458265 1.99
    endloop
  endfacet
  facet normal 0 0 -1
    outer loop
      vertex -27.193790994714874 -0.438556346872808 1.99
      vertex -27.18120899872448 -0.41630277996881304 1.99
      vertex -27.225356251270867 -0.6357263441458265 1.99
    endloop
  endfacet
  facet normal 0 0 -1
    outer loop
      vertex -27.193790994714874 -0.438556346872808 1.99
      vertex -27.225356251270867 -0.6357263441458265 1.99
      vertex -27.228469243492 -0.611071425378082 1.99
    endloop
  endfacet
  facet normal 0 0 -1
    outer loop
      vertex -27.193790994714874 -0.438556346872808 1.99
      vertex -27.228469243492 -0.611071425378082 1.99
      vertex -27.22952086752266 -0.5863273159078268 1.99
    endloop
  endfacet
  facet normal 0 0 -1
    outer loop
      vertex -27.193790994714874 -0.438556346872808 1.99
      vertex -27.22952086752266 -0.5863273159078268 1.99
      vertex -27.228474241230785 -0.5603891225761828 1.99
    endloop
  endfacet
  facet normal 0 0 -1
    outer loop
      vertex -27.193790994714874 -0.438556346872808 1.99
      vertex -27.228474241230785 -0.5603891225761828 1.99
      vertex -27.225453464049977 -0.5352011816343136 1.99
    endloop
  endfacet
  facet normal 0 0 -1
    outer loop
      vertex -27.193790994714874 -0.438556346872808 1.99
      vertex -27.225453464049977 -0.5352011816343136 1.99
      vertex -27.220467703854382 -0.5102723716931123 1.99
    endloop
  endfacet
  facet normal 0 0 -1
    outer loop
      vertex -27.213478366538027 -0.48567528657035197 1.99
      vertex -27.204567850181036 -0.4617198786905341 1.99
      vertex -27.193790994714874 -0.438556346872808 1.99
    endloop
  endfacet
  facet normal 0 0 -1
    outer loop
      vertex -27.213478366538027 -0.48567528657035197 1.99
      vertex -27.193790994714874 -0.438556346872808 1.99
      vertex -27.220467703854382 -0.5102723716931123 1.99
    endloop
  endfacet
endsolid OpenSCAD_Model
